2025-12-10 20:00:37 - Docker daemon unreachable. Restarting Docker Desktop...
2025-12-10 20:00:37 - Docker daemon unreachable. Restarting Docker Desktop...
2025-12-10 20:00:40 - Waiting for Docker Desktop to become available...
2025-12-10 20:00:40 - Waiting for Docker Desktop to become available...
2025-12-11 13:26:02 - Docker daemon unreachable/unhealthy. Restarting Docker Desktop...
2025-12-11 13:26:02 - Docker daemon unreachable/unhealthy. Restarting Docker Desktop...
2025-12-11 13:26:06 - Waiting for Docker Desktop to become available...
2025-12-11 13:26:06 - Waiting for Docker Desktop to become available...
2025-12-11 13:26:09 - Docker Desktop is ready.
2025-12-11 13:26:09 - Docker Desktop is ready.
2025-12-11 13:26:11 - Service vinted-notifications is not running; attempting to start it.
2025-12-11 13:26:11 - Service vinted-notifications is not running; attempting to start it.
2025-12-11 13:26:11 - Ensuring compose stack is running...
2025-12-11 13:26:11 - Ensuring compose stack is running...
2025-12-11 13:26:11 - Service vinted-notifications is not running; attempting to start it.
2025-12-11 13:26:11 - Service vinted-notifications is not running; attempting to start it.
2025-12-11 13:26:11 - Ensuring compose stack is running...
2025-12-11 13:26:11 - Ensuring compose stack is running...
2025-12-11 13:26:21 - Service vinted-notifications is not running; attempting to start it.
2025-12-11 13:26:21 - Service vinted-notifications is not running; attempting to start it.
2025-12-11 13:26:21 - Ensuring compose stack is running...
2025-12-11 13:26:21 - Ensuring compose stack is running...
2025-12-11 13:26:32 - Service vinted-notifications is not running; attempting to start it.
2025-12-11 13:26:32 - Service vinted-notifications is not running; attempting to start it.
2025-12-11 13:26:32 - Ensuring compose stack is running...
2025-12-11 13:26:32 - Ensuring compose stack is running...
2025-12-11 13:26:42 - Service vinted-notifications is not running; attempting to start it.
2025-12-11 13:26:42 - Service vinted-notifications is not running; attempting to start it.
2025-12-11 13:26:42 - Ensuring compose stack is running...
2025-12-11 13:26:42 - Ensuring compose stack is running...
2025-12-11 13:26:52 - Service vinted-notifications is not running; attempting to start it.
2025-12-11 13:26:52 - Service vinted-notifications is not running; attempting to start it.
2025-12-11 13:26:52 - Ensuring compose stack is running...
2025-12-11 13:26:52 - Ensuring compose stack is running...
2025-12-11 13:27:03 - Service vinted-notifications is not running; attempting to start it.
2025-12-11 13:27:03 - Service vinted-notifications is not running; attempting to start it.
2025-12-11 13:27:03 - Ensuring compose stack is running...
2025-12-11 13:27:03 - Ensuring compose stack is running...
2025-12-11 13:27:12 - Service vinted-notifications is not running; attempting to start it.
2025-12-11 13:27:12 - Service vinted-notifications is not running; attempting to start it.
2025-12-11 13:27:12 - Ensuring compose stack is running...
2025-12-11 13:27:12 - Ensuring compose stack is running...
2025-12-11 13:27:23 - Service vinted-notifications is not running; attempting to start it.
2025-12-11 13:27:23 - Service vinted-notifications is not running; attempting to start it.
2025-12-11 13:27:23 - Ensuring compose stack is running...
2025-12-11 13:27:23 - Ensuring compose stack is running...
2025-12-11 13:27:33 - Service vinted-notifications is not running; attempting to start it.
2025-12-11 13:27:33 - Service vinted-notifications is not running; attempting to start it.
2025-12-11 13:27:33 - Ensuring compose stack is running...
2025-12-11 13:27:33 - Ensuring compose stack is running...
2025-12-11 13:27:44 - Service vinted-notifications is not running; attempting to start it.
2025-12-11 13:27:44 - Service vinted-notifications is not running; attempting to start it.
2025-12-11 13:27:44 - Ensuring compose stack is running...
2025-12-11 13:27:44 - Ensuring compose stack is running...
2025-12-11 13:27:54 - Service vinted-notifications is not running; attempting to start it.
2025-12-11 13:27:54 - Service vinted-notifications is not running; attempting to start it.
2025-12-11 13:27:54 - Ensuring compose stack is running...
2025-12-11 13:27:54 - Ensuring compose stack is running...
2025-12-11 13:28:06 - Service vinted-notifications is not running; attempting to start it.
2025-12-11 13:28:06 - Service vinted-notifications is not running; attempting to start it.
2025-12-11 13:28:06 - Ensuring compose stack is running...
2025-12-11 13:28:06 - Ensuring compose stack is running...
2025-12-11 13:28:15 - Service vinted-notifications is not running; attempting to start it.
2025-12-11 13:28:15 - Service vinted-notifications is not running; attempting to start it.
2025-12-11 13:28:15 - Ensuring compose stack is running...
2025-12-11 13:28:15 - Ensuring compose stack is running...
2025-12-11 13:28:25 - Service vinted-notifications is not running; attempting to start it.
2025-12-11 13:28:25 - Service vinted-notifications is not running; attempting to start it.
2025-12-11 13:28:25 - Ensuring compose stack is running...
2025-12-11 13:28:25 - Ensuring compose stack is running...
2025-12-11 13:28:35 - Service vinted-notifications is not running; attempting to start it.
2025-12-11 13:28:35 - Service vinted-notifications is not running; attempting to start it.
2025-12-11 13:28:35 - Ensuring compose stack is running...
2025-12-11 13:28:35 - Ensuring compose stack is running...
2025-12-11 13:28:45 - Service vinted-notifications is not running; attempting to start it.
2025-12-11 13:28:45 - Service vinted-notifications is not running; attempting to start it.
2025-12-11 13:28:45 - Ensuring compose stack is running...
2025-12-11 13:28:45 - Ensuring compose stack is running...
2025-12-11 13:28:55 - Service vinted-notifications is not running; attempting to start it.
2025-12-11 13:28:55 - Service vinted-notifications is not running; attempting to start it.
2025-12-11 13:28:55 - Ensuring compose stack is running...
2025-12-11 13:28:55 - Ensuring compose stack is running...
2025-12-11 13:29:06 - Service vinted-notifications is not running; attempting to start it.
2025-12-11 13:29:06 - Service vinted-notifications is not running; attempting to start it.
2025-12-11 13:29:06 - Ensuring compose stack is running...
2025-12-11 13:29:06 - Ensuring compose stack is running...
2025-12-11 13:29:16 - Service vinted-notifications is not running; attempting to start it.
2025-12-11 13:29:16 - Service vinted-notifications is not running; attempting to start it.
2025-12-11 13:29:16 - Ensuring compose stack is running...
2025-12-11 13:29:16 - Ensuring compose stack is running...
2025-12-11 13:29:27 - Service vinted-notifications is not running; attempting to start it.
2025-12-11 13:29:27 - Service vinted-notifications is not running; attempting to start it.
2025-12-11 13:29:27 - Ensuring compose stack is running...
2025-12-11 13:29:27 - Ensuring compose stack is running...
2025-12-11 13:29:37 - Service vinted-notifications is not running; attempting to start it.
2025-12-11 13:29:37 - Service vinted-notifications is not running; attempting to start it.
2025-12-11 13:29:37 - Ensuring compose stack is running...
2025-12-11 13:29:37 - Ensuring compose stack is running...
2025-12-11 13:29:47 - Service vinted-notifications is not running; attempting to start it.
2025-12-11 13:29:47 - Service vinted-notifications is not running; attempting to start it.
2025-12-11 13:29:47 - Ensuring compose stack is running...
2025-12-11 13:29:47 - Ensuring compose stack is running...
2025-12-11 13:29:58 - Service vinted-notifications is not running; attempting to start it.
2025-12-11 13:29:58 - Service vinted-notifications is not running; attempting to start it.
2025-12-11 13:29:58 - Ensuring compose stack is running...
2025-12-11 13:29:58 - Ensuring compose stack is running...
2025-12-11 13:30:08 - Service vinted-notifications is not running; attempting to start it.
2025-12-11 13:30:08 - Service vinted-notifications is not running; attempting to start it.
2025-12-11 13:30:08 - Ensuring compose stack is running...
2025-12-11 13:30:08 - Ensuring compose stack is running...
2025-12-11 13:30:18 - Service vinted-notifications is not running; attempting to start it.
2025-12-11 13:30:18 - Service vinted-notifications is not running; attempting to start it.
2025-12-11 13:30:18 - Ensuring compose stack is running...
2025-12-11 13:30:18 - Ensuring compose stack is running...
2025-12-11 13:30:28 - Service vinted-notifications is not running; attempting to start it.
2025-12-11 13:30:28 - Service vinted-notifications is not running; attempting to start it.
2025-12-11 13:30:28 - Ensuring compose stack is running...
2025-12-11 13:30:28 - Ensuring compose stack is running...
2025-12-11 13:30:38 - Service vinted-notifications is not running; attempting to start it.
2025-12-11 13:30:38 - Service vinted-notifications is not running; attempting to start it.
2025-12-11 13:30:38 - Ensuring compose stack is running...
2025-12-11 13:30:38 - Ensuring compose stack is running...
2025-12-11 13:30:48 - Service vinted-notifications is not running; attempting to start it.
2025-12-11 13:30:48 - Service vinted-notifications is not running; attempting to start it.
2025-12-11 13:30:48 - Ensuring compose stack is running...
2025-12-11 13:30:48 - Ensuring compose stack is running...
2025-12-11 13:30:58 - Service vinted-notifications is not running; attempting to start it.
2025-12-11 13:30:58 - Service vinted-notifications is not running; attempting to start it.
2025-12-11 13:30:58 - Ensuring compose stack is running...
2025-12-11 13:30:58 - Ensuring compose stack is running...
2025-12-11 13:31:09 - Service vinted-notifications is not running; attempting to start it.
2025-12-11 13:31:09 - Service vinted-notifications is not running; attempting to start it.
2025-12-11 13:31:09 - Ensuring compose stack is running...
2025-12-11 13:31:09 - Ensuring compose stack is running...
2025-12-11 13:31:19 - Service vinted-notifications is not running; attempting to start it.
2025-12-11 13:31:19 - Service vinted-notifications is not running; attempting to start it.
2025-12-11 13:31:19 - Ensuring compose stack is running...
2025-12-11 13:31:19 - Ensuring compose stack is running...
2025-12-11 13:31:29 - Service vinted-notifications is not running; attempting to start it.
2025-12-11 13:31:29 - Service vinted-notifications is not running; attempting to start it.
2025-12-11 13:31:29 - Ensuring compose stack is running...
2025-12-11 13:31:29 - Ensuring compose stack is running...
2025-12-11 13:31:39 - Service vinted-notifications is not running; attempting to start it.
2025-12-11 13:31:39 - Service vinted-notifications is not running; attempting to start it.
2025-12-11 13:31:39 - Ensuring compose stack is running...
2025-12-11 13:31:39 - Ensuring compose stack is running...
2025-12-11 13:31:50 - Service vinted-notifications is not running; attempting to start it.
2025-12-11 13:31:50 - Service vinted-notifications is not running; attempting to start it.
2025-12-11 13:31:50 - Ensuring compose stack is running...
2025-12-11 13:31:50 - Ensuring compose stack is running...
2025-12-11 13:32:00 - Service vinted-notifications is not running; attempting to start it.
2025-12-11 13:32:00 - Service vinted-notifications is not running; attempting to start it.
2025-12-11 13:32:00 - Ensuring compose stack is running...
2025-12-11 13:32:00 - Ensuring compose stack is running...
2025-12-11 13:32:10 - Service vinted-notifications is not running; attempting to start it.
2025-12-11 13:32:10 - Service vinted-notifications is not running; attempting to start it.
2025-12-11 13:32:10 - Ensuring compose stack is running...
2025-12-11 13:32:10 - Ensuring compose stack is running...
2025-12-11 13:32:20 - Service vinted-notifications is not running; attempting to start it.
2025-12-11 13:32:20 - Service vinted-notifications is not running; attempting to start it.
2025-12-11 13:32:20 - Ensuring compose stack is running...
2025-12-11 13:32:20 - Ensuring compose stack is running...
2025-12-11 13:32:30 - Service vinted-notifications is not running; attempting to start it.
2025-12-11 13:32:30 - Service vinted-notifications is not running; attempting to start it.
2025-12-11 13:32:30 - Ensuring compose stack is running...
2025-12-11 13:32:30 - Ensuring compose stack is running...
2025-12-11 13:32:41 - Service vinted-notifications is not running; attempting to start it.
2025-12-11 13:32:41 - Service vinted-notifications is not running; attempting to start it.
2025-12-11 13:32:41 - Ensuring compose stack is running...
2025-12-11 13:32:41 - Ensuring compose stack is running...
2025-12-11 13:32:51 - Service vinted-notifications is not running; attempting to start it.
2025-12-11 13:32:51 - Service vinted-notifications is not running; attempting to start it.
2025-12-11 13:32:51 - Ensuring compose stack is running...
2025-12-11 13:32:51 - Ensuring compose stack is running...
2025-12-11 13:33:01 - Service vinted-notifications is not running; attempting to start it.
2025-12-11 13:33:01 - Service vinted-notifications is not running; attempting to start it.
2025-12-11 13:33:01 - Ensuring compose stack is running...
2025-12-11 13:33:01 - Ensuring compose stack is running...
2025-12-11 13:33:11 - Service vinted-notifications is not running; attempting to start it.
2025-12-11 13:33:11 - Service vinted-notifications is not running; attempting to start it.
2025-12-11 13:33:11 - Ensuring compose stack is running...
2025-12-11 13:33:11 - Ensuring compose stack is running...
2025-12-11 13:33:21 - Service vinted-notifications is not running; attempting to start it.
2025-12-11 13:33:21 - Service vinted-notifications is not running; attempting to start it.
2025-12-11 13:33:21 - Ensuring compose stack is running...
2025-12-11 13:33:21 - Ensuring compose stack is running...
2025-12-11 13:33:31 - Service vinted-notifications is not running; attempting to start it.
2025-12-11 13:33:31 - Service vinted-notifications is not running; attempting to start it.
2025-12-11 13:33:31 - Ensuring compose stack is running...
2025-12-11 13:33:31 - Ensuring compose stack is running...
2025-12-11 13:33:41 - Service vinted-notifications is not running; attempting to start it.
2025-12-11 13:33:41 - Service vinted-notifications is not running; attempting to start it.
2025-12-11 13:33:41 - Ensuring compose stack is running...
2025-12-11 13:33:41 - Ensuring compose stack is running...
2025-12-11 13:33:51 - Service vinted-notifications is not running; attempting to start it.
2025-12-11 13:33:51 - Service vinted-notifications is not running; attempting to start it.
2025-12-11 13:33:51 - Ensuring compose stack is running...
2025-12-11 13:33:51 - Ensuring compose stack is running...
2025-12-11 13:34:02 - Service vinted-notifications is not running; attempting to start it.
2025-12-11 13:34:02 - Service vinted-notifications is not running; attempting to start it.
2025-12-11 13:34:02 - Ensuring compose stack is running...
2025-12-11 13:34:02 - Ensuring compose stack is running...
2025-12-11 13:34:12 - Service vinted-notifications is not running; attempting to start it.
2025-12-11 13:34:12 - Service vinted-notifications is not running; attempting to start it.
2025-12-11 13:34:12 - Ensuring compose stack is running...
2025-12-11 13:34:12 - Ensuring compose stack is running...
2025-12-11 13:34:22 - Service vinted-notifications is not running; attempting to start it.
2025-12-11 13:34:22 - Service vinted-notifications is not running; attempting to start it.
2025-12-11 13:34:22 - Ensuring compose stack is running...
2025-12-11 13:34:22 - Ensuring compose stack is running...
2025-12-11 13:34:32 - Service vinted-notifications is not running; attempting to start it.
2025-12-11 13:34:32 - Service vinted-notifications is not running; attempting to start it.
2025-12-11 13:34:32 - Ensuring compose stack is running...
2025-12-11 13:34:32 - Ensuring compose stack is running...
2025-12-11 13:34:42 - Service vinted-notifications is not running; attempting to start it.
2025-12-11 13:34:42 - Service vinted-notifications is not running; attempting to start it.
2025-12-11 13:34:42 - Ensuring compose stack is running...
2025-12-11 13:34:42 - Ensuring compose stack is running...
2025-12-11 13:34:52 - Service vinted-notifications is not running; attempting to start it.
2025-12-11 13:34:52 - Service vinted-notifications is not running; attempting to start it.
2025-12-11 13:34:52 - Ensuring compose stack is running...
2025-12-11 13:34:52 - Ensuring compose stack is running...
2025-12-11 13:35:02 - Service vinted-notifications is not running; attempting to start it.
2025-12-11 13:35:02 - Service vinted-notifications is not running; attempting to start it.
2025-12-11 13:35:02 - Ensuring compose stack is running...
2025-12-11 13:35:02 - Ensuring compose stack is running...
2025-12-11 13:35:13 - Service vinted-notifications is not running; attempting to start it.
2025-12-11 13:35:13 - Service vinted-notifications is not running; attempting to start it.
2025-12-11 13:35:13 - Ensuring compose stack is running...
2025-12-11 13:35:13 - Ensuring compose stack is running...
2025-12-11 13:35:23 - Service vinted-notifications is not running; attempting to start it.
2025-12-11 13:35:23 - Service vinted-notifications is not running; attempting to start it.
2025-12-11 13:35:23 - Ensuring compose stack is running...
2025-12-11 13:35:23 - Ensuring compose stack is running...
2025-12-11 13:35:33 - Service vinted-notifications is not running; attempting to start it.
2025-12-11 13:35:33 - Service vinted-notifications is not running; attempting to start it.
2025-12-11 13:35:33 - Ensuring compose stack is running...
2025-12-11 13:35:33 - Ensuring compose stack is running...
2025-12-11 13:35:43 - Service vinted-notifications is not running; attempting to start it.
2025-12-11 13:35:43 - Service vinted-notifications is not running; attempting to start it.
2025-12-11 13:35:43 - Ensuring compose stack is running...
2025-12-11 13:35:43 - Ensuring compose stack is running...
2025-12-11 13:35:53 - Service vinted-notifications is not running; attempting to start it.
2025-12-11 13:35:53 - Service vinted-notifications is not running; attempting to start it.
2025-12-11 13:35:53 - Ensuring compose stack is running...
2025-12-11 13:35:53 - Ensuring compose stack is running...
2025-12-11 13:36:03 - Service vinted-notifications is not running; attempting to start it.
2025-12-11 13:36:03 - Service vinted-notifications is not running; attempting to start it.
2025-12-11 13:36:03 - Ensuring compose stack is running...
2025-12-11 13:36:03 - Ensuring compose stack is running...
2025-12-11 13:36:13 - Service vinted-notifications is not running; attempting to start it.
2025-12-11 13:36:13 - Service vinted-notifications is not running; attempting to start it.
2025-12-11 13:36:13 - Ensuring compose stack is running...
2025-12-11 13:36:13 - Ensuring compose stack is running...
2025-12-11 13:36:23 - Service vinted-notifications is not running; attempting to start it.
2025-12-11 13:36:23 - Service vinted-notifications is not running; attempting to start it.
2025-12-11 13:36:23 - Ensuring compose stack is running...
2025-12-11 13:36:23 - Ensuring compose stack is running...
2025-12-11 13:36:34 - Service vinted-notifications is not running; attempting to start it.
2025-12-11 13:36:34 - Service vinted-notifications is not running; attempting to start it.
2025-12-11 13:36:34 - Ensuring compose stack is running...
2025-12-11 13:36:34 - Ensuring compose stack is running...
2025-12-11 13:36:44 - Service vinted-notifications is not running; attempting to start it.
2025-12-11 13:36:44 - Service vinted-notifications is not running; attempting to start it.
2025-12-11 13:36:44 - Ensuring compose stack is running...
2025-12-11 13:36:44 - Ensuring compose stack is running...
2025-12-11 13:36:54 - Service vinted-notifications is not running; attempting to start it.
2025-12-11 13:36:54 - Service vinted-notifications is not running; attempting to start it.
2025-12-11 13:36:54 - Ensuring compose stack is running...
2025-12-11 13:36:54 - Ensuring compose stack is running...
2025-12-11 13:37:04 - Service vinted-notifications is not running; attempting to start it.
2025-12-11 13:37:04 - Service vinted-notifications is not running; attempting to start it.
2025-12-11 13:37:04 - Ensuring compose stack is running...
2025-12-11 13:37:04 - Ensuring compose stack is running...
2025-12-11 13:37:14 - Service vinted-notifications is not running; attempting to start it.
2025-12-11 13:37:14 - Service vinted-notifications is not running; attempting to start it.
2025-12-11 13:37:14 - Ensuring compose stack is running...
2025-12-11 13:37:14 - Ensuring compose stack is running...
2025-12-11 13:37:24 - Service vinted-notifications is not running; attempting to start it.
2025-12-11 13:37:24 - Service vinted-notifications is not running; attempting to start it.
2025-12-11 13:37:24 - Ensuring compose stack is running...
2025-12-11 13:37:24 - Ensuring compose stack is running...
2025-12-11 13:37:34 - Service vinted-notifications is not running; attempting to start it.
2025-12-11 13:37:34 - Service vinted-notifications is not running; attempting to start it.
2025-12-11 13:37:34 - Ensuring compose stack is running...
2025-12-11 13:37:34 - Ensuring compose stack is running...
2025-12-11 13:37:44 - Service vinted-notifications is not running; attempting to start it.
2025-12-11 13:37:44 - Service vinted-notifications is not running; attempting to start it.
2025-12-11 13:37:44 - Ensuring compose stack is running...
2025-12-11 13:37:44 - Ensuring compose stack is running...
2025-12-11 13:37:54 - Service vinted-notifications is not running; attempting to start it.
2025-12-11 13:37:54 - Service vinted-notifications is not running; attempting to start it.
2025-12-11 13:37:54 - Ensuring compose stack is running...
2025-12-11 13:37:54 - Ensuring compose stack is running...
2025-12-11 13:38:05 - Service vinted-notifications is not running; attempting to start it.
2025-12-11 13:38:05 - Service vinted-notifications is not running; attempting to start it.
2025-12-11 13:38:05 - Ensuring compose stack is running...
2025-12-11 13:38:05 - Ensuring compose stack is running...
2025-12-11 13:38:15 - Service vinted-notifications is not running; attempting to start it.
2025-12-11 13:38:15 - Service vinted-notifications is not running; attempting to start it.
2025-12-11 13:38:15 - Ensuring compose stack is running...
2025-12-11 13:38:15 - Ensuring compose stack is running...
2025-12-11 13:38:25 - Service vinted-notifications is not running; attempting to start it.
2025-12-11 13:38:25 - Service vinted-notifications is not running; attempting to start it.
2025-12-11 13:38:25 - Ensuring compose stack is running...
2025-12-11 13:38:25 - Ensuring compose stack is running...
2025-12-11 13:38:35 - Service vinted-notifications is not running; attempting to start it.
2025-12-11 13:38:35 - Service vinted-notifications is not running; attempting to start it.
2025-12-11 13:38:35 - Ensuring compose stack is running...
2025-12-11 13:38:35 - Ensuring compose stack is running...
2025-12-11 13:38:45 - Service vinted-notifications is not running; attempting to start it.
2025-12-11 13:38:45 - Service vinted-notifications is not running; attempting to start it.
2025-12-11 13:38:45 - Ensuring compose stack is running...
2025-12-11 13:38:45 - Ensuring compose stack is running...
2025-12-11 13:38:56 - Service vinted-notifications is not running; attempting to start it.
2025-12-11 13:38:56 - Service vinted-notifications is not running; attempting to start it.
2025-12-11 13:38:56 - Ensuring compose stack is running...
2025-12-11 13:38:56 - Ensuring compose stack is running...
2025-12-11 13:39:06 - Service vinted-notifications is not running; attempting to start it.
2025-12-11 13:39:06 - Service vinted-notifications is not running; attempting to start it.
2025-12-11 13:39:06 - Ensuring compose stack is running...
2025-12-11 13:39:06 - Ensuring compose stack is running...
2025-12-11 13:39:16 - Service vinted-notifications is not running; attempting to start it.
2025-12-11 13:39:16 - Service vinted-notifications is not running; attempting to start it.
2025-12-11 13:39:16 - Ensuring compose stack is running...
2025-12-11 13:39:16 - Ensuring compose stack is running...
2025-12-11 13:39:27 - Service vinted-notifications is not running; attempting to start it.
2025-12-11 13:39:27 - Service vinted-notifications is not running; attempting to start it.
2025-12-11 13:39:27 - Ensuring compose stack is running...
2025-12-11 13:39:27 - Ensuring compose stack is running...
2025-12-11 13:39:37 - Service vinted-notifications is not running; attempting to start it.
2025-12-11 13:39:37 - Service vinted-notifications is not running; attempting to start it.
2025-12-11 13:39:37 - Ensuring compose stack is running...
2025-12-11 13:39:37 - Ensuring compose stack is running...
2025-12-11 13:39:47 - Service vinted-notifications is not running; attempting to start it.
2025-12-11 13:39:47 - Service vinted-notifications is not running; attempting to start it.
2025-12-11 13:39:47 - Ensuring compose stack is running...
2025-12-11 13:39:47 - Ensuring compose stack is running...
2025-12-11 13:39:57 - Service vinted-notifications is not running; attempting to start it.
2025-12-11 13:39:57 - Service vinted-notifications is not running; attempting to start it.
2025-12-11 13:39:57 - Ensuring compose stack is running...
2025-12-11 13:39:57 - Ensuring compose stack is running...
2025-12-11 13:40:07 - Service vinted-notifications is not running; attempting to start it.
2025-12-11 13:40:07 - Service vinted-notifications is not running; attempting to start it.
2025-12-11 13:40:07 - Ensuring compose stack is running...
2025-12-11 13:40:07 - Ensuring compose stack is running...
2025-12-11 13:40:17 - Service vinted-notifications is not running; attempting to start it.
2025-12-11 13:40:17 - Service vinted-notifications is not running; attempting to start it.
2025-12-11 13:40:17 - Ensuring compose stack is running...
2025-12-11 13:40:17 - Ensuring compose stack is running...
2025-12-11 13:40:27 - Service vinted-notifications is not running; attempting to start it.
2025-12-11 13:40:27 - Service vinted-notifications is not running; attempting to start it.
2025-12-11 13:40:27 - Ensuring compose stack is running...
2025-12-11 13:40:27 - Ensuring compose stack is running...
2025-12-11 13:40:37 - Service vinted-notifications is not running; attempting to start it.
2025-12-11 13:40:37 - Service vinted-notifications is not running; attempting to start it.
2025-12-11 13:40:37 - Ensuring compose stack is running...
2025-12-11 13:40:37 - Ensuring compose stack is running...
2025-12-11 13:40:48 - Service vinted-notifications is not running; attempting to start it.
2025-12-11 13:40:48 - Service vinted-notifications is not running; attempting to start it.
2025-12-11 13:40:48 - Ensuring compose stack is running...
2025-12-11 13:40:48 - Ensuring compose stack is running...
2025-12-11 13:40:58 - Service vinted-notifications is not running; attempting to start it.
2025-12-11 13:40:58 - Service vinted-notifications is not running; attempting to start it.
2025-12-11 13:40:58 - Ensuring compose stack is running...
2025-12-11 13:40:58 - Ensuring compose stack is running...
2025-12-11 13:41:08 - Service vinted-notifications is not running; attempting to start it.
2025-12-11 13:41:08 - Service vinted-notifications is not running; attempting to start it.
2025-12-11 13:41:08 - Ensuring compose stack is running...
2025-12-11 13:41:08 - Ensuring compose stack is running...
2025-12-11 13:41:18 - Service vinted-notifications is not running; attempting to start it.
2025-12-11 13:41:18 - Service vinted-notifications is not running; attempting to start it.
2025-12-11 13:41:18 - Ensuring compose stack is running...
2025-12-11 13:41:18 - Ensuring compose stack is running...
2025-12-11 13:41:28 - Service vinted-notifications is not running; attempting to start it.
2025-12-11 13:41:28 - Service vinted-notifications is not running; attempting to start it.
2025-12-11 13:41:28 - Ensuring compose stack is running...
2025-12-11 13:41:28 - Ensuring compose stack is running...
2025-12-11 13:41:38 - Service vinted-notifications is not running; attempting to start it.
2025-12-11 13:41:38 - Service vinted-notifications is not running; attempting to start it.
2025-12-11 13:41:38 - Ensuring compose stack is running...
2025-12-11 13:41:38 - Ensuring compose stack is running...
2025-12-11 13:41:48 - Service vinted-notifications is not running; attempting to start it.
2025-12-11 13:41:48 - Service vinted-notifications is not running; attempting to start it.
2025-12-11 13:41:48 - Ensuring compose stack is running...
2025-12-11 13:41:48 - Ensuring compose stack is running...
2025-12-11 13:41:58 - Service vinted-notifications is not running; attempting to start it.
2025-12-11 13:41:58 - Service vinted-notifications is not running; attempting to start it.
2025-12-11 13:41:58 - Ensuring compose stack is running...
2025-12-11 13:41:58 - Ensuring compose stack is running...
2025-12-11 13:42:09 - Service vinted-notifications is not running; attempting to start it.
2025-12-11 13:42:09 - Service vinted-notifications is not running; attempting to start it.
2025-12-11 13:42:09 - Ensuring compose stack is running...
2025-12-11 13:42:09 - Ensuring compose stack is running...
2025-12-11 13:42:19 - Service vinted-notifications is not running; attempting to start it.
2025-12-11 13:42:19 - Service vinted-notifications is not running; attempting to start it.
2025-12-11 13:42:19 - Ensuring compose stack is running...
2025-12-11 13:42:19 - Ensuring compose stack is running...
2025-12-11 13:42:29 - Service vinted-notifications is not running; attempting to start it.
2025-12-11 13:42:29 - Service vinted-notifications is not running; attempting to start it.
2025-12-11 13:42:29 - Ensuring compose stack is running...
2025-12-11 13:42:29 - Ensuring compose stack is running...
2025-12-11 13:42:39 - Service vinted-notifications is not running; attempting to start it.
2025-12-11 13:42:39 - Service vinted-notifications is not running; attempting to start it.
2025-12-11 13:42:39 - Ensuring compose stack is running...
2025-12-11 13:42:39 - Ensuring compose stack is running...
2025-12-11 13:42:49 - Service vinted-notifications is not running; attempting to start it.
2025-12-11 13:42:49 - Service vinted-notifications is not running; attempting to start it.
2025-12-11 13:42:49 - Ensuring compose stack is running...
2025-12-11 13:42:49 - Ensuring compose stack is running...
2025-12-11 13:42:59 - Service vinted-notifications is not running; attempting to start it.
2025-12-11 13:42:59 - Service vinted-notifications is not running; attempting to start it.
2025-12-11 13:42:59 - Ensuring compose stack is running...
2025-12-11 13:42:59 - Ensuring compose stack is running...
2025-12-11 13:43:10 - Service vinted-notifications is not running; attempting to start it.
2025-12-11 13:43:10 - Service vinted-notifications is not running; attempting to start it.
2025-12-11 13:43:10 - Ensuring compose stack is running...
2025-12-11 13:43:10 - Ensuring compose stack is running...
2025-12-11 13:43:20 - Service vinted-notifications is not running; attempting to start it.
2025-12-11 13:43:20 - Service vinted-notifications is not running; attempting to start it.
2025-12-11 13:43:20 - Ensuring compose stack is running...
2025-12-11 13:43:20 - Ensuring compose stack is running...
2025-12-11 13:43:30 - Service vinted-notifications is not running; attempting to start it.
2025-12-11 13:43:30 - Service vinted-notifications is not running; attempting to start it.
2025-12-11 13:43:30 - Ensuring compose stack is running...
2025-12-11 13:43:30 - Ensuring compose stack is running...
2025-12-11 13:43:40 - Service vinted-notifications is not running; attempting to start it.
2025-12-11 13:43:40 - Service vinted-notifications is not running; attempting to start it.
2025-12-11 13:43:40 - Ensuring compose stack is running...
2025-12-11 13:43:40 - Ensuring compose stack is running...
2025-12-11 13:43:50 - Service vinted-notifications is not running; attempting to start it.
2025-12-11 13:43:50 - Service vinted-notifications is not running; attempting to start it.
2025-12-11 13:43:50 - Ensuring compose stack is running...
2025-12-11 13:43:50 - Ensuring compose stack is running...
2025-12-11 13:44:01 - Service vinted-notifications is not running; attempting to start it.
2025-12-11 13:44:01 - Service vinted-notifications is not running; attempting to start it.
2025-12-11 13:44:01 - Ensuring compose stack is running...
2025-12-11 13:44:01 - Ensuring compose stack is running...
2025-12-11 13:44:11 - Service vinted-notifications is not running; attempting to start it.
2025-12-11 13:44:11 - Service vinted-notifications is not running; attempting to start it.
2025-12-11 13:44:11 - Ensuring compose stack is running...
2025-12-11 13:44:11 - Ensuring compose stack is running...
2025-12-11 13:44:21 - Service vinted-notifications is not running; attempting to start it.
2025-12-11 13:44:21 - Service vinted-notifications is not running; attempting to start it.
2025-12-11 13:44:21 - Ensuring compose stack is running...
2025-12-11 13:44:21 - Ensuring compose stack is running...
2025-12-11 13:44:32 - Service vinted-notifications is not running; attempting to start it.
2025-12-11 13:44:32 - Service vinted-notifications is not running; attempting to start it.
2025-12-11 13:44:32 - Ensuring compose stack is running...
2025-12-11 13:44:32 - Ensuring compose stack is running...
2025-12-11 13:44:42 - Service vinted-notifications is not running; attempting to start it.
2025-12-11 13:44:42 - Service vinted-notifications is not running; attempting to start it.
2025-12-11 13:44:42 - Ensuring compose stack is running...
2025-12-11 13:44:42 - Ensuring compose stack is running...
2025-12-11 13:44:52 - Service vinted-notifications is not running; attempting to start it.
2025-12-11 13:44:52 - Service vinted-notifications is not running; attempting to start it.
2025-12-11 13:44:52 - Ensuring compose stack is running...
2025-12-11 13:44:52 - Ensuring compose stack is running...
2025-12-11 13:45:02 - Service vinted-notifications is not running; attempting to start it.
2025-12-11 13:45:02 - Service vinted-notifications is not running; attempting to start it.
2025-12-11 13:45:02 - Ensuring compose stack is running...
2025-12-11 13:45:02 - Ensuring compose stack is running...
2025-12-11 13:45:12 - Service vinted-notifications is not running; attempting to start it.
2025-12-11 13:45:12 - Service vinted-notifications is not running; attempting to start it.
2025-12-11 13:45:12 - Ensuring compose stack is running...
2025-12-11 13:45:12 - Ensuring compose stack is running...
2025-12-11 13:45:22 - Service vinted-notifications is not running; attempting to start it.
2025-12-11 13:45:22 - Service vinted-notifications is not running; attempting to start it.
2025-12-11 13:45:22 - Ensuring compose stack is running...
2025-12-11 13:45:22 - Ensuring compose stack is running...
2025-12-11 13:45:32 - Service vinted-notifications is not running; attempting to start it.
2025-12-11 13:45:32 - Service vinted-notifications is not running; attempting to start it.
2025-12-11 13:45:32 - Ensuring compose stack is running...
2025-12-11 13:45:32 - Ensuring compose stack is running...
2025-12-11 13:45:43 - Service vinted-notifications is not running; attempting to start it.
2025-12-11 13:45:43 - Service vinted-notifications is not running; attempting to start it.
2025-12-11 13:45:43 - Ensuring compose stack is running...
2025-12-11 13:45:43 - Ensuring compose stack is running...
2025-12-11 13:45:53 - Service vinted-notifications is not running; attempting to start it.
2025-12-11 13:45:53 - Service vinted-notifications is not running; attempting to start it.
2025-12-11 13:45:53 - Ensuring compose stack is running...
2025-12-11 13:45:53 - Ensuring compose stack is running...
2025-12-11 13:46:03 - Service vinted-notifications is not running; attempting to start it.
2025-12-11 13:46:03 - Service vinted-notifications is not running; attempting to start it.
2025-12-11 13:46:03 - Ensuring compose stack is running...
2025-12-11 13:46:03 - Ensuring compose stack is running...
2025-12-11 13:46:13 - Service vinted-notifications is not running; attempting to start it.
2025-12-11 13:46:13 - Service vinted-notifications is not running; attempting to start it.
2025-12-11 13:46:13 - Ensuring compose stack is running...
2025-12-11 13:46:13 - Ensuring compose stack is running...
2025-12-11 13:46:23 - Service vinted-notifications is not running; attempting to start it.
2025-12-11 13:46:23 - Service vinted-notifications is not running; attempting to start it.
2025-12-11 13:46:23 - Ensuring compose stack is running...
2025-12-11 13:46:23 - Ensuring compose stack is running...
2025-12-11 13:46:33 - Service vinted-notifications is not running; attempting to start it.
2025-12-11 13:46:33 - Service vinted-notifications is not running; attempting to start it.
2025-12-11 13:46:33 - Ensuring compose stack is running...
2025-12-11 13:46:33 - Ensuring compose stack is running...
2025-12-11 13:46:43 - Service vinted-notifications is not running; attempting to start it.
2025-12-11 13:46:43 - Service vinted-notifications is not running; attempting to start it.
2025-12-11 13:46:43 - Ensuring compose stack is running...
2025-12-11 13:46:43 - Ensuring compose stack is running...
2025-12-11 13:46:53 - Service vinted-notifications is not running; attempting to start it.
2025-12-11 13:46:53 - Service vinted-notifications is not running; attempting to start it.
2025-12-11 13:46:53 - Ensuring compose stack is running...
2025-12-11 13:46:53 - Ensuring compose stack is running...
2025-12-11 13:47:03 - Service vinted-notifications is not running; attempting to start it.
2025-12-11 13:47:03 - Service vinted-notifications is not running; attempting to start it.
2025-12-11 13:47:03 - Ensuring compose stack is running...
2025-12-11 13:47:03 - Ensuring compose stack is running...
2025-12-11 13:47:14 - Service vinted-notifications is not running; attempting to start it.
2025-12-11 13:47:14 - Service vinted-notifications is not running; attempting to start it.
2025-12-11 13:47:14 - Ensuring compose stack is running...
2025-12-11 13:47:14 - Ensuring compose stack is running...
2025-12-11 13:47:24 - Service vinted-notifications is not running; attempting to start it.
2025-12-11 13:47:24 - Service vinted-notifications is not running; attempting to start it.
2025-12-11 13:47:24 - Ensuring compose stack is running...
2025-12-11 13:47:24 - Ensuring compose stack is running...
2025-12-11 13:47:34 - Service vinted-notifications is not running; attempting to start it.
2025-12-11 13:47:34 - Service vinted-notifications is not running; attempting to start it.
2025-12-11 13:47:34 - Ensuring compose stack is running...
2025-12-11 13:47:34 - Ensuring compose stack is running...
2025-12-11 13:47:44 - Service vinted-notifications is not running; attempting to start it.
2025-12-11 13:47:44 - Service vinted-notifications is not running; attempting to start it.
2025-12-11 13:47:44 - Ensuring compose stack is running...
2025-12-11 13:47:44 - Ensuring compose stack is running...
2025-12-11 13:47:54 - Service vinted-notifications is not running; attempting to start it.
2025-12-11 13:47:54 - Service vinted-notifications is not running; attempting to start it.
2025-12-11 13:47:54 - Ensuring compose stack is running...
2025-12-11 13:47:54 - Ensuring compose stack is running...
2025-12-11 13:48:04 - Service vinted-notifications is not running; attempting to start it.
2025-12-11 13:48:04 - Service vinted-notifications is not running; attempting to start it.
2025-12-11 13:48:04 - Ensuring compose stack is running...
2025-12-11 13:48:04 - Ensuring compose stack is running...
2025-12-11 13:48:14 - Service vinted-notifications is not running; attempting to start it.
2025-12-11 13:48:14 - Service vinted-notifications is not running; attempting to start it.
2025-12-11 13:48:14 - Ensuring compose stack is running...
2025-12-11 13:48:14 - Ensuring compose stack is running...
2025-12-11 13:48:24 - Service vinted-notifications is not running; attempting to start it.
2025-12-11 13:48:24 - Service vinted-notifications is not running; attempting to start it.
2025-12-11 13:48:24 - Ensuring compose stack is running...
2025-12-11 13:48:24 - Ensuring compose stack is running...
2025-12-11 13:48:34 - Service vinted-notifications is not running; attempting to start it.
2025-12-11 13:48:34 - Service vinted-notifications is not running; attempting to start it.
2025-12-11 13:48:34 - Ensuring compose stack is running...
2025-12-11 13:48:34 - Ensuring compose stack is running...
2025-12-11 13:48:45 - Service vinted-notifications is not running; attempting to start it.
2025-12-11 13:48:45 - Service vinted-notifications is not running; attempting to start it.
2025-12-11 13:48:45 - Ensuring compose stack is running...
2025-12-11 13:48:45 - Ensuring compose stack is running...
2025-12-11 13:48:55 - Service vinted-notifications is not running; attempting to start it.
2025-12-11 13:48:55 - Service vinted-notifications is not running; attempting to start it.
2025-12-11 13:48:55 - Ensuring compose stack is running...
2025-12-11 13:48:55 - Ensuring compose stack is running...
2025-12-11 13:49:05 - Service vinted-notifications is not running; attempting to start it.
2025-12-11 13:49:05 - Service vinted-notifications is not running; attempting to start it.
2025-12-11 13:49:05 - Ensuring compose stack is running...
2025-12-11 13:49:05 - Ensuring compose stack is running...
2025-12-11 13:49:15 - Service vinted-notifications is not running; attempting to start it.
2025-12-11 13:49:15 - Service vinted-notifications is not running; attempting to start it.
2025-12-11 13:49:15 - Ensuring compose stack is running...
2025-12-11 13:49:15 - Ensuring compose stack is running...
2025-12-11 13:49:25 - Service vinted-notifications is not running; attempting to start it.
2025-12-11 13:49:25 - Service vinted-notifications is not running; attempting to start it.
2025-12-11 13:49:25 - Ensuring compose stack is running...
2025-12-11 13:49:25 - Ensuring compose stack is running...
2025-12-11 13:49:35 - Service vinted-notifications is not running; attempting to start it.
2025-12-11 13:49:35 - Service vinted-notifications is not running; attempting to start it.
2025-12-11 13:49:35 - Ensuring compose stack is running...
2025-12-11 13:49:35 - Ensuring compose stack is running...
2025-12-11 13:49:45 - Service vinted-notifications is not running; attempting to start it.
2025-12-11 13:49:45 - Service vinted-notifications is not running; attempting to start it.
2025-12-11 13:49:45 - Ensuring compose stack is running...
2025-12-11 13:49:45 - Ensuring compose stack is running...
2025-12-11 13:49:55 - Service vinted-notifications is not running; attempting to start it.
2025-12-11 13:49:55 - Service vinted-notifications is not running; attempting to start it.
2025-12-11 13:49:55 - Ensuring compose stack is running...
2025-12-11 13:49:55 - Ensuring compose stack is running...
2025-12-11 13:50:05 - Service vinted-notifications is not running; attempting to start it.
2025-12-11 13:50:05 - Service vinted-notifications is not running; attempting to start it.
2025-12-11 13:50:05 - Ensuring compose stack is running...
2025-12-11 13:50:05 - Ensuring compose stack is running...
2025-12-11 13:50:17 - Service vinted-notifications is not running; attempting to start it.
2025-12-11 13:50:17 - Service vinted-notifications is not running; attempting to start it.
2025-12-11 13:50:17 - Ensuring compose stack is running...
2025-12-11 13:50:17 - Ensuring compose stack is running...
2025-12-11 13:50:26 - Service vinted-notifications is not running; attempting to start it.
2025-12-11 13:50:26 - Service vinted-notifications is not running; attempting to start it.
2025-12-11 13:50:26 - Ensuring compose stack is running...
2025-12-11 13:50:26 - Ensuring compose stack is running...
2025-12-11 13:50:36 - Service vinted-notifications is not running; attempting to start it.
2025-12-11 13:50:36 - Service vinted-notifications is not running; attempting to start it.
2025-12-11 13:50:36 - Ensuring compose stack is running...
2025-12-11 13:50:36 - Ensuring compose stack is running...
2025-12-11 13:50:47 - Service vinted-notifications is not running; attempting to start it.
2025-12-11 13:50:47 - Service vinted-notifications is not running; attempting to start it.
2025-12-11 13:50:47 - Ensuring compose stack is running...
2025-12-11 13:50:47 - Ensuring compose stack is running...
2025-12-11 13:50:57 - Service vinted-notifications is not running; attempting to start it.
2025-12-11 13:50:57 - Service vinted-notifications is not running; attempting to start it.
2025-12-11 13:50:57 - Ensuring compose stack is running...
2025-12-11 13:50:57 - Ensuring compose stack is running...
2025-12-11 13:51:08 - Service vinted-notifications is not running; attempting to start it.
2025-12-11 13:51:08 - Service vinted-notifications is not running; attempting to start it.
2025-12-11 13:51:08 - Ensuring compose stack is running...
2025-12-11 13:51:08 - Ensuring compose stack is running...
2025-12-11 13:51:18 - Service vinted-notifications is not running; attempting to start it.
2025-12-11 13:51:18 - Service vinted-notifications is not running; attempting to start it.
2025-12-11 13:51:18 - Ensuring compose stack is running...
2025-12-11 13:51:18 - Ensuring compose stack is running...
2025-12-11 13:51:28 - Service vinted-notifications is not running; attempting to start it.
2025-12-11 13:51:28 - Service vinted-notifications is not running; attempting to start it.
2025-12-11 13:51:28 - Ensuring compose stack is running...
2025-12-11 13:51:28 - Ensuring compose stack is running...
2025-12-11 13:51:38 - Service vinted-notifications is not running; attempting to start it.
2025-12-11 13:51:38 - Service vinted-notifications is not running; attempting to start it.
2025-12-11 13:51:38 - Ensuring compose stack is running...
2025-12-11 13:51:38 - Ensuring compose stack is running...
2025-12-11 13:51:48 - Service vinted-notifications is not running; attempting to start it.
2025-12-11 13:51:48 - Service vinted-notifications is not running; attempting to start it.
2025-12-11 13:51:48 - Ensuring compose stack is running...
2025-12-11 13:51:48 - Ensuring compose stack is running...
2025-12-11 13:51:59 - Service vinted-notifications is not running; attempting to start it.
2025-12-11 13:51:59 - Service vinted-notifications is not running; attempting to start it.
2025-12-11 13:51:59 - Ensuring compose stack is running...
2025-12-11 13:51:59 - Ensuring compose stack is running...
2025-12-11 13:52:09 - Service vinted-notifications is not running; attempting to start it.
2025-12-11 13:52:09 - Service vinted-notifications is not running; attempting to start it.
2025-12-11 13:52:09 - Ensuring compose stack is running...
2025-12-11 13:52:09 - Ensuring compose stack is running...
2025-12-11 13:52:19 - Service vinted-notifications is not running; attempting to start it.
2025-12-11 13:52:19 - Service vinted-notifications is not running; attempting to start it.
2025-12-11 13:52:19 - Ensuring compose stack is running...
2025-12-11 13:52:19 - Ensuring compose stack is running...
2025-12-11 13:52:30 - Service vinted-notifications is not running; attempting to start it.
2025-12-11 13:52:30 - Service vinted-notifications is not running; attempting to start it.
2025-12-11 13:52:30 - Ensuring compose stack is running...
2025-12-11 13:52:30 - Ensuring compose stack is running...
2025-12-11 13:52:40 - Service vinted-notifications is not running; attempting to start it.
2025-12-11 13:52:40 - Service vinted-notifications is not running; attempting to start it.
2025-12-11 13:52:40 - Ensuring compose stack is running...
2025-12-11 13:52:40 - Ensuring compose stack is running...
2025-12-11 13:52:50 - Service vinted-notifications is not running; attempting to start it.
2025-12-11 13:52:50 - Service vinted-notifications is not running; attempting to start it.
2025-12-11 13:52:50 - Ensuring compose stack is running...
2025-12-11 13:52:50 - Ensuring compose stack is running...
2025-12-11 13:53:01 - Service vinted-notifications is not running; attempting to start it.
2025-12-11 13:53:01 - Service vinted-notifications is not running; attempting to start it.
2025-12-11 13:53:01 - Ensuring compose stack is running...
2025-12-11 13:53:01 - Ensuring compose stack is running...
2025-12-11 13:53:10 - Service vinted-notifications is not running; attempting to start it.
2025-12-11 13:53:10 - Service vinted-notifications is not running; attempting to start it.
2025-12-11 13:53:10 - Ensuring compose stack is running...
2025-12-11 13:53:10 - Ensuring compose stack is running...
2025-12-11 13:53:20 - Service vinted-notifications is not running; attempting to start it.
2025-12-11 13:53:20 - Service vinted-notifications is not running; attempting to start it.
2025-12-11 13:53:20 - Ensuring compose stack is running...
2025-12-11 13:53:20 - Ensuring compose stack is running...
2025-12-11 13:53:31 - Service vinted-notifications is not running; attempting to start it.
2025-12-11 13:53:31 - Service vinted-notifications is not running; attempting to start it.
2025-12-11 13:53:31 - Ensuring compose stack is running...
2025-12-11 13:53:31 - Ensuring compose stack is running...
2025-12-11 13:53:41 - Service vinted-notifications is not running; attempting to start it.
2025-12-11 13:53:41 - Service vinted-notifications is not running; attempting to start it.
2025-12-11 13:53:41 - Ensuring compose stack is running...
2025-12-11 13:53:41 - Ensuring compose stack is running...
2025-12-11 13:53:51 - Service vinted-notifications is not running; attempting to start it.
2025-12-11 13:53:51 - Service vinted-notifications is not running; attempting to start it.
2025-12-11 13:53:51 - Ensuring compose stack is running...
2025-12-11 13:53:51 - Ensuring compose stack is running...
2025-12-11 13:54:01 - Service vinted-notifications is not running; attempting to start it.
2025-12-11 13:54:01 - Service vinted-notifications is not running; attempting to start it.
2025-12-11 13:54:01 - Ensuring compose stack is running...
2025-12-11 13:54:01 - Ensuring compose stack is running...
2025-12-11 13:54:11 - Service vinted-notifications is not running; attempting to start it.
2025-12-11 13:54:11 - Service vinted-notifications is not running; attempting to start it.
2025-12-11 13:54:11 - Ensuring compose stack is running...
2025-12-11 13:54:11 - Ensuring compose stack is running...
2025-12-11 13:54:22 - Service vinted-notifications is not running; attempting to start it.
2025-12-11 13:54:22 - Service vinted-notifications is not running; attempting to start it.
2025-12-11 13:54:22 - Ensuring compose stack is running...
2025-12-11 13:54:22 - Ensuring compose stack is running...
2025-12-11 13:54:32 - Service vinted-notifications is not running; attempting to start it.
2025-12-11 13:54:32 - Service vinted-notifications is not running; attempting to start it.
2025-12-11 13:54:32 - Ensuring compose stack is running...
2025-12-11 13:54:32 - Ensuring compose stack is running...
2025-12-11 13:54:42 - Service vinted-notifications is not running; attempting to start it.
2025-12-11 13:54:42 - Service vinted-notifications is not running; attempting to start it.
2025-12-11 13:54:42 - Ensuring compose stack is running...
2025-12-11 13:54:42 - Ensuring compose stack is running...
2025-12-11 13:54:52 - Service vinted-notifications is not running; attempting to start it.
2025-12-11 13:54:52 - Service vinted-notifications is not running; attempting to start it.
2025-12-11 13:54:52 - Ensuring compose stack is running...
2025-12-11 13:54:52 - Ensuring compose stack is running...
2025-12-11 13:55:02 - Service vinted-notifications is not running; attempting to start it.
2025-12-11 13:55:02 - Service vinted-notifications is not running; attempting to start it.
2025-12-11 13:55:02 - Ensuring compose stack is running...
2025-12-11 13:55:02 - Ensuring compose stack is running...
2025-12-11 13:55:12 - Service vinted-notifications is not running; attempting to start it.
2025-12-11 13:55:12 - Service vinted-notifications is not running; attempting to start it.
2025-12-11 13:55:12 - Ensuring compose stack is running...
2025-12-11 13:55:12 - Ensuring compose stack is running...
2025-12-11 13:55:22 - Service vinted-notifications is not running; attempting to start it.
2025-12-11 13:55:22 - Service vinted-notifications is not running; attempting to start it.
2025-12-11 13:55:22 - Ensuring compose stack is running...
2025-12-11 13:55:22 - Ensuring compose stack is running...
2025-12-11 13:55:33 - Service vinted-notifications is not running; attempting to start it.
2025-12-11 13:55:33 - Service vinted-notifications is not running; attempting to start it.
2025-12-11 13:55:33 - Ensuring compose stack is running...
2025-12-11 13:55:33 - Ensuring compose stack is running...
2025-12-11 13:55:43 - Service vinted-notifications is not running; attempting to start it.
2025-12-11 13:55:43 - Service vinted-notifications is not running; attempting to start it.
2025-12-11 13:55:43 - Ensuring compose stack is running...
2025-12-11 13:55:43 - Ensuring compose stack is running...
2025-12-11 13:55:54 - Service vinted-notifications is not running; attempting to start it.
2025-12-11 13:55:54 - Service vinted-notifications is not running; attempting to start it.
2025-12-11 13:55:54 - Ensuring compose stack is running...
2025-12-11 13:55:54 - Ensuring compose stack is running...
2025-12-11 13:56:04 - Service vinted-notifications is not running; attempting to start it.
2025-12-11 13:56:04 - Service vinted-notifications is not running; attempting to start it.
2025-12-11 13:56:04 - Ensuring compose stack is running...
2025-12-11 13:56:04 - Ensuring compose stack is running...
2025-12-11 13:56:14 - Service vinted-notifications is not running; attempting to start it.
2025-12-11 13:56:14 - Service vinted-notifications is not running; attempting to start it.
2025-12-11 13:56:14 - Ensuring compose stack is running...
2025-12-11 13:56:14 - Ensuring compose stack is running...
2025-12-11 13:56:24 - Service vinted-notifications is not running; attempting to start it.
2025-12-11 13:56:24 - Service vinted-notifications is not running; attempting to start it.
2025-12-11 13:56:24 - Ensuring compose stack is running...
2025-12-11 13:56:24 - Ensuring compose stack is running...
2025-12-11 13:56:34 - Service vinted-notifications is not running; attempting to start it.
2025-12-11 13:56:34 - Service vinted-notifications is not running; attempting to start it.
2025-12-11 13:56:34 - Ensuring compose stack is running...
2025-12-11 13:56:34 - Ensuring compose stack is running...
2025-12-11 13:56:44 - Service vinted-notifications is not running; attempting to start it.
2025-12-11 13:56:44 - Service vinted-notifications is not running; attempting to start it.
2025-12-11 13:56:44 - Ensuring compose stack is running...
2025-12-11 13:56:44 - Ensuring compose stack is running...
2025-12-11 13:56:55 - Service vinted-notifications is not running; attempting to start it.
2025-12-11 13:56:55 - Service vinted-notifications is not running; attempting to start it.
2025-12-11 13:56:55 - Ensuring compose stack is running...
2025-12-11 13:56:55 - Ensuring compose stack is running...
2025-12-11 13:57:05 - Service vinted-notifications is not running; attempting to start it.
2025-12-11 13:57:05 - Service vinted-notifications is not running; attempting to start it.
2025-12-11 13:57:05 - Ensuring compose stack is running...
2025-12-11 13:57:05 - Ensuring compose stack is running...
2025-12-11 13:57:15 - Service vinted-notifications is not running; attempting to start it.
2025-12-11 13:57:15 - Service vinted-notifications is not running; attempting to start it.
2025-12-11 13:57:15 - Ensuring compose stack is running...
2025-12-11 13:57:15 - Ensuring compose stack is running...
2025-12-11 13:57:26 - Service vinted-notifications is not running; attempting to start it.
2025-12-11 13:57:26 - Service vinted-notifications is not running; attempting to start it.
2025-12-11 13:57:26 - Ensuring compose stack is running...
2025-12-11 13:57:26 - Ensuring compose stack is running...
2025-12-11 13:57:36 - Service vinted-notifications is not running; attempting to start it.
2025-12-11 13:57:36 - Service vinted-notifications is not running; attempting to start it.
2025-12-11 13:57:36 - Ensuring compose stack is running...
2025-12-11 13:57:36 - Ensuring compose stack is running...
2025-12-11 13:57:46 - Service vinted-notifications is not running; attempting to start it.
2025-12-11 13:57:46 - Service vinted-notifications is not running; attempting to start it.
2025-12-11 13:57:46 - Ensuring compose stack is running...
2025-12-11 13:57:46 - Ensuring compose stack is running...
2025-12-11 13:57:56 - Service vinted-notifications is not running; attempting to start it.
2025-12-11 13:57:56 - Service vinted-notifications is not running; attempting to start it.
2025-12-11 13:57:56 - Ensuring compose stack is running...
2025-12-11 13:57:56 - Ensuring compose stack is running...
2025-12-11 13:58:07 - Service vinted-notifications is not running; attempting to start it.
2025-12-11 13:58:07 - Service vinted-notifications is not running; attempting to start it.
2025-12-11 13:58:07 - Ensuring compose stack is running...
2025-12-11 13:58:07 - Ensuring compose stack is running...
2025-12-11 13:58:17 - Service vinted-notifications is not running; attempting to start it.
2025-12-11 13:58:17 - Service vinted-notifications is not running; attempting to start it.
2025-12-11 13:58:17 - Ensuring compose stack is running...
2025-12-11 13:58:17 - Ensuring compose stack is running...
2025-12-11 13:58:27 - Service vinted-notifications is not running; attempting to start it.
2025-12-11 13:58:27 - Service vinted-notifications is not running; attempting to start it.
2025-12-11 13:58:27 - Ensuring compose stack is running...
2025-12-11 13:58:27 - Ensuring compose stack is running...
2025-12-11 13:58:37 - Service vinted-notifications is not running; attempting to start it.
2025-12-11 13:58:37 - Service vinted-notifications is not running; attempting to start it.
2025-12-11 13:58:37 - Ensuring compose stack is running...
2025-12-11 13:58:37 - Ensuring compose stack is running...
2025-12-11 13:58:47 - Service vinted-notifications is not running; attempting to start it.
2025-12-11 13:58:47 - Service vinted-notifications is not running; attempting to start it.
2025-12-11 13:58:47 - Ensuring compose stack is running...
2025-12-11 13:58:47 - Ensuring compose stack is running...
2025-12-11 13:58:57 - Service vinted-notifications is not running; attempting to start it.
2025-12-11 13:58:57 - Service vinted-notifications is not running; attempting to start it.
2025-12-11 13:58:57 - Ensuring compose stack is running...
2025-12-11 13:58:57 - Ensuring compose stack is running...
2025-12-11 13:59:08 - Service vinted-notifications is not running; attempting to start it.
2025-12-11 13:59:08 - Service vinted-notifications is not running; attempting to start it.
2025-12-11 13:59:08 - Ensuring compose stack is running...
2025-12-11 13:59:08 - Ensuring compose stack is running...
2025-12-11 13:59:18 - Service vinted-notifications is not running; attempting to start it.
2025-12-11 13:59:18 - Service vinted-notifications is not running; attempting to start it.
2025-12-11 13:59:18 - Ensuring compose stack is running...
2025-12-11 13:59:18 - Ensuring compose stack is running...
2025-12-11 13:59:28 - Service vinted-notifications is not running; attempting to start it.
2025-12-11 13:59:28 - Service vinted-notifications is not running; attempting to start it.
2025-12-11 13:59:28 - Ensuring compose stack is running...
2025-12-11 13:59:28 - Ensuring compose stack is running...
2025-12-11 13:59:39 - Service vinted-notifications is not running; attempting to start it.
2025-12-11 13:59:39 - Service vinted-notifications is not running; attempting to start it.
2025-12-11 13:59:39 - Ensuring compose stack is running...
2025-12-11 13:59:39 - Ensuring compose stack is running...
2025-12-11 13:59:49 - Service vinted-notifications is not running; attempting to start it.
2025-12-11 13:59:49 - Service vinted-notifications is not running; attempting to start it.
2025-12-11 13:59:49 - Ensuring compose stack is running...
2025-12-11 13:59:49 - Ensuring compose stack is running...
2025-12-11 13:59:59 - Service vinted-notifications is not running; attempting to start it.
2025-12-11 13:59:59 - Service vinted-notifications is not running; attempting to start it.
2025-12-11 13:59:59 - Ensuring compose stack is running...
2025-12-11 13:59:59 - Ensuring compose stack is running...
2025-12-11 14:00:09 - Service vinted-notifications is not running; attempting to start it.
2025-12-11 14:00:09 - Service vinted-notifications is not running; attempting to start it.
2025-12-11 14:00:09 - Ensuring compose stack is running...
2025-12-11 14:00:09 - Ensuring compose stack is running...
2025-12-11 14:00:19 - Service vinted-notifications is not running; attempting to start it.
2025-12-11 14:00:19 - Service vinted-notifications is not running; attempting to start it.
2025-12-11 14:00:19 - Ensuring compose stack is running...
2025-12-11 14:00:19 - Ensuring compose stack is running...
2025-12-11 14:00:29 - Service vinted-notifications is not running; attempting to start it.
2025-12-11 14:00:29 - Service vinted-notifications is not running; attempting to start it.
2025-12-11 14:00:29 - Ensuring compose stack is running...
2025-12-11 14:00:29 - Ensuring compose stack is running...
2025-12-11 14:00:39 - Service vinted-notifications is not running; attempting to start it.
2025-12-11 14:00:39 - Service vinted-notifications is not running; attempting to start it.
2025-12-11 14:00:39 - Ensuring compose stack is running...
2025-12-11 14:00:39 - Ensuring compose stack is running...
2025-12-11 14:00:50 - Service vinted-notifications is not running; attempting to start it.
2025-12-11 14:00:50 - Service vinted-notifications is not running; attempting to start it.
2025-12-11 14:00:50 - Ensuring compose stack is running...
2025-12-11 14:00:50 - Ensuring compose stack is running...
2025-12-11 14:01:00 - Service vinted-notifications is not running; attempting to start it.
2025-12-11 14:01:00 - Service vinted-notifications is not running; attempting to start it.
2025-12-11 14:01:00 - Ensuring compose stack is running...
2025-12-11 14:01:00 - Ensuring compose stack is running...
2025-12-11 14:01:10 - Service vinted-notifications is not running; attempting to start it.
2025-12-11 14:01:10 - Service vinted-notifications is not running; attempting to start it.
2025-12-11 14:01:10 - Ensuring compose stack is running...
2025-12-11 14:01:10 - Ensuring compose stack is running...
2025-12-11 14:01:20 - Service vinted-notifications is not running; attempting to start it.
2025-12-11 14:01:20 - Service vinted-notifications is not running; attempting to start it.
2025-12-11 14:01:20 - Ensuring compose stack is running...
2025-12-11 14:01:20 - Ensuring compose stack is running...
2025-12-11 14:01:31 - Service vinted-notifications is not running; attempting to start it.
2025-12-11 14:01:31 - Service vinted-notifications is not running; attempting to start it.
2025-12-11 14:01:31 - Ensuring compose stack is running...
2025-12-11 14:01:31 - Ensuring compose stack is running...
2025-12-11 14:01:42 - Service vinted-notifications is not running; attempting to start it.
2025-12-11 14:01:42 - Service vinted-notifications is not running; attempting to start it.
2025-12-11 14:01:42 - Ensuring compose stack is running...
2025-12-11 14:01:42 - Ensuring compose stack is running...
2025-12-11 14:01:51 - Service vinted-notifications is not running; attempting to start it.
2025-12-11 14:01:51 - Service vinted-notifications is not running; attempting to start it.
2025-12-11 14:01:51 - Ensuring compose stack is running...
2025-12-11 14:01:51 - Ensuring compose stack is running...
2025-12-11 14:02:02 - Service vinted-notifications is not running; attempting to start it.
2025-12-11 14:02:02 - Service vinted-notifications is not running; attempting to start it.
2025-12-11 14:02:02 - Ensuring compose stack is running...
2025-12-11 14:02:02 - Ensuring compose stack is running...
2025-12-11 14:02:12 - Service vinted-notifications is not running; attempting to start it.
2025-12-11 14:02:12 - Service vinted-notifications is not running; attempting to start it.
2025-12-11 14:02:12 - Ensuring compose stack is running...
2025-12-11 14:02:12 - Ensuring compose stack is running...
2025-12-11 14:02:23 - Service vinted-notifications is not running; attempting to start it.
2025-12-11 14:02:23 - Service vinted-notifications is not running; attempting to start it.
2025-12-11 14:02:23 - Ensuring compose stack is running...
2025-12-11 14:02:23 - Ensuring compose stack is running...
2025-12-11 14:02:33 - Service vinted-notifications is not running; attempting to start it.
2025-12-11 14:02:33 - Service vinted-notifications is not running; attempting to start it.
2025-12-11 14:02:33 - Ensuring compose stack is running...
2025-12-11 14:02:33 - Ensuring compose stack is running...
2025-12-11 14:02:44 - Service vinted-notifications is not running; attempting to start it.
2025-12-11 14:02:44 - Service vinted-notifications is not running; attempting to start it.
2025-12-11 14:02:44 - Ensuring compose stack is running...
2025-12-11 14:02:44 - Ensuring compose stack is running...
2025-12-11 14:02:54 - Service vinted-notifications is not running; attempting to start it.
2025-12-11 14:02:54 - Service vinted-notifications is not running; attempting to start it.
2025-12-11 14:02:54 - Ensuring compose stack is running...
2025-12-11 14:02:54 - Ensuring compose stack is running...
2025-12-11 14:03:04 - Service vinted-notifications is not running; attempting to start it.
2025-12-11 14:03:04 - Service vinted-notifications is not running; attempting to start it.
2025-12-11 14:03:04 - Ensuring compose stack is running...
2025-12-11 14:03:04 - Ensuring compose stack is running...
2025-12-11 14:03:14 - Service vinted-notifications is not running; attempting to start it.
2025-12-11 14:03:14 - Service vinted-notifications is not running; attempting to start it.
2025-12-11 14:03:14 - Ensuring compose stack is running...
2025-12-11 14:03:14 - Ensuring compose stack is running...
2025-12-11 14:03:25 - Service vinted-notifications is not running; attempting to start it.
2025-12-11 14:03:25 - Service vinted-notifications is not running; attempting to start it.
2025-12-11 14:03:25 - Ensuring compose stack is running...
2025-12-11 14:03:25 - Ensuring compose stack is running...
2025-12-11 14:03:35 - Service vinted-notifications is not running; attempting to start it.
2025-12-11 14:03:35 - Service vinted-notifications is not running; attempting to start it.
2025-12-11 14:03:35 - Ensuring compose stack is running...
2025-12-11 14:03:35 - Ensuring compose stack is running...
2025-12-11 14:09:37 - Service vinted-notifications is not running; attempting to start it.
2025-12-11 14:09:37 - Service vinted-notifications is not running; attempting to start it.
2025-12-11 14:09:37 - Ensuring compose stack is running...
2025-12-11 14:09:37 - Ensuring compose stack is running...
2025-12-11 14:09:47 - Service vinted-notifications is not running; attempting to start it.
2025-12-11 14:09:47 - Service vinted-notifications is not running; attempting to start it.
2025-12-11 14:09:47 - Ensuring compose stack is running...
2025-12-11 14:09:47 - Ensuring compose stack is running...
2025-12-11 14:09:58 - Service vinted-notifications is not running; attempting to start it.
2025-12-11 14:09:58 - Service vinted-notifications is not running; attempting to start it.
2025-12-11 14:09:58 - Ensuring compose stack is running...
2025-12-11 14:09:58 - Ensuring compose stack is running...
2025-12-11 14:10:08 - Service vinted-notifications is not running; attempting to start it.
2025-12-11 14:10:08 - Service vinted-notifications is not running; attempting to start it.
2025-12-11 14:10:08 - Ensuring compose stack is running...
2025-12-11 14:10:08 - Ensuring compose stack is running...
2025-12-11 14:12:05 - Service vinted-notifications is not running; attempting to start it.
2025-12-11 14:12:05 - Service vinted-notifications is not running; attempting to start it.
2025-12-11 14:12:05 - Ensuring compose stack is running...
2025-12-11 14:12:05 - Ensuring compose stack is running...
2025-12-11 14:12:15 - Service vinted-notifications is not running; attempting to start it.
2025-12-11 14:12:15 - Service vinted-notifications is not running; attempting to start it.
2025-12-11 14:12:15 - Ensuring compose stack is running...
2025-12-11 14:12:15 - Ensuring compose stack is running...
2025-12-11 14:12:25 - Service vinted-notifications is not running; attempting to start it.
2025-12-11 14:12:25 - Service vinted-notifications is not running; attempting to start it.
2025-12-11 14:12:25 - Ensuring compose stack is running...
2025-12-11 14:12:25 - Ensuring compose stack is running...
2025-12-11 14:12:35 - Service vinted-notifications is not running; attempting to start it.
2025-12-11 14:12:35 - Service vinted-notifications is not running; attempting to start it.
2025-12-11 14:12:35 - Ensuring compose stack is running...
2025-12-11 14:12:35 - Ensuring compose stack is running...
2025-12-11 14:12:46 - Service vinted-notifications is not running; attempting to start it.
2025-12-11 14:12:46 - Service vinted-notifications is not running; attempting to start it.
2025-12-11 14:12:46 - Ensuring compose stack is running...
2025-12-11 14:12:46 - Ensuring compose stack is running...
2025-12-11 14:12:56 - Service vinted-notifications is not running; attempting to start it.
2025-12-11 14:12:56 - Service vinted-notifications is not running; attempting to start it.
2025-12-11 14:12:56 - Ensuring compose stack is running...
2025-12-11 14:12:56 - Ensuring compose stack is running...
2025-12-11 14:13:06 - Service vinted-notifications is not running; attempting to start it.
2025-12-11 14:13:06 - Service vinted-notifications is not running; attempting to start it.
2025-12-11 14:13:06 - Ensuring compose stack is running...
2025-12-11 14:13:06 - Ensuring compose stack is running...
2025-12-11 14:13:16 - Service vinted-notifications is not running; attempting to start it.
2025-12-11 14:13:16 - Service vinted-notifications is not running; attempting to start it.
2025-12-11 14:13:16 - Ensuring compose stack is running...
2025-12-11 14:13:16 - Ensuring compose stack is running...
2025-12-11 14:13:27 - Service vinted-notifications is not running; attempting to start it.
2025-12-11 14:13:27 - Service vinted-notifications is not running; attempting to start it.
2025-12-11 14:13:27 - Ensuring compose stack is running...
2025-12-11 14:13:27 - Ensuring compose stack is running...
2025-12-11 14:13:37 - Service vinted-notifications is not running; attempting to start it.
2025-12-11 14:13:37 - Service vinted-notifications is not running; attempting to start it.
2025-12-11 14:13:37 - Ensuring compose stack is running...
2025-12-11 14:13:37 - Ensuring compose stack is running...
2025-12-11 14:13:47 - Service vinted-notifications is not running; attempting to start it.
2025-12-11 14:13:47 - Service vinted-notifications is not running; attempting to start it.
2025-12-11 14:13:47 - Ensuring compose stack is running...
2025-12-11 14:13:47 - Ensuring compose stack is running...
2025-12-11 14:13:57 - Service vinted-notifications is not running; attempting to start it.
2025-12-11 14:13:57 - Service vinted-notifications is not running; attempting to start it.
2025-12-11 14:13:57 - Ensuring compose stack is running...
2025-12-11 14:13:57 - Ensuring compose stack is running...
2025-12-11 14:14:07 - Service vinted-notifications is not running; attempting to start it.
2025-12-11 14:14:07 - Service vinted-notifications is not running; attempting to start it.
2025-12-11 14:14:07 - Ensuring compose stack is running...
2025-12-11 14:14:07 - Ensuring compose stack is running...
2025-12-11 14:14:17 - Service vinted-notifications is not running; attempting to start it.
2025-12-11 14:14:17 - Service vinted-notifications is not running; attempting to start it.
2025-12-11 14:14:17 - Ensuring compose stack is running...
2025-12-11 14:14:17 - Ensuring compose stack is running...
2025-12-11 14:14:27 - Service vinted-notifications is not running; attempting to start it.
2025-12-11 14:14:27 - Service vinted-notifications is not running; attempting to start it.
2025-12-11 14:14:27 - Ensuring compose stack is running...
2025-12-11 14:14:27 - Ensuring compose stack is running...
2025-12-11 14:14:37 - Service vinted-notifications is not running; attempting to start it.
2025-12-11 14:14:37 - Service vinted-notifications is not running; attempting to start it.
2025-12-11 14:14:37 - Ensuring compose stack is running...
2025-12-11 14:14:37 - Ensuring compose stack is running...
2025-12-11 14:14:48 - Service vinted-notifications is not running; attempting to start it.
2025-12-11 14:14:48 - Service vinted-notifications is not running; attempting to start it.
2025-12-11 14:14:48 - Ensuring compose stack is running...
2025-12-11 14:14:48 - Ensuring compose stack is running...
2025-12-11 14:14:58 - Service vinted-notifications is not running; attempting to start it.
2025-12-11 14:14:58 - Service vinted-notifications is not running; attempting to start it.
2025-12-11 14:14:58 - Ensuring compose stack is running...
2025-12-11 14:14:58 - Ensuring compose stack is running...
2025-12-11 14:15:08 - Service vinted-notifications is not running; attempting to start it.
2025-12-11 14:15:08 - Service vinted-notifications is not running; attempting to start it.
2025-12-11 14:15:08 - Ensuring compose stack is running...
2025-12-11 14:15:08 - Ensuring compose stack is running...
2025-12-11 14:15:18 - Service vinted-notifications is not running; attempting to start it.
2025-12-11 14:15:18 - Service vinted-notifications is not running; attempting to start it.
2025-12-11 14:15:18 - Ensuring compose stack is running...
2025-12-11 14:15:18 - Ensuring compose stack is running...
2025-12-11 14:15:28 - Service vinted-notifications is not running; attempting to start it.
2025-12-11 14:15:28 - Service vinted-notifications is not running; attempting to start it.
2025-12-11 14:15:28 - Ensuring compose stack is running...
2025-12-11 14:15:28 - Ensuring compose stack is running...
2025-12-11 14:15:38 - Service vinted-notifications is not running; attempting to start it.
2025-12-11 14:15:38 - Service vinted-notifications is not running; attempting to start it.
2025-12-11 14:15:38 - Ensuring compose stack is running...
2025-12-11 14:15:38 - Ensuring compose stack is running...
2025-12-11 14:15:48 - Service vinted-notifications is not running; attempting to start it.
2025-12-11 14:15:48 - Service vinted-notifications is not running; attempting to start it.
2025-12-11 14:15:48 - Ensuring compose stack is running...
2025-12-11 14:15:48 - Ensuring compose stack is running...
2025-12-11 14:15:59 - Service vinted-notifications is not running; attempting to start it.
2025-12-11 14:15:59 - Service vinted-notifications is not running; attempting to start it.
2025-12-11 14:15:59 - Ensuring compose stack is running...
2025-12-11 14:15:59 - Ensuring compose stack is running...
2025-12-11 14:17:13 - Service vinted-notifications is not running; attempting to start it.
2025-12-11 14:17:13 - Service vinted-notifications is not running; attempting to start it.
2025-12-11 14:17:13 - Ensuring compose stack is running...
2025-12-11 14:17:13 - Ensuring compose stack is running...
2025-12-11 14:17:23 - Service vinted-notifications is not running; attempting to start it.
2025-12-11 14:17:23 - Service vinted-notifications is not running; attempting to start it.
2025-12-11 14:17:23 - Ensuring compose stack is running...
2025-12-11 14:17:23 - Ensuring compose stack is running...
2025-12-11 14:17:33 - Service vinted-notifications is not running; attempting to start it.
2025-12-11 14:17:33 - Service vinted-notifications is not running; attempting to start it.
2025-12-11 14:17:33 - Ensuring compose stack is running...
2025-12-11 14:17:33 - Ensuring compose stack is running...
2025-12-11 14:17:43 - Service vinted-notifications is not running; attempting to start it.
2025-12-11 14:17:43 - Service vinted-notifications is not running; attempting to start it.
2025-12-11 14:17:43 - Ensuring compose stack is running...
2025-12-11 14:17:43 - Ensuring compose stack is running...
2025-12-11 14:17:53 - Service vinted-notifications is not running; attempting to start it.
2025-12-11 14:17:53 - Service vinted-notifications is not running; attempting to start it.
2025-12-11 14:17:53 - Ensuring compose stack is running...
2025-12-11 14:17:53 - Ensuring compose stack is running...
2025-12-11 14:18:03 - Service vinted-notifications is not running; attempting to start it.
2025-12-11 14:18:03 - Service vinted-notifications is not running; attempting to start it.
2025-12-11 14:18:03 - Ensuring compose stack is running...
2025-12-11 14:18:03 - Ensuring compose stack is running...
2025-12-11 14:18:13 - Service vinted-notifications is not running; attempting to start it.
2025-12-11 14:18:13 - Service vinted-notifications is not running; attempting to start it.
2025-12-11 14:18:13 - Ensuring compose stack is running...
2025-12-11 14:18:13 - Ensuring compose stack is running...
2025-12-11 14:18:23 - Service vinted-notifications is not running; attempting to start it.
2025-12-11 14:18:23 - Service vinted-notifications is not running; attempting to start it.
2025-12-11 14:18:23 - Ensuring compose stack is running...
2025-12-11 14:18:23 - Ensuring compose stack is running...
2025-12-11 14:18:33 - Service vinted-notifications is not running; attempting to start it.
2025-12-11 14:18:33 - Service vinted-notifications is not running; attempting to start it.
2025-12-11 14:18:34 - Ensuring compose stack is running...
2025-12-11 14:18:34 - Ensuring compose stack is running...
2025-12-11 14:18:44 - Service vinted-notifications is not running; attempting to start it.
2025-12-11 14:18:44 - Service vinted-notifications is not running; attempting to start it.
2025-12-11 14:18:44 - Ensuring compose stack is running...
2025-12-11 14:18:44 - Ensuring compose stack is running...
2025-12-11 14:18:54 - Service vinted-notifications is not running; attempting to start it.
2025-12-11 14:18:54 - Service vinted-notifications is not running; attempting to start it.
2025-12-11 14:18:54 - Ensuring compose stack is running...
2025-12-11 14:18:54 - Ensuring compose stack is running...
2025-12-11 14:19:04 - Service vinted-notifications is not running; attempting to start it.
2025-12-11 14:19:04 - Service vinted-notifications is not running; attempting to start it.
2025-12-11 14:19:04 - Ensuring compose stack is running...
2025-12-11 14:19:04 - Ensuring compose stack is running...
2025-12-11 14:19:14 - Service vinted-notifications is not running; attempting to start it.
2025-12-11 14:19:14 - Service vinted-notifications is not running; attempting to start it.
2025-12-11 14:19:14 - Ensuring compose stack is running...
2025-12-11 14:19:14 - Ensuring compose stack is running...
2025-12-11 14:19:25 - Service vinted-notifications is not running; attempting to start it.
2025-12-11 14:19:25 - Service vinted-notifications is not running; attempting to start it.
2025-12-11 14:19:25 - Ensuring compose stack is running...
2025-12-11 14:19:25 - Ensuring compose stack is running...
2025-12-11 14:19:35 - Service vinted-notifications is not running; attempting to start it.
2025-12-11 14:19:35 - Service vinted-notifications is not running; attempting to start it.
2025-12-11 14:19:35 - Ensuring compose stack is running...
2025-12-11 14:19:35 - Ensuring compose stack is running...
2025-12-11 14:19:45 - Service vinted-notifications is not running; attempting to start it.
2025-12-11 14:19:45 - Service vinted-notifications is not running; attempting to start it.
2025-12-11 14:19:45 - Ensuring compose stack is running...
2025-12-11 14:19:45 - Ensuring compose stack is running...
2025-12-11 14:19:55 - Service vinted-notifications is not running; attempting to start it.
2025-12-11 14:19:55 - Service vinted-notifications is not running; attempting to start it.
2025-12-11 14:19:55 - Ensuring compose stack is running...
2025-12-11 14:19:55 - Ensuring compose stack is running...
2025-12-11 14:20:05 - Service vinted-notifications is not running; attempting to start it.
2025-12-11 14:20:05 - Service vinted-notifications is not running; attempting to start it.
2025-12-11 14:20:05 - Ensuring compose stack is running...
2025-12-11 14:20:05 - Ensuring compose stack is running...
2025-12-11 14:20:16 - Service vinted-notifications is not running; attempting to start it.
2025-12-11 14:20:16 - Service vinted-notifications is not running; attempting to start it.
2025-12-11 14:20:16 - Ensuring compose stack is running...
2025-12-11 14:20:16 - Ensuring compose stack is running...
2025-12-11 14:20:27 - Service vinted-notifications is not running; attempting to start it.
2025-12-11 14:20:27 - Service vinted-notifications is not running; attempting to start it.
2025-12-11 14:20:27 - Ensuring compose stack is running...
2025-12-11 14:20:27 - Ensuring compose stack is running...
2025-12-11 14:20:37 - Service vinted-notifications is not running; attempting to start it.
2025-12-11 14:20:37 - Service vinted-notifications is not running; attempting to start it.
2025-12-11 14:20:37 - Ensuring compose stack is running...
2025-12-11 14:20:37 - Ensuring compose stack is running...
2025-12-11 14:20:47 - Service vinted-notifications is not running; attempting to start it.
2025-12-11 14:20:47 - Service vinted-notifications is not running; attempting to start it.
2025-12-11 14:20:47 - Ensuring compose stack is running...
2025-12-11 14:20:47 - Ensuring compose stack is running...
2025-12-11 14:20:58 - Service vinted-notifications is not running; attempting to start it.
2025-12-11 14:20:58 - Service vinted-notifications is not running; attempting to start it.
2025-12-11 14:20:58 - Ensuring compose stack is running...
2025-12-11 14:20:58 - Ensuring compose stack is running...
2025-12-11 14:21:08 - Service vinted-notifications is not running; attempting to start it.
2025-12-11 14:21:08 - Service vinted-notifications is not running; attempting to start it.
2025-12-11 14:21:08 - Ensuring compose stack is running...
2025-12-11 14:21:08 - Ensuring compose stack is running...
2025-12-11 14:21:18 - Service vinted-notifications is not running; attempting to start it.
2025-12-11 14:21:18 - Service vinted-notifications is not running; attempting to start it.
2025-12-11 14:21:18 - Ensuring compose stack is running...
2025-12-11 14:21:18 - Ensuring compose stack is running...
2025-12-11 14:21:29 - Service vinted-notifications is not running; attempting to start it.
2025-12-11 14:21:29 - Service vinted-notifications is not running; attempting to start it.
2025-12-11 14:21:29 - Ensuring compose stack is running...
2025-12-11 14:21:29 - Ensuring compose stack is running...
2025-12-11 14:21:39 - Service vinted-notifications is not running; attempting to start it.
2025-12-11 14:21:39 - Service vinted-notifications is not running; attempting to start it.
2025-12-11 14:21:39 - Ensuring compose stack is running...
2025-12-11 14:21:39 - Ensuring compose stack is running...
2025-12-11 14:21:49 - Service vinted-notifications is not running; attempting to start it.
2025-12-11 14:21:49 - Service vinted-notifications is not running; attempting to start it.
2025-12-11 14:21:49 - Ensuring compose stack is running...
2025-12-11 14:21:49 - Ensuring compose stack is running...
2025-12-11 14:21:59 - Service vinted-notifications is not running; attempting to start it.
2025-12-11 14:21:59 - Service vinted-notifications is not running; attempting to start it.
2025-12-11 14:21:59 - Ensuring compose stack is running...
2025-12-11 14:21:59 - Ensuring compose stack is running...
2025-12-11 14:22:10 - Service vinted-notifications is not running; attempting to start it.
2025-12-11 14:22:10 - Service vinted-notifications is not running; attempting to start it.
2025-12-11 14:22:10 - Ensuring compose stack is running...
2025-12-11 14:22:10 - Ensuring compose stack is running...
2025-12-11 14:22:20 - Service vinted-notifications is not running; attempting to start it.
2025-12-11 14:22:20 - Service vinted-notifications is not running; attempting to start it.
2025-12-11 14:22:20 - Ensuring compose stack is running...
2025-12-11 14:22:20 - Ensuring compose stack is running...
2025-12-11 14:22:30 - Service vinted-notifications is not running; attempting to start it.
2025-12-11 14:22:30 - Service vinted-notifications is not running; attempting to start it.
2025-12-11 14:22:30 - Ensuring compose stack is running...
2025-12-11 14:22:30 - Ensuring compose stack is running...
2025-12-11 14:22:40 - Service vinted-notifications is not running; attempting to start it.
2025-12-11 14:22:40 - Service vinted-notifications is not running; attempting to start it.
2025-12-11 14:22:40 - Ensuring compose stack is running...
2025-12-11 14:22:40 - Ensuring compose stack is running...
2025-12-11 14:22:50 - Service vinted-notifications is not running; attempting to start it.
2025-12-11 14:22:50 - Service vinted-notifications is not running; attempting to start it.
2025-12-11 14:22:50 - Ensuring compose stack is running...
2025-12-11 14:22:50 - Ensuring compose stack is running...
2025-12-11 14:23:00 - Service vinted-notifications is not running; attempting to start it.
2025-12-11 14:23:00 - Service vinted-notifications is not running; attempting to start it.
2025-12-11 14:23:00 - Ensuring compose stack is running...
2025-12-11 14:23:00 - Ensuring compose stack is running...
2025-12-11 14:23:10 - Service vinted-notifications is not running; attempting to start it.
2025-12-11 14:23:10 - Service vinted-notifications is not running; attempting to start it.
2025-12-11 14:23:10 - Ensuring compose stack is running...
2025-12-11 14:23:10 - Ensuring compose stack is running...
2025-12-11 14:23:20 - Service vinted-notifications is not running; attempting to start it.
2025-12-11 14:23:20 - Service vinted-notifications is not running; attempting to start it.
2025-12-11 14:23:20 - Ensuring compose stack is running...
2025-12-11 14:23:20 - Ensuring compose stack is running...
2025-12-11 14:23:31 - Service vinted-notifications is not running; attempting to start it.
2025-12-11 14:23:31 - Service vinted-notifications is not running; attempting to start it.
2025-12-11 14:23:31 - Ensuring compose stack is running...
2025-12-11 14:23:31 - Ensuring compose stack is running...
2025-12-11 14:23:41 - Service vinted-notifications is not running; attempting to start it.
2025-12-11 14:23:41 - Service vinted-notifications is not running; attempting to start it.
2025-12-11 14:23:41 - Ensuring compose stack is running...
2025-12-11 14:23:41 - Ensuring compose stack is running...
2025-12-11 14:23:51 - Service vinted-notifications is not running; attempting to start it.
2025-12-11 14:23:51 - Service vinted-notifications is not running; attempting to start it.
2025-12-11 14:23:51 - Ensuring compose stack is running...
2025-12-11 14:23:51 - Ensuring compose stack is running...
2025-12-11 14:24:01 - Service vinted-notifications is not running; attempting to start it.
2025-12-11 14:24:01 - Service vinted-notifications is not running; attempting to start it.
2025-12-11 14:24:01 - Ensuring compose stack is running...
2025-12-11 14:24:01 - Ensuring compose stack is running...
2025-12-11 14:24:11 - Service vinted-notifications is not running; attempting to start it.
2025-12-11 14:24:11 - Service vinted-notifications is not running; attempting to start it.
2025-12-11 14:24:11 - Ensuring compose stack is running...
2025-12-11 14:24:11 - Ensuring compose stack is running...
2025-12-11 14:24:21 - Service vinted-notifications is not running; attempting to start it.
2025-12-11 14:24:21 - Service vinted-notifications is not running; attempting to start it.
2025-12-11 14:24:21 - Ensuring compose stack is running...
2025-12-11 14:24:21 - Ensuring compose stack is running...
2025-12-11 14:24:31 - Service vinted-notifications is not running; attempting to start it.
2025-12-11 14:24:31 - Service vinted-notifications is not running; attempting to start it.
2025-12-11 14:24:31 - Ensuring compose stack is running...
2025-12-11 14:24:31 - Ensuring compose stack is running...
2025-12-11 14:24:41 - Service vinted-notifications is not running; attempting to start it.
2025-12-11 14:24:41 - Service vinted-notifications is not running; attempting to start it.
2025-12-11 14:24:41 - Ensuring compose stack is running...
2025-12-11 14:24:41 - Ensuring compose stack is running...
2025-12-11 14:24:51 - Service vinted-notifications is not running; attempting to start it.
2025-12-11 14:24:51 - Service vinted-notifications is not running; attempting to start it.
2025-12-11 14:24:51 - Ensuring compose stack is running...
2025-12-11 14:24:51 - Ensuring compose stack is running...
2025-12-11 14:25:02 - Service vinted-notifications is not running; attempting to start it.
2025-12-11 14:25:02 - Service vinted-notifications is not running; attempting to start it.
2025-12-11 14:25:02 - Ensuring compose stack is running...
2025-12-11 14:25:02 - Ensuring compose stack is running...
2025-12-11 14:25:12 - Service vinted-notifications is not running; attempting to start it.
2025-12-11 14:25:12 - Service vinted-notifications is not running; attempting to start it.
2025-12-11 14:25:12 - Ensuring compose stack is running...
2025-12-11 14:25:12 - Ensuring compose stack is running...
2025-12-11 14:25:24 - Service vinted-notifications is not running; attempting to start it.
2025-12-11 14:25:24 - Service vinted-notifications is not running; attempting to start it.
2025-12-11 14:25:24 - Ensuring compose stack is running...
2025-12-11 14:25:24 - Ensuring compose stack is running...
2025-12-11 14:25:33 - Service vinted-notifications is not running; attempting to start it.
2025-12-11 14:25:33 - Service vinted-notifications is not running; attempting to start it.
2025-12-11 14:25:33 - Ensuring compose stack is running...
2025-12-11 14:25:33 - Ensuring compose stack is running...
2025-12-11 14:25:43 - Service vinted-notifications is not running; attempting to start it.
2025-12-11 14:25:43 - Service vinted-notifications is not running; attempting to start it.
2025-12-11 14:25:43 - Ensuring compose stack is running...
2025-12-11 14:25:43 - Ensuring compose stack is running...
2025-12-11 14:25:53 - Service vinted-notifications is not running; attempting to start it.
2025-12-11 14:25:53 - Service vinted-notifications is not running; attempting to start it.
2025-12-11 14:25:53 - Ensuring compose stack is running...
2025-12-11 14:25:53 - Ensuring compose stack is running...
2025-12-11 14:26:03 - Service vinted-notifications is not running; attempting to start it.
2025-12-11 14:26:03 - Service vinted-notifications is not running; attempting to start it.
2025-12-11 14:26:03 - Ensuring compose stack is running...
2025-12-11 14:26:03 - Ensuring compose stack is running...
2025-12-11 14:26:13 - Service vinted-notifications is not running; attempting to start it.
2025-12-11 14:26:13 - Service vinted-notifications is not running; attempting to start it.
2025-12-11 14:26:13 - Ensuring compose stack is running...
2025-12-11 14:26:13 - Ensuring compose stack is running...
2025-12-11 14:26:23 - Service vinted-notifications is not running; attempting to start it.
2025-12-11 14:26:23 - Service vinted-notifications is not running; attempting to start it.
2025-12-11 14:26:23 - Ensuring compose stack is running...
2025-12-11 14:26:23 - Ensuring compose stack is running...
2025-12-11 14:26:33 - Service vinted-notifications is not running; attempting to start it.
2025-12-11 14:26:33 - Service vinted-notifications is not running; attempting to start it.
2025-12-11 14:26:33 - Ensuring compose stack is running...
2025-12-11 14:26:33 - Ensuring compose stack is running...
2025-12-11 14:26:43 - Service vinted-notifications is not running; attempting to start it.
2025-12-11 14:26:43 - Service vinted-notifications is not running; attempting to start it.
2025-12-11 14:26:43 - Ensuring compose stack is running...
2025-12-11 14:26:43 - Ensuring compose stack is running...
2025-12-11 14:26:54 - Service vinted-notifications is not running; attempting to start it.
2025-12-11 14:26:54 - Service vinted-notifications is not running; attempting to start it.
2025-12-11 14:26:54 - Ensuring compose stack is running...
2025-12-11 14:26:54 - Ensuring compose stack is running...
2025-12-11 14:27:04 - Service vinted-notifications is not running; attempting to start it.
2025-12-11 14:27:04 - Service vinted-notifications is not running; attempting to start it.
2025-12-11 14:27:04 - Ensuring compose stack is running...
2025-12-11 14:27:04 - Ensuring compose stack is running...
2025-12-11 14:27:14 - Service vinted-notifications is not running; attempting to start it.
2025-12-11 14:27:14 - Service vinted-notifications is not running; attempting to start it.
2025-12-11 14:27:14 - Ensuring compose stack is running...
2025-12-11 14:27:14 - Ensuring compose stack is running...
2025-12-11 14:27:24 - Service vinted-notifications is not running; attempting to start it.
2025-12-11 14:27:24 - Service vinted-notifications is not running; attempting to start it.
2025-12-11 14:27:24 - Ensuring compose stack is running...
2025-12-11 14:27:24 - Ensuring compose stack is running...
2025-12-11 14:27:35 - Service vinted-notifications is not running; attempting to start it.
2025-12-11 14:27:35 - Service vinted-notifications is not running; attempting to start it.
2025-12-11 14:27:35 - Ensuring compose stack is running...
2025-12-11 14:27:35 - Ensuring compose stack is running...
2025-12-11 14:27:45 - Service vinted-notifications is not running; attempting to start it.
2025-12-11 14:27:45 - Service vinted-notifications is not running; attempting to start it.
2025-12-11 14:27:45 - Ensuring compose stack is running...
2025-12-11 14:27:45 - Ensuring compose stack is running...
2025-12-11 14:27:55 - Service vinted-notifications is not running; attempting to start it.
2025-12-11 14:27:55 - Service vinted-notifications is not running; attempting to start it.
2025-12-11 14:27:55 - Ensuring compose stack is running...
2025-12-11 14:27:55 - Ensuring compose stack is running...
2025-12-11 14:28:05 - Service vinted-notifications is not running; attempting to start it.
2025-12-11 14:28:05 - Service vinted-notifications is not running; attempting to start it.
2025-12-11 14:28:05 - Ensuring compose stack is running...
2025-12-11 14:28:05 - Ensuring compose stack is running...
2025-12-11 14:28:15 - Service vinted-notifications is not running; attempting to start it.
2025-12-11 14:28:15 - Service vinted-notifications is not running; attempting to start it.
2025-12-11 14:28:15 - Ensuring compose stack is running...
2025-12-11 14:28:15 - Ensuring compose stack is running...
2025-12-11 14:28:25 - Service vinted-notifications is not running; attempting to start it.
2025-12-11 14:28:25 - Service vinted-notifications is not running; attempting to start it.
2025-12-11 14:28:25 - Ensuring compose stack is running...
2025-12-11 14:28:25 - Ensuring compose stack is running...
2025-12-11 14:28:36 - Service vinted-notifications is not running; attempting to start it.
2025-12-11 14:28:36 - Service vinted-notifications is not running; attempting to start it.
2025-12-11 14:28:36 - Ensuring compose stack is running...
2025-12-11 14:28:36 - Ensuring compose stack is running...
2025-12-11 14:28:46 - Service vinted-notifications is not running; attempting to start it.
2025-12-11 14:28:46 - Service vinted-notifications is not running; attempting to start it.
2025-12-11 14:28:46 - Ensuring compose stack is running...
2025-12-11 14:28:46 - Ensuring compose stack is running...
2025-12-11 14:28:56 - Service vinted-notifications is not running; attempting to start it.
2025-12-11 14:28:56 - Service vinted-notifications is not running; attempting to start it.
2025-12-11 14:28:56 - Ensuring compose stack is running...
2025-12-11 14:28:56 - Ensuring compose stack is running...
2025-12-11 14:29:06 - Service vinted-notifications is not running; attempting to start it.
2025-12-11 14:29:06 - Service vinted-notifications is not running; attempting to start it.
2025-12-11 14:29:06 - Ensuring compose stack is running...
2025-12-11 14:29:06 - Ensuring compose stack is running...
2025-12-11 14:29:16 - Service vinted-notifications is not running; attempting to start it.
2025-12-11 14:29:16 - Service vinted-notifications is not running; attempting to start it.
2025-12-11 14:29:16 - Ensuring compose stack is running...
2025-12-11 14:29:16 - Ensuring compose stack is running...
2025-12-11 14:29:27 - Service vinted-notifications is not running; attempting to start it.
2025-12-11 14:29:27 - Service vinted-notifications is not running; attempting to start it.
2025-12-11 14:29:27 - Ensuring compose stack is running...
2025-12-11 14:29:27 - Ensuring compose stack is running...
2025-12-11 14:29:37 - Service vinted-notifications is not running; attempting to start it.
2025-12-11 14:29:37 - Service vinted-notifications is not running; attempting to start it.
2025-12-11 14:29:37 - Ensuring compose stack is running...
2025-12-11 14:29:37 - Ensuring compose stack is running...
2025-12-11 14:29:47 - Service vinted-notifications is not running; attempting to start it.
2025-12-11 14:29:47 - Service vinted-notifications is not running; attempting to start it.
2025-12-11 14:29:47 - Ensuring compose stack is running...
2025-12-11 14:29:47 - Ensuring compose stack is running...
2025-12-11 14:29:57 - Service vinted-notifications is not running; attempting to start it.
2025-12-11 14:29:57 - Service vinted-notifications is not running; attempting to start it.
2025-12-11 14:29:57 - Ensuring compose stack is running...
2025-12-11 14:29:57 - Ensuring compose stack is running...
2025-12-11 14:30:07 - Service vinted-notifications is not running; attempting to start it.
2025-12-11 14:30:07 - Service vinted-notifications is not running; attempting to start it.
2025-12-11 14:30:07 - Ensuring compose stack is running...
2025-12-11 14:30:07 - Ensuring compose stack is running...
2025-12-11 14:30:17 - Service vinted-notifications is not running; attempting to start it.
2025-12-11 14:30:17 - Service vinted-notifications is not running; attempting to start it.
2025-12-11 14:30:17 - Ensuring compose stack is running...
2025-12-11 14:30:17 - Ensuring compose stack is running...
2025-12-11 14:30:28 - Service vinted-notifications is not running; attempting to start it.
2025-12-11 14:30:28 - Service vinted-notifications is not running; attempting to start it.
2025-12-11 14:30:28 - Ensuring compose stack is running...
2025-12-11 14:30:28 - Ensuring compose stack is running...
2025-12-11 14:30:38 - Service vinted-notifications is not running; attempting to start it.
2025-12-11 14:30:38 - Service vinted-notifications is not running; attempting to start it.
2025-12-11 14:30:38 - Ensuring compose stack is running...
2025-12-11 14:30:38 - Ensuring compose stack is running...
2025-12-11 14:30:48 - Service vinted-notifications is not running; attempting to start it.
2025-12-11 14:30:48 - Service vinted-notifications is not running; attempting to start it.
2025-12-11 14:30:48 - Ensuring compose stack is running...
2025-12-11 14:30:48 - Ensuring compose stack is running...
2025-12-11 14:30:59 - Service vinted-notifications is not running; attempting to start it.
2025-12-11 14:30:59 - Service vinted-notifications is not running; attempting to start it.
2025-12-11 14:30:59 - Ensuring compose stack is running...
2025-12-11 14:30:59 - Ensuring compose stack is running...
2025-12-11 14:31:09 - Service vinted-notifications is not running; attempting to start it.
2025-12-11 14:31:09 - Service vinted-notifications is not running; attempting to start it.
2025-12-11 14:31:09 - Ensuring compose stack is running...
2025-12-11 14:31:09 - Ensuring compose stack is running...
2025-12-11 14:31:19 - Service vinted-notifications is not running; attempting to start it.
2025-12-11 14:31:19 - Service vinted-notifications is not running; attempting to start it.
2025-12-11 14:31:19 - Ensuring compose stack is running...
2025-12-11 14:31:19 - Ensuring compose stack is running...
2025-12-11 14:31:29 - Service vinted-notifications is not running; attempting to start it.
2025-12-11 14:31:29 - Service vinted-notifications is not running; attempting to start it.
2025-12-11 14:31:29 - Ensuring compose stack is running...
2025-12-11 14:31:29 - Ensuring compose stack is running...
2025-12-11 14:31:39 - Service vinted-notifications is not running; attempting to start it.
2025-12-11 14:31:39 - Service vinted-notifications is not running; attempting to start it.
2025-12-11 14:31:39 - Ensuring compose stack is running...
2025-12-11 14:31:39 - Ensuring compose stack is running...
2025-12-11 14:31:50 - Service vinted-notifications is not running; attempting to start it.
2025-12-11 14:31:50 - Service vinted-notifications is not running; attempting to start it.
2025-12-11 14:31:50 - Ensuring compose stack is running...
2025-12-11 14:31:50 - Ensuring compose stack is running...
2025-12-11 14:32:00 - Service vinted-notifications is not running; attempting to start it.
2025-12-11 14:32:00 - Service vinted-notifications is not running; attempting to start it.
2025-12-11 14:32:00 - Ensuring compose stack is running...
2025-12-11 14:32:00 - Ensuring compose stack is running...
2025-12-11 14:32:10 - Service vinted-notifications is not running; attempting to start it.
2025-12-11 14:32:10 - Service vinted-notifications is not running; attempting to start it.
2025-12-11 14:32:10 - Ensuring compose stack is running...
2025-12-11 14:32:10 - Ensuring compose stack is running...
2025-12-11 14:32:20 - Service vinted-notifications is not running; attempting to start it.
2025-12-11 14:32:20 - Service vinted-notifications is not running; attempting to start it.
2025-12-11 14:32:20 - Ensuring compose stack is running...
2025-12-11 14:32:20 - Ensuring compose stack is running...
2025-12-11 14:32:31 - Service vinted-notifications is not running; attempting to start it.
2025-12-11 14:32:31 - Service vinted-notifications is not running; attempting to start it.
2025-12-11 14:32:31 - Ensuring compose stack is running...
2025-12-11 14:32:31 - Ensuring compose stack is running...
2025-12-11 14:32:41 - Service vinted-notifications is not running; attempting to start it.
2025-12-11 14:32:41 - Service vinted-notifications is not running; attempting to start it.
2025-12-11 14:32:41 - Ensuring compose stack is running...
2025-12-11 14:32:41 - Ensuring compose stack is running...
2025-12-11 14:32:51 - Service vinted-notifications is not running; attempting to start it.
2025-12-11 14:32:51 - Service vinted-notifications is not running; attempting to start it.
2025-12-11 14:32:51 - Ensuring compose stack is running...
2025-12-11 14:32:51 - Ensuring compose stack is running...
2025-12-11 14:33:01 - Service vinted-notifications is not running; attempting to start it.
2025-12-11 14:33:01 - Service vinted-notifications is not running; attempting to start it.
2025-12-11 14:33:01 - Ensuring compose stack is running...
2025-12-11 14:33:01 - Ensuring compose stack is running...
2025-12-11 14:33:12 - Service vinted-notifications is not running; attempting to start it.
2025-12-11 14:33:12 - Service vinted-notifications is not running; attempting to start it.
2025-12-11 14:33:12 - Ensuring compose stack is running...
2025-12-11 14:33:12 - Ensuring compose stack is running...
2025-12-11 14:33:22 - Service vinted-notifications is not running; attempting to start it.
2025-12-11 14:33:22 - Service vinted-notifications is not running; attempting to start it.
2025-12-11 14:33:22 - Ensuring compose stack is running...
2025-12-11 14:33:22 - Ensuring compose stack is running...
2025-12-11 14:33:32 - Service vinted-notifications is not running; attempting to start it.
2025-12-11 14:33:32 - Service vinted-notifications is not running; attempting to start it.
2025-12-11 14:33:32 - Ensuring compose stack is running...
2025-12-11 14:33:32 - Ensuring compose stack is running...
2025-12-11 14:33:43 - Service vinted-notifications is not running; attempting to start it.
2025-12-11 14:33:43 - Service vinted-notifications is not running; attempting to start it.
2025-12-11 14:33:43 - Ensuring compose stack is running...
2025-12-11 14:33:43 - Ensuring compose stack is running...
2025-12-11 14:33:53 - Service vinted-notifications is not running; attempting to start it.
2025-12-11 14:33:53 - Service vinted-notifications is not running; attempting to start it.
2025-12-11 14:33:53 - Ensuring compose stack is running...
2025-12-11 14:33:53 - Ensuring compose stack is running...
2025-12-11 14:34:03 - Service vinted-notifications is not running; attempting to start it.
2025-12-11 14:34:03 - Service vinted-notifications is not running; attempting to start it.
2025-12-11 14:34:03 - Ensuring compose stack is running...
2025-12-11 14:34:03 - Ensuring compose stack is running...
2025-12-11 14:34:13 - Service vinted-notifications is not running; attempting to start it.
2025-12-11 14:34:13 - Service vinted-notifications is not running; attempting to start it.
2025-12-11 14:34:13 - Ensuring compose stack is running...
2025-12-11 14:34:13 - Ensuring compose stack is running...
2025-12-11 14:34:23 - Service vinted-notifications is not running; attempting to start it.
2025-12-11 14:34:23 - Service vinted-notifications is not running; attempting to start it.
2025-12-11 14:34:23 - Ensuring compose stack is running...
2025-12-11 14:34:23 - Ensuring compose stack is running...
2025-12-11 14:34:33 - Service vinted-notifications is not running; attempting to start it.
2025-12-11 14:34:33 - Service vinted-notifications is not running; attempting to start it.
2025-12-11 14:34:33 - Ensuring compose stack is running...
2025-12-11 14:34:33 - Ensuring compose stack is running...
2025-12-11 14:34:44 - Service vinted-notifications is not running; attempting to start it.
2025-12-11 14:34:44 - Service vinted-notifications is not running; attempting to start it.
2025-12-11 14:34:44 - Ensuring compose stack is running...
2025-12-11 14:34:44 - Ensuring compose stack is running...
2025-12-11 14:34:54 - Service vinted-notifications is not running; attempting to start it.
2025-12-11 14:34:54 - Service vinted-notifications is not running; attempting to start it.
2025-12-11 14:34:54 - Ensuring compose stack is running...
2025-12-11 14:34:54 - Ensuring compose stack is running...
2025-12-11 14:35:05 - Service vinted-notifications is not running; attempting to start it.
2025-12-11 14:35:05 - Service vinted-notifications is not running; attempting to start it.
2025-12-11 14:35:05 - Ensuring compose stack is running...
2025-12-11 14:35:05 - Ensuring compose stack is running...
2025-12-11 14:35:15 - Service vinted-notifications is not running; attempting to start it.
2025-12-11 14:35:15 - Service vinted-notifications is not running; attempting to start it.
2025-12-11 14:35:15 - Ensuring compose stack is running...
2025-12-11 14:35:15 - Ensuring compose stack is running...
2025-12-11 14:35:25 - Service vinted-notifications is not running; attempting to start it.
2025-12-11 14:35:25 - Service vinted-notifications is not running; attempting to start it.
2025-12-11 14:35:25 - Ensuring compose stack is running...
2025-12-11 14:35:25 - Ensuring compose stack is running...
2025-12-11 14:35:35 - Service vinted-notifications is not running; attempting to start it.
2025-12-11 14:35:35 - Service vinted-notifications is not running; attempting to start it.
2025-12-11 14:35:35 - Ensuring compose stack is running...
2025-12-11 14:35:35 - Ensuring compose stack is running...
2025-12-11 14:35:45 - Service vinted-notifications is not running; attempting to start it.
2025-12-11 14:35:45 - Service vinted-notifications is not running; attempting to start it.
2025-12-11 14:35:45 - Ensuring compose stack is running...
2025-12-11 14:35:45 - Ensuring compose stack is running...
2025-12-11 14:35:55 - Service vinted-notifications is not running; attempting to start it.
2025-12-11 14:35:55 - Service vinted-notifications is not running; attempting to start it.
2025-12-11 14:35:55 - Ensuring compose stack is running...
2025-12-11 14:35:55 - Ensuring compose stack is running...
2025-12-11 14:36:06 - Service vinted-notifications is not running; attempting to start it.
2025-12-11 14:36:06 - Service vinted-notifications is not running; attempting to start it.
2025-12-11 14:36:06 - Ensuring compose stack is running...
2025-12-11 14:36:06 - Ensuring compose stack is running...
2025-12-11 14:36:16 - Service vinted-notifications is not running; attempting to start it.
2025-12-11 14:36:16 - Service vinted-notifications is not running; attempting to start it.
2025-12-11 14:36:16 - Ensuring compose stack is running...
2025-12-11 14:36:16 - Ensuring compose stack is running...
2025-12-11 14:36:26 - Service vinted-notifications is not running; attempting to start it.
2025-12-11 14:36:26 - Service vinted-notifications is not running; attempting to start it.
2025-12-11 14:36:26 - Ensuring compose stack is running...
2025-12-11 14:36:26 - Ensuring compose stack is running...
2025-12-11 14:36:36 - Service vinted-notifications is not running; attempting to start it.
2025-12-11 14:36:36 - Service vinted-notifications is not running; attempting to start it.
2025-12-11 14:36:36 - Ensuring compose stack is running...
2025-12-11 14:36:36 - Ensuring compose stack is running...
2025-12-11 14:36:47 - Service vinted-notifications is not running; attempting to start it.
2025-12-11 14:36:47 - Service vinted-notifications is not running; attempting to start it.
2025-12-11 14:36:47 - Ensuring compose stack is running...
2025-12-11 14:36:47 - Ensuring compose stack is running...
2025-12-11 14:36:57 - Service vinted-notifications is not running; attempting to start it.
2025-12-11 14:36:57 - Service vinted-notifications is not running; attempting to start it.
2025-12-11 14:36:57 - Ensuring compose stack is running...
2025-12-11 14:36:57 - Ensuring compose stack is running...
2025-12-11 14:37:07 - Service vinted-notifications is not running; attempting to start it.
2025-12-11 14:37:07 - Service vinted-notifications is not running; attempting to start it.
2025-12-11 14:37:07 - Ensuring compose stack is running...
2025-12-11 14:37:07 - Ensuring compose stack is running...
2025-12-11 14:37:17 - Service vinted-notifications is not running; attempting to start it.
2025-12-11 14:37:17 - Service vinted-notifications is not running; attempting to start it.
2025-12-11 14:37:17 - Ensuring compose stack is running...
2025-12-11 14:37:17 - Ensuring compose stack is running...
2025-12-11 14:37:27 - Service vinted-notifications is not running; attempting to start it.
2025-12-11 14:37:27 - Service vinted-notifications is not running; attempting to start it.
2025-12-11 14:37:27 - Ensuring compose stack is running...
2025-12-11 14:37:27 - Ensuring compose stack is running...
2025-12-11 14:37:37 - Service vinted-notifications is not running; attempting to start it.
2025-12-11 14:37:37 - Service vinted-notifications is not running; attempting to start it.
2025-12-11 14:37:37 - Ensuring compose stack is running...
2025-12-11 14:37:37 - Ensuring compose stack is running...
2025-12-11 14:37:47 - Service vinted-notifications is not running; attempting to start it.
2025-12-11 14:37:47 - Service vinted-notifications is not running; attempting to start it.
2025-12-11 14:37:47 - Ensuring compose stack is running...
2025-12-11 14:37:47 - Ensuring compose stack is running...
2025-12-11 14:37:58 - Service vinted-notifications is not running; attempting to start it.
2025-12-11 14:37:58 - Service vinted-notifications is not running; attempting to start it.
2025-12-11 14:37:58 - Ensuring compose stack is running...
2025-12-11 14:37:58 - Ensuring compose stack is running...
2025-12-11 14:38:08 - Service vinted-notifications is not running; attempting to start it.
2025-12-11 14:38:08 - Service vinted-notifications is not running; attempting to start it.
2025-12-11 14:38:08 - Ensuring compose stack is running...
2025-12-11 14:38:08 - Ensuring compose stack is running...
2025-12-11 14:38:18 - Service vinted-notifications is not running; attempting to start it.
2025-12-11 14:38:18 - Service vinted-notifications is not running; attempting to start it.
2025-12-11 14:38:18 - Ensuring compose stack is running...
2025-12-11 14:38:18 - Ensuring compose stack is running...
2025-12-11 14:38:28 - Service vinted-notifications is not running; attempting to start it.
2025-12-11 14:38:28 - Service vinted-notifications is not running; attempting to start it.
2025-12-11 14:38:28 - Ensuring compose stack is running...
2025-12-11 14:38:28 - Ensuring compose stack is running...
2025-12-11 14:38:38 - Service vinted-notifications is not running; attempting to start it.
2025-12-11 14:38:38 - Service vinted-notifications is not running; attempting to start it.
2025-12-11 14:38:38 - Ensuring compose stack is running...
2025-12-11 14:38:38 - Ensuring compose stack is running...
2025-12-11 14:38:48 - Service vinted-notifications is not running; attempting to start it.
2025-12-11 14:38:48 - Service vinted-notifications is not running; attempting to start it.
2025-12-11 14:38:48 - Ensuring compose stack is running...
2025-12-11 14:38:48 - Ensuring compose stack is running...
2025-12-11 14:38:58 - Service vinted-notifications is not running; attempting to start it.
2025-12-11 14:38:58 - Service vinted-notifications is not running; attempting to start it.
2025-12-11 14:38:58 - Ensuring compose stack is running...
2025-12-11 14:38:58 - Ensuring compose stack is running...
2025-12-11 14:39:09 - Service vinted-notifications is not running; attempting to start it.
2025-12-11 14:39:09 - Service vinted-notifications is not running; attempting to start it.
2025-12-11 14:39:09 - Ensuring compose stack is running...
2025-12-11 14:39:09 - Ensuring compose stack is running...
2025-12-11 14:39:19 - Service vinted-notifications is not running; attempting to start it.
2025-12-11 14:39:19 - Service vinted-notifications is not running; attempting to start it.
2025-12-11 14:39:19 - Ensuring compose stack is running...
2025-12-11 14:39:19 - Ensuring compose stack is running...
2025-12-11 14:39:29 - Service vinted-notifications is not running; attempting to start it.
2025-12-11 14:39:29 - Service vinted-notifications is not running; attempting to start it.
2025-12-11 14:39:29 - Ensuring compose stack is running...
2025-12-11 14:39:29 - Ensuring compose stack is running...
2025-12-11 14:39:39 - Service vinted-notifications is not running; attempting to start it.
2025-12-11 14:39:39 - Service vinted-notifications is not running; attempting to start it.
2025-12-11 14:39:39 - Ensuring compose stack is running...
2025-12-11 14:39:39 - Ensuring compose stack is running...
2025-12-11 14:39:50 - Service vinted-notifications is not running; attempting to start it.
2025-12-11 14:39:50 - Service vinted-notifications is not running; attempting to start it.
2025-12-11 14:39:50 - Ensuring compose stack is running...
2025-12-11 14:39:50 - Ensuring compose stack is running...
2025-12-11 14:40:00 - Service vinted-notifications is not running; attempting to start it.
2025-12-11 14:40:00 - Service vinted-notifications is not running; attempting to start it.
2025-12-11 14:40:00 - Ensuring compose stack is running...
2025-12-11 14:40:00 - Ensuring compose stack is running...
2025-12-11 14:40:10 - Service vinted-notifications is not running; attempting to start it.
2025-12-11 14:40:10 - Service vinted-notifications is not running; attempting to start it.
2025-12-11 14:40:10 - Ensuring compose stack is running...
2025-12-11 14:40:10 - Ensuring compose stack is running...
2025-12-11 14:40:20 - Service vinted-notifications is not running; attempting to start it.
2025-12-11 14:40:20 - Service vinted-notifications is not running; attempting to start it.
2025-12-11 14:40:20 - Ensuring compose stack is running...
2025-12-11 14:40:20 - Ensuring compose stack is running...
2025-12-11 14:40:30 - Service vinted-notifications is not running; attempting to start it.
2025-12-11 14:40:30 - Service vinted-notifications is not running; attempting to start it.
2025-12-11 14:40:30 - Ensuring compose stack is running...
2025-12-11 14:40:30 - Ensuring compose stack is running...
2025-12-11 14:40:40 - Service vinted-notifications is not running; attempting to start it.
2025-12-11 14:40:40 - Service vinted-notifications is not running; attempting to start it.
2025-12-11 14:40:40 - Ensuring compose stack is running...
2025-12-11 14:40:40 - Ensuring compose stack is running...
2025-12-11 14:40:51 - Service vinted-notifications is not running; attempting to start it.
2025-12-11 14:40:51 - Service vinted-notifications is not running; attempting to start it.
2025-12-11 14:40:51 - Ensuring compose stack is running...
2025-12-11 14:40:51 - Ensuring compose stack is running...
2025-12-11 14:41:01 - Service vinted-notifications is not running; attempting to start it.
2025-12-11 14:41:01 - Service vinted-notifications is not running; attempting to start it.
2025-12-11 14:41:01 - Ensuring compose stack is running...
2025-12-11 14:41:01 - Ensuring compose stack is running...
2025-12-11 14:41:11 - Service vinted-notifications is not running; attempting to start it.
2025-12-11 14:41:11 - Service vinted-notifications is not running; attempting to start it.
2025-12-11 14:41:11 - Ensuring compose stack is running...
2025-12-11 14:41:11 - Ensuring compose stack is running...
2025-12-11 14:41:21 - Service vinted-notifications is not running; attempting to start it.
2025-12-11 14:41:21 - Service vinted-notifications is not running; attempting to start it.
2025-12-11 14:41:21 - Ensuring compose stack is running...
2025-12-11 14:41:21 - Ensuring compose stack is running...
2025-12-11 14:41:31 - Service vinted-notifications is not running; attempting to start it.
2025-12-11 14:41:31 - Service vinted-notifications is not running; attempting to start it.
2025-12-11 14:41:31 - Ensuring compose stack is running...
2025-12-11 14:41:31 - Ensuring compose stack is running...
2025-12-11 14:41:41 - Service vinted-notifications is not running; attempting to start it.
2025-12-11 14:41:41 - Service vinted-notifications is not running; attempting to start it.
2025-12-11 14:41:41 - Ensuring compose stack is running...
2025-12-11 14:41:41 - Ensuring compose stack is running...
2025-12-11 14:41:51 - Service vinted-notifications is not running; attempting to start it.
2025-12-11 14:41:51 - Service vinted-notifications is not running; attempting to start it.
2025-12-11 14:41:51 - Ensuring compose stack is running...
2025-12-11 14:41:51 - Ensuring compose stack is running...
2025-12-11 14:42:02 - Service vinted-notifications is not running; attempting to start it.
2025-12-11 14:42:02 - Service vinted-notifications is not running; attempting to start it.
2025-12-11 14:42:02 - Ensuring compose stack is running...
2025-12-11 14:42:02 - Ensuring compose stack is running...
2025-12-11 14:42:12 - Service vinted-notifications is not running; attempting to start it.
2025-12-11 14:42:12 - Service vinted-notifications is not running; attempting to start it.
2025-12-11 14:42:12 - Ensuring compose stack is running...
2025-12-11 14:42:12 - Ensuring compose stack is running...
2025-12-11 14:42:22 - Service vinted-notifications is not running; attempting to start it.
2025-12-11 14:42:22 - Service vinted-notifications is not running; attempting to start it.
2025-12-11 14:42:22 - Ensuring compose stack is running...
2025-12-11 14:42:22 - Ensuring compose stack is running...
2025-12-11 14:42:32 - Service vinted-notifications is not running; attempting to start it.
2025-12-11 14:42:32 - Service vinted-notifications is not running; attempting to start it.
2025-12-11 14:42:32 - Ensuring compose stack is running...
2025-12-11 14:42:32 - Ensuring compose stack is running...
2025-12-11 14:42:42 - Service vinted-notifications is not running; attempting to start it.
2025-12-11 14:42:42 - Service vinted-notifications is not running; attempting to start it.
2025-12-11 14:42:42 - Ensuring compose stack is running...
2025-12-11 14:42:42 - Ensuring compose stack is running...
2025-12-11 14:42:52 - Service vinted-notifications is not running; attempting to start it.
2025-12-11 14:42:52 - Service vinted-notifications is not running; attempting to start it.
2025-12-11 14:42:52 - Ensuring compose stack is running...
2025-12-11 14:42:52 - Ensuring compose stack is running...
2025-12-11 14:43:03 - Service vinted-notifications is not running; attempting to start it.
2025-12-11 14:43:03 - Service vinted-notifications is not running; attempting to start it.
2025-12-11 14:43:03 - Ensuring compose stack is running...
2025-12-11 14:43:03 - Ensuring compose stack is running...
2025-12-11 14:43:13 - Service vinted-notifications is not running; attempting to start it.
2025-12-11 14:43:13 - Service vinted-notifications is not running; attempting to start it.
2025-12-11 14:43:13 - Ensuring compose stack is running...
2025-12-11 14:43:13 - Ensuring compose stack is running...
2025-12-11 14:43:23 - Service vinted-notifications is not running; attempting to start it.
2025-12-11 14:43:23 - Service vinted-notifications is not running; attempting to start it.
2025-12-11 14:43:23 - Ensuring compose stack is running...
2025-12-11 14:43:23 - Ensuring compose stack is running...
2025-12-11 14:43:33 - Service vinted-notifications is not running; attempting to start it.
2025-12-11 14:43:33 - Service vinted-notifications is not running; attempting to start it.
2025-12-11 14:43:33 - Ensuring compose stack is running...
2025-12-11 14:43:33 - Ensuring compose stack is running...
2025-12-11 14:43:43 - Service vinted-notifications is not running; attempting to start it.
2025-12-11 14:43:43 - Service vinted-notifications is not running; attempting to start it.
2025-12-11 14:43:43 - Ensuring compose stack is running...
2025-12-11 14:43:43 - Ensuring compose stack is running...
2025-12-11 14:43:53 - Service vinted-notifications is not running; attempting to start it.
2025-12-11 14:43:53 - Service vinted-notifications is not running; attempting to start it.
2025-12-11 14:43:53 - Ensuring compose stack is running...
2025-12-11 14:43:53 - Ensuring compose stack is running...
2025-12-11 14:44:04 - Service vinted-notifications is not running; attempting to start it.
2025-12-11 14:44:04 - Service vinted-notifications is not running; attempting to start it.
2025-12-11 14:44:04 - Ensuring compose stack is running...
2025-12-11 14:44:04 - Ensuring compose stack is running...
2025-12-11 14:44:14 - Service vinted-notifications is not running; attempting to start it.
2025-12-11 14:44:14 - Service vinted-notifications is not running; attempting to start it.
2025-12-11 14:44:14 - Ensuring compose stack is running...
2025-12-11 14:44:14 - Ensuring compose stack is running...
2025-12-11 14:44:24 - Service vinted-notifications is not running; attempting to start it.
2025-12-11 14:44:24 - Service vinted-notifications is not running; attempting to start it.
2025-12-11 14:44:24 - Ensuring compose stack is running...
2025-12-11 14:44:24 - Ensuring compose stack is running...
2025-12-11 14:44:34 - Service vinted-notifications is not running; attempting to start it.
2025-12-11 14:44:34 - Service vinted-notifications is not running; attempting to start it.
2025-12-11 14:44:34 - Ensuring compose stack is running...
2025-12-11 14:44:34 - Ensuring compose stack is running...
2025-12-11 14:44:44 - Service vinted-notifications is not running; attempting to start it.
2025-12-11 14:44:44 - Service vinted-notifications is not running; attempting to start it.
2025-12-11 14:44:44 - Ensuring compose stack is running...
2025-12-11 14:44:44 - Ensuring compose stack is running...
2025-12-11 14:44:54 - Service vinted-notifications is not running; attempting to start it.
2025-12-11 14:44:54 - Service vinted-notifications is not running; attempting to start it.
2025-12-11 14:44:54 - Ensuring compose stack is running...
2025-12-11 14:44:54 - Ensuring compose stack is running...
2025-12-11 14:45:04 - Service vinted-notifications is not running; attempting to start it.
2025-12-11 14:45:04 - Service vinted-notifications is not running; attempting to start it.
2025-12-11 14:45:04 - Ensuring compose stack is running...
2025-12-11 14:45:04 - Ensuring compose stack is running...
2025-12-11 14:45:14 - Service vinted-notifications is not running; attempting to start it.
2025-12-11 14:45:14 - Service vinted-notifications is not running; attempting to start it.
2025-12-11 14:45:14 - Ensuring compose stack is running...
2025-12-11 14:45:14 - Ensuring compose stack is running...
2025-12-11 14:45:25 - Service vinted-notifications is not running; attempting to start it.
2025-12-11 14:45:25 - Service vinted-notifications is not running; attempting to start it.
2025-12-11 14:45:25 - Ensuring compose stack is running...
2025-12-11 14:45:25 - Ensuring compose stack is running...
2025-12-11 14:45:35 - Service vinted-notifications is not running; attempting to start it.
2025-12-11 14:45:35 - Service vinted-notifications is not running; attempting to start it.
2025-12-11 14:45:35 - Ensuring compose stack is running...
2025-12-11 14:45:35 - Ensuring compose stack is running...
2025-12-11 14:45:45 - Service vinted-notifications is not running; attempting to start it.
2025-12-11 14:45:45 - Service vinted-notifications is not running; attempting to start it.
2025-12-11 14:45:45 - Ensuring compose stack is running...
2025-12-11 14:45:45 - Ensuring compose stack is running...
2025-12-11 14:45:55 - Service vinted-notifications is not running; attempting to start it.
2025-12-11 14:45:55 - Service vinted-notifications is not running; attempting to start it.
2025-12-11 14:45:55 - Ensuring compose stack is running...
2025-12-11 14:45:55 - Ensuring compose stack is running...
2025-12-11 14:46:05 - Service vinted-notifications is not running; attempting to start it.
2025-12-11 14:46:05 - Service vinted-notifications is not running; attempting to start it.
2025-12-11 14:46:05 - Ensuring compose stack is running...
2025-12-11 14:46:05 - Ensuring compose stack is running...
2025-12-11 14:46:16 - Service vinted-notifications is not running; attempting to start it.
2025-12-11 14:46:16 - Service vinted-notifications is not running; attempting to start it.
2025-12-11 14:46:16 - Ensuring compose stack is running...
2025-12-11 14:46:16 - Ensuring compose stack is running...
2025-12-11 14:46:26 - Service vinted-notifications is not running; attempting to start it.
2025-12-11 14:46:26 - Service vinted-notifications is not running; attempting to start it.
2025-12-11 14:46:26 - Ensuring compose stack is running...
2025-12-11 14:46:26 - Ensuring compose stack is running...
2025-12-11 14:46:36 - Service vinted-notifications is not running; attempting to start it.
2025-12-11 14:46:36 - Service vinted-notifications is not running; attempting to start it.
2025-12-11 14:46:36 - Ensuring compose stack is running...
2025-12-11 14:46:36 - Ensuring compose stack is running...
2025-12-11 14:46:46 - Service vinted-notifications is not running; attempting to start it.
2025-12-11 14:46:46 - Service vinted-notifications is not running; attempting to start it.
2025-12-11 14:46:46 - Ensuring compose stack is running...
2025-12-11 14:46:46 - Ensuring compose stack is running...
2025-12-11 14:46:56 - Service vinted-notifications is not running; attempting to start it.
2025-12-11 14:46:56 - Service vinted-notifications is not running; attempting to start it.
2025-12-11 14:46:56 - Ensuring compose stack is running...
2025-12-11 14:46:56 - Ensuring compose stack is running...
2025-12-11 14:47:06 - Service vinted-notifications is not running; attempting to start it.
2025-12-11 14:47:06 - Service vinted-notifications is not running; attempting to start it.
2025-12-11 14:47:06 - Ensuring compose stack is running...
2025-12-11 14:47:06 - Ensuring compose stack is running...
2025-12-11 14:47:16 - Service vinted-notifications is not running; attempting to start it.
2025-12-11 14:47:16 - Service vinted-notifications is not running; attempting to start it.
2025-12-11 14:47:16 - Ensuring compose stack is running...
2025-12-11 14:47:16 - Ensuring compose stack is running...
2025-12-11 14:47:26 - Service vinted-notifications is not running; attempting to start it.
2025-12-11 14:47:26 - Service vinted-notifications is not running; attempting to start it.
2025-12-11 14:47:26 - Ensuring compose stack is running...
2025-12-11 14:47:26 - Ensuring compose stack is running...
2025-12-11 14:47:37 - Service vinted-notifications is not running; attempting to start it.
2025-12-11 14:47:37 - Service vinted-notifications is not running; attempting to start it.
2025-12-11 14:47:37 - Ensuring compose stack is running...
2025-12-11 14:47:37 - Ensuring compose stack is running...
2025-12-11 14:47:47 - Service vinted-notifications is not running; attempting to start it.
2025-12-11 14:47:47 - Service vinted-notifications is not running; attempting to start it.
2025-12-11 14:47:47 - Ensuring compose stack is running...
2025-12-11 14:47:47 - Ensuring compose stack is running...
2025-12-11 14:47:57 - Service vinted-notifications is not running; attempting to start it.
2025-12-11 14:47:57 - Service vinted-notifications is not running; attempting to start it.
2025-12-11 14:47:57 - Ensuring compose stack is running...
2025-12-11 14:47:57 - Ensuring compose stack is running...
2025-12-11 14:48:07 - Service vinted-notifications is not running; attempting to start it.
2025-12-11 14:48:07 - Service vinted-notifications is not running; attempting to start it.
2025-12-11 14:48:07 - Ensuring compose stack is running...
2025-12-11 14:48:07 - Ensuring compose stack is running...
2025-12-11 14:48:17 - Service vinted-notifications is not running; attempting to start it.
2025-12-11 14:48:17 - Service vinted-notifications is not running; attempting to start it.
2025-12-11 14:48:17 - Ensuring compose stack is running...
2025-12-11 14:48:17 - Ensuring compose stack is running...
2025-12-11 14:48:28 - Service vinted-notifications is not running; attempting to start it.
2025-12-11 14:48:28 - Service vinted-notifications is not running; attempting to start it.
2025-12-11 14:48:28 - Ensuring compose stack is running...
2025-12-11 14:48:28 - Ensuring compose stack is running...
2025-12-11 14:48:38 - Service vinted-notifications is not running; attempting to start it.
2025-12-11 14:48:38 - Service vinted-notifications is not running; attempting to start it.
2025-12-11 14:48:38 - Ensuring compose stack is running...
2025-12-11 14:48:38 - Ensuring compose stack is running...
2025-12-11 14:48:48 - Service vinted-notifications is not running; attempting to start it.
2025-12-11 14:48:48 - Service vinted-notifications is not running; attempting to start it.
2025-12-11 14:48:48 - Ensuring compose stack is running...
2025-12-11 14:48:48 - Ensuring compose stack is running...
2025-12-11 14:48:58 - Service vinted-notifications is not running; attempting to start it.
2025-12-11 14:48:58 - Service vinted-notifications is not running; attempting to start it.
2025-12-11 14:48:58 - Ensuring compose stack is running...
2025-12-11 14:48:58 - Ensuring compose stack is running...
2025-12-11 14:49:08 - Service vinted-notifications is not running; attempting to start it.
2025-12-11 14:49:08 - Service vinted-notifications is not running; attempting to start it.
2025-12-11 14:49:08 - Ensuring compose stack is running...
2025-12-11 14:49:08 - Ensuring compose stack is running...
2025-12-11 14:49:18 - Service vinted-notifications is not running; attempting to start it.
2025-12-11 14:49:18 - Service vinted-notifications is not running; attempting to start it.
2025-12-11 14:49:18 - Ensuring compose stack is running...
2025-12-11 14:49:18 - Ensuring compose stack is running...
2025-12-11 14:49:29 - Service vinted-notifications is not running; attempting to start it.
2025-12-11 14:49:29 - Service vinted-notifications is not running; attempting to start it.
2025-12-11 14:49:29 - Ensuring compose stack is running...
2025-12-11 14:49:29 - Ensuring compose stack is running...
2025-12-11 14:49:39 - Service vinted-notifications is not running; attempting to start it.
2025-12-11 14:49:39 - Service vinted-notifications is not running; attempting to start it.
2025-12-11 14:49:39 - Ensuring compose stack is running...
2025-12-11 14:49:39 - Ensuring compose stack is running...
2025-12-11 14:49:49 - Service vinted-notifications is not running; attempting to start it.
2025-12-11 14:49:49 - Service vinted-notifications is not running; attempting to start it.
2025-12-11 14:49:49 - Ensuring compose stack is running...
2025-12-11 14:49:49 - Ensuring compose stack is running...
2025-12-11 14:49:59 - Service vinted-notifications is not running; attempting to start it.
2025-12-11 14:49:59 - Service vinted-notifications is not running; attempting to start it.
2025-12-11 14:49:59 - Ensuring compose stack is running...
2025-12-11 14:49:59 - Ensuring compose stack is running...
2025-12-11 14:50:09 - Service vinted-notifications is not running; attempting to start it.
2025-12-11 14:50:09 - Service vinted-notifications is not running; attempting to start it.
2025-12-11 14:50:09 - Ensuring compose stack is running...
2025-12-11 14:50:09 - Ensuring compose stack is running...
2025-12-11 14:50:19 - Service vinted-notifications is not running; attempting to start it.
2025-12-11 14:50:19 - Service vinted-notifications is not running; attempting to start it.
2025-12-11 14:50:19 - Ensuring compose stack is running...
2025-12-11 14:50:19 - Ensuring compose stack is running...
2025-12-11 14:50:29 - Service vinted-notifications is not running; attempting to start it.
2025-12-11 14:50:29 - Service vinted-notifications is not running; attempting to start it.
2025-12-11 14:50:29 - Ensuring compose stack is running...
2025-12-11 14:50:29 - Ensuring compose stack is running...
2025-12-11 14:50:40 - Service vinted-notifications is not running; attempting to start it.
2025-12-11 14:50:40 - Service vinted-notifications is not running; attempting to start it.
2025-12-11 14:50:40 - Ensuring compose stack is running...
2025-12-11 14:50:40 - Ensuring compose stack is running...
2025-12-11 14:50:50 - Service vinted-notifications is not running; attempting to start it.
2025-12-11 14:50:50 - Service vinted-notifications is not running; attempting to start it.
2025-12-11 14:50:50 - Ensuring compose stack is running...
2025-12-11 14:50:50 - Ensuring compose stack is running...
2025-12-11 14:51:00 - Service vinted-notifications is not running; attempting to start it.
2025-12-11 14:51:00 - Service vinted-notifications is not running; attempting to start it.
2025-12-11 14:51:00 - Ensuring compose stack is running...
2025-12-11 14:51:00 - Ensuring compose stack is running...
2025-12-11 14:51:10 - Service vinted-notifications is not running; attempting to start it.
2025-12-11 14:51:10 - Service vinted-notifications is not running; attempting to start it.
2025-12-11 14:51:10 - Ensuring compose stack is running...
2025-12-11 14:51:10 - Ensuring compose stack is running...
2025-12-11 14:51:20 - Service vinted-notifications is not running; attempting to start it.
2025-12-11 14:51:20 - Service vinted-notifications is not running; attempting to start it.
2025-12-11 14:51:20 - Ensuring compose stack is running...
2025-12-11 14:51:20 - Ensuring compose stack is running...
2025-12-11 14:51:30 - Service vinted-notifications is not running; attempting to start it.
2025-12-11 14:51:30 - Service vinted-notifications is not running; attempting to start it.
2025-12-11 14:51:30 - Ensuring compose stack is running...
2025-12-11 14:51:30 - Ensuring compose stack is running...
2025-12-11 14:51:40 - Service vinted-notifications is not running; attempting to start it.
2025-12-11 14:51:40 - Service vinted-notifications is not running; attempting to start it.
2025-12-11 14:51:40 - Ensuring compose stack is running...
2025-12-11 14:51:40 - Ensuring compose stack is running...
2025-12-11 14:51:50 - Service vinted-notifications is not running; attempting to start it.
2025-12-11 14:51:50 - Service vinted-notifications is not running; attempting to start it.
2025-12-11 14:51:50 - Ensuring compose stack is running...
2025-12-11 14:51:50 - Ensuring compose stack is running...
2025-12-11 14:52:00 - Service vinted-notifications is not running; attempting to start it.
2025-12-11 14:52:00 - Service vinted-notifications is not running; attempting to start it.
2025-12-11 14:52:00 - Ensuring compose stack is running...
2025-12-11 14:52:00 - Ensuring compose stack is running...
2025-12-11 14:52:11 - Service vinted-notifications is not running; attempting to start it.
2025-12-11 14:52:11 - Service vinted-notifications is not running; attempting to start it.
2025-12-11 14:52:11 - Ensuring compose stack is running...
2025-12-11 14:52:11 - Ensuring compose stack is running...
2025-12-11 14:52:21 - Service vinted-notifications is not running; attempting to start it.
2025-12-11 14:52:21 - Service vinted-notifications is not running; attempting to start it.
2025-12-11 14:52:21 - Ensuring compose stack is running...
2025-12-11 14:52:21 - Ensuring compose stack is running...
2025-12-11 14:52:31 - Service vinted-notifications is not running; attempting to start it.
2025-12-11 14:52:31 - Service vinted-notifications is not running; attempting to start it.
2025-12-11 14:52:31 - Ensuring compose stack is running...
2025-12-11 14:52:31 - Ensuring compose stack is running...
2025-12-11 14:52:41 - Service vinted-notifications is not running; attempting to start it.
2025-12-11 14:52:41 - Service vinted-notifications is not running; attempting to start it.
2025-12-11 14:52:41 - Ensuring compose stack is running...
2025-12-11 14:52:41 - Ensuring compose stack is running...
2025-12-11 14:52:52 - Service vinted-notifications is not running; attempting to start it.
2025-12-11 14:52:52 - Service vinted-notifications is not running; attempting to start it.
2025-12-11 14:52:52 - Ensuring compose stack is running...
2025-12-11 14:52:52 - Ensuring compose stack is running...
2025-12-11 14:53:02 - Service vinted-notifications is not running; attempting to start it.
2025-12-11 14:53:02 - Service vinted-notifications is not running; attempting to start it.
2025-12-11 14:53:02 - Ensuring compose stack is running...
2025-12-11 14:53:02 - Ensuring compose stack is running...
2025-12-11 14:53:12 - Service vinted-notifications is not running; attempting to start it.
2025-12-11 14:53:12 - Service vinted-notifications is not running; attempting to start it.
2025-12-11 14:53:12 - Ensuring compose stack is running...
2025-12-11 14:53:12 - Ensuring compose stack is running...
2025-12-11 14:53:22 - Service vinted-notifications is not running; attempting to start it.
2025-12-11 14:53:22 - Service vinted-notifications is not running; attempting to start it.
2025-12-11 14:53:22 - Ensuring compose stack is running...
2025-12-11 14:53:22 - Ensuring compose stack is running...
2025-12-11 14:53:33 - Service vinted-notifications is not running; attempting to start it.
2025-12-11 14:53:33 - Service vinted-notifications is not running; attempting to start it.
2025-12-11 14:53:33 - Ensuring compose stack is running...
2025-12-11 14:53:33 - Ensuring compose stack is running...
2025-12-11 14:58:54 - Service vinted-notifications is not running; attempting to start it.
2025-12-11 14:58:54 - Service vinted-notifications is not running; attempting to start it.
2025-12-11 14:58:54 - Ensuring compose stack is running...
2025-12-11 14:58:54 - Ensuring compose stack is running...
2025-12-11 14:59:04 - Service vinted-notifications is not running; attempting to start it.
2025-12-11 14:59:04 - Service vinted-notifications is not running; attempting to start it.
2025-12-11 14:59:04 - Ensuring compose stack is running...
2025-12-11 14:59:04 - Ensuring compose stack is running...
2025-12-11 14:59:15 - Service vinted-notifications is not running; attempting to start it.
2025-12-11 14:59:15 - Service vinted-notifications is not running; attempting to start it.
2025-12-11 14:59:15 - Ensuring compose stack is running...
2025-12-11 14:59:15 - Ensuring compose stack is running...
2025-12-11 14:59:25 - Service vinted-notifications is not running; attempting to start it.
2025-12-11 14:59:25 - Service vinted-notifications is not running; attempting to start it.
2025-12-11 14:59:25 - Ensuring compose stack is running...
2025-12-11 14:59:25 - Ensuring compose stack is running...
2025-12-11 14:59:36 - Service vinted-notifications is not running; attempting to start it.
2025-12-11 14:59:36 - Service vinted-notifications is not running; attempting to start it.
2025-12-11 14:59:36 - Ensuring compose stack is running...
2025-12-11 14:59:36 - Ensuring compose stack is running...
2025-12-11 15:00:06 - Service vinted-notifications is not running; attempting to start it.
2025-12-11 15:00:06 - Service vinted-notifications is not running; attempting to start it.
2025-12-11 15:00:06 - Ensuring compose stack is running...
2025-12-11 15:00:06 - Ensuring compose stack is running...
2025-12-11 15:00:16 - Service vinted-notifications is not running; attempting to start it.
2025-12-11 15:00:16 - Service vinted-notifications is not running; attempting to start it.
2025-12-11 15:00:16 - Ensuring compose stack is running...
2025-12-11 15:00:16 - Ensuring compose stack is running...
2025-12-11 15:00:26 - Service vinted-notifications is not running; attempting to start it.
2025-12-11 15:00:26 - Service vinted-notifications is not running; attempting to start it.
2025-12-11 15:00:26 - Ensuring compose stack is running...
2025-12-11 15:00:26 - Ensuring compose stack is running...
2025-12-11 15:00:36 - Service vinted-notifications is not running; attempting to start it.
2025-12-11 15:00:36 - Service vinted-notifications is not running; attempting to start it.
2025-12-11 15:00:36 - Ensuring compose stack is running...
2025-12-11 15:00:36 - Ensuring compose stack is running...
2025-12-11 15:01:21 - Service vinted-notifications is not running; attempting to start it.
2025-12-11 15:01:21 - Service vinted-notifications is not running; attempting to start it.
2025-12-11 15:01:21 - Ensuring compose stack is running...
2025-12-11 15:01:21 - Ensuring compose stack is running...
2025-12-11 15:01:32 - Service vinted-notifications is not running; attempting to start it.
2025-12-11 15:01:32 - Service vinted-notifications is not running; attempting to start it.
2025-12-11 15:01:32 - Ensuring compose stack is running...
2025-12-11 15:01:32 - Ensuring compose stack is running...
2025-12-11 15:01:42 - Service vinted-notifications is not running; attempting to start it.
2025-12-11 15:01:42 - Service vinted-notifications is not running; attempting to start it.
2025-12-11 15:01:42 - Ensuring compose stack is running...
2025-12-11 15:01:42 - Ensuring compose stack is running...
2025-12-11 15:01:53 - Service vinted-notifications is not running; attempting to start it.
2025-12-11 15:01:53 - Service vinted-notifications is not running; attempting to start it.
2025-12-11 15:01:53 - Ensuring compose stack is running...
2025-12-11 15:01:53 - Ensuring compose stack is running...
2025-12-11 15:02:03 - Service vinted-notifications is not running; attempting to start it.
2025-12-11 15:02:03 - Service vinted-notifications is not running; attempting to start it.
2025-12-11 15:02:03 - Ensuring compose stack is running...
2025-12-11 15:02:03 - Ensuring compose stack is running...
2025-12-11 15:02:56 - Service vinted-notifications is not running; attempting to start it.
2025-12-11 15:02:56 - Service vinted-notifications is not running; attempting to start it.
2025-12-11 15:02:56 - Ensuring compose stack is running...
2025-12-11 15:02:56 - Ensuring compose stack is running...
2025-12-11 15:03:06 - Service vinted-notifications is not running; attempting to start it.
2025-12-11 15:03:06 - Service vinted-notifications is not running; attempting to start it.
2025-12-11 15:03:06 - Ensuring compose stack is running...
2025-12-11 15:03:06 - Ensuring compose stack is running...
2025-12-11 15:03:16 - Service vinted-notifications is not running; attempting to start it.
2025-12-11 15:03:16 - Service vinted-notifications is not running; attempting to start it.
2025-12-11 15:03:16 - Ensuring compose stack is running...
2025-12-11 15:03:16 - Ensuring compose stack is running...
2025-12-11 15:03:26 - Service vinted-notifications is not running; attempting to start it.
2025-12-11 15:03:26 - Service vinted-notifications is not running; attempting to start it.
2025-12-11 15:03:26 - Ensuring compose stack is running...
2025-12-11 15:03:26 - Ensuring compose stack is running...
2025-12-11 15:03:37 - Service vinted-notifications is not running; attempting to start it.
2025-12-11 15:03:37 - Service vinted-notifications is not running; attempting to start it.
2025-12-11 15:03:37 - Ensuring compose stack is running...
2025-12-11 15:03:37 - Ensuring compose stack is running...
2025-12-11 15:03:58 - Service vinted-notifications is not running; attempting to start it.
2025-12-11 15:03:58 - Service vinted-notifications is not running; attempting to start it.
2025-12-11 15:03:58 - Ensuring compose stack is running...
2025-12-11 15:03:58 - Ensuring compose stack is running...
2025-12-11 15:04:08 - Service vinted-notifications is not running; attempting to start it.
2025-12-11 15:04:08 - Service vinted-notifications is not running; attempting to start it.
2025-12-11 15:04:08 - Ensuring compose stack is running...
2025-12-11 15:04:08 - Ensuring compose stack is running...
2025-12-11 15:04:18 - Service vinted-notifications is not running; attempting to start it.
2025-12-11 15:04:18 - Service vinted-notifications is not running; attempting to start it.
2025-12-11 15:04:18 - Ensuring compose stack is running...
2025-12-11 15:04:18 - Ensuring compose stack is running...
2025-12-11 15:04:29 - Service vinted-notifications is not running; attempting to start it.
2025-12-11 15:04:29 - Service vinted-notifications is not running; attempting to start it.
2025-12-11 15:04:29 - Ensuring compose stack is running...
2025-12-11 15:04:29 - Ensuring compose stack is running...
2025-12-11 15:04:52 - Service vinted-notifications is not running; attempting to start it.
2025-12-11 15:04:52 - Service vinted-notifications is not running; attempting to start it.
2025-12-11 15:04:52 - Ensuring compose stack is running...
2025-12-11 15:04:52 - Ensuring compose stack is running...
2025-12-11 15:05:02 - Service vinted-notifications is not running; attempting to start it.
2025-12-11 15:05:02 - Service vinted-notifications is not running; attempting to start it.
2025-12-11 15:05:02 - Ensuring compose stack is running...
2025-12-11 15:05:02 - Ensuring compose stack is running...
2025-12-11 15:05:12 - Service vinted-notifications is not running; attempting to start it.
2025-12-11 15:05:12 - Service vinted-notifications is not running; attempting to start it.
2025-12-11 15:05:12 - Ensuring compose stack is running...
2025-12-11 15:05:12 - Ensuring compose stack is running...
2025-12-11 15:05:22 - Service vinted-notifications is not running; attempting to start it.
2025-12-11 15:05:22 - Service vinted-notifications is not running; attempting to start it.
2025-12-11 15:05:22 - Ensuring compose stack is running...
2025-12-11 15:05:22 - Ensuring compose stack is running...
2025-12-11 15:05:32 - Service vinted-notifications is not running; attempting to start it.
2025-12-11 15:05:32 - Service vinted-notifications is not running; attempting to start it.
2025-12-11 15:05:32 - Ensuring compose stack is running...
2025-12-11 15:05:32 - Ensuring compose stack is running...
2025-12-11 15:05:44 - Service vinted-notifications is not running; attempting to start it.
2025-12-11 15:05:44 - Service vinted-notifications is not running; attempting to start it.
2025-12-11 15:05:44 - Ensuring compose stack is running...
2025-12-11 15:05:44 - Ensuring compose stack is running...
2025-12-11 15:05:54 - Service vinted-notifications is not running; attempting to start it.
2025-12-11 15:05:54 - Service vinted-notifications is not running; attempting to start it.
2025-12-11 15:05:54 - Ensuring compose stack is running...
2025-12-11 15:05:54 - Ensuring compose stack is running...
2025-12-11 15:06:04 - Service vinted-notifications is not running; attempting to start it.
2025-12-11 15:06:04 - Service vinted-notifications is not running; attempting to start it.
2025-12-11 15:06:04 - Ensuring compose stack is running...
2025-12-11 15:06:04 - Ensuring compose stack is running...
2025-12-11 15:06:14 - Service vinted-notifications is not running; attempting to start it.
2025-12-11 15:06:14 - Service vinted-notifications is not running; attempting to start it.
2025-12-11 15:06:14 - Ensuring compose stack is running...
2025-12-11 15:06:14 - Ensuring compose stack is running...
2025-12-11 15:06:25 - Service vinted-notifications is not running; attempting to start it.
2025-12-11 15:06:25 - Service vinted-notifications is not running; attempting to start it.
2025-12-11 15:06:25 - Ensuring compose stack is running...
2025-12-11 15:06:25 - Ensuring compose stack is running...
2025-12-11 15:08:19 - Service vinted-notifications is not running; attempting to start it.
2025-12-11 15:08:19 - Service vinted-notifications is not running; attempting to start it.
2025-12-11 15:08:19 - Ensuring compose stack is running...
2025-12-11 15:08:19 - Ensuring compose stack is running...
2025-12-11 15:08:30 - Service vinted-notifications is not running; attempting to start it.
2025-12-11 15:08:30 - Service vinted-notifications is not running; attempting to start it.
2025-12-11 15:08:30 - Ensuring compose stack is running...
2025-12-11 15:08:30 - Ensuring compose stack is running...
2025-12-11 15:08:40 - Service vinted-notifications is not running; attempting to start it.
2025-12-11 15:08:40 - Service vinted-notifications is not running; attempting to start it.
2025-12-11 15:08:40 - Ensuring compose stack is running...
2025-12-11 15:08:40 - Ensuring compose stack is running...
2025-12-11 15:08:50 - Service vinted-notifications is not running; attempting to start it.
2025-12-11 15:08:50 - Service vinted-notifications is not running; attempting to start it.
2025-12-11 15:08:50 - Ensuring compose stack is running...
2025-12-11 15:08:50 - Ensuring compose stack is running...
2025-12-11 15:09:09 - Service vinted-notifications is not running; attempting to start it.
2025-12-11 15:09:09 - Service vinted-notifications is not running; attempting to start it.
2025-12-11 15:09:09 - Ensuring compose stack is running...
2025-12-11 15:09:09 - Ensuring compose stack is running...
2025-12-11 15:09:19 - Service vinted-notifications is not running; attempting to start it.
2025-12-11 15:09:19 - Service vinted-notifications is not running; attempting to start it.
2025-12-11 15:09:19 - Ensuring compose stack is running...
2025-12-11 15:09:19 - Ensuring compose stack is running...
2025-12-11 15:09:29 - Service vinted-notifications is not running; attempting to start it.
2025-12-11 15:09:29 - Service vinted-notifications is not running; attempting to start it.
2025-12-11 15:09:29 - Ensuring compose stack is running...
2025-12-11 15:09:29 - Ensuring compose stack is running...
2025-12-11 15:09:39 - Service vinted-notifications is not running; attempting to start it.
2025-12-11 15:09:39 - Service vinted-notifications is not running; attempting to start it.
2025-12-11 15:09:39 - Ensuring compose stack is running...
2025-12-11 15:09:39 - Ensuring compose stack is running...
2025-12-11 15:09:49 - Service vinted-notifications is not running; attempting to start it.
2025-12-11 15:09:49 - Service vinted-notifications is not running; attempting to start it.
2025-12-11 15:09:49 - Ensuring compose stack is running...
2025-12-11 15:09:49 - Ensuring compose stack is running...
2025-12-11 15:10:59 - Service vinted-notifications is not running; attempting to start it.
2025-12-11 15:10:59 - Service vinted-notifications is not running; attempting to start it.
2025-12-11 15:10:59 - Ensuring compose stack is running...
2025-12-11 15:10:59 - Ensuring compose stack is running...
2025-12-11 15:11:09 - Service vinted-notifications is not running; attempting to start it.
2025-12-11 15:11:09 - Service vinted-notifications is not running; attempting to start it.
2025-12-11 15:11:10 - Ensuring compose stack is running...
2025-12-11 15:11:10 - Ensuring compose stack is running...
2025-12-11 15:11:20 - Service vinted-notifications is not running; attempting to start it.
2025-12-11 15:11:20 - Service vinted-notifications is not running; attempting to start it.
2025-12-11 15:11:20 - Ensuring compose stack is running...
2025-12-11 15:11:20 - Ensuring compose stack is running...
2025-12-11 15:11:30 - Service vinted-notifications is not running; attempting to start it.
2025-12-11 15:11:30 - Service vinted-notifications is not running; attempting to start it.
2025-12-11 15:11:30 - Ensuring compose stack is running...
2025-12-11 15:11:30 - Ensuring compose stack is running...
2025-12-11 15:12:00 - Service vinted-notifications is not running; attempting to start it.
2025-12-11 15:12:00 - Service vinted-notifications is not running; attempting to start it.
2025-12-11 15:12:00 - Ensuring compose stack is running...
2025-12-11 15:12:00 - Ensuring compose stack is running...
2025-12-11 15:12:10 - Service vinted-notifications is not running; attempting to start it.
2025-12-11 15:12:10 - Service vinted-notifications is not running; attempting to start it.
2025-12-11 15:12:10 - Ensuring compose stack is running...
2025-12-11 15:12:10 - Ensuring compose stack is running...
2025-12-11 15:12:20 - Service vinted-notifications is not running; attempting to start it.
2025-12-11 15:12:20 - Service vinted-notifications is not running; attempting to start it.
2025-12-11 15:12:20 - Ensuring compose stack is running...
2025-12-11 15:12:20 - Ensuring compose stack is running...
2025-12-11 15:12:31 - Service vinted-notifications is not running; attempting to start it.
2025-12-11 15:12:31 - Service vinted-notifications is not running; attempting to start it.
2025-12-11 15:12:31 - Ensuring compose stack is running...
2025-12-11 15:12:31 - Ensuring compose stack is running...
2025-12-11 15:12:41 - Service vinted-notifications is not running; attempting to start it.
2025-12-11 15:12:41 - Service vinted-notifications is not running; attempting to start it.
2025-12-11 15:12:41 - Ensuring compose stack is running...
2025-12-11 15:12:41 - Ensuring compose stack is running...
2025-12-11 15:12:57 - Service vinted-notifications is not running; attempting to start it.
2025-12-11 15:12:57 - Service vinted-notifications is not running; attempting to start it.
2025-12-11 15:12:57 - Ensuring compose stack is running...
2025-12-11 15:12:57 - Ensuring compose stack is running...
2025-12-11 15:13:07 - Service vinted-notifications is not running; attempting to start it.
2025-12-11 15:13:07 - Service vinted-notifications is not running; attempting to start it.
2025-12-11 15:13:07 - Ensuring compose stack is running...
2025-12-11 15:13:07 - Ensuring compose stack is running...
2025-12-11 15:13:17 - Service vinted-notifications is not running; attempting to start it.
2025-12-11 15:13:17 - Service vinted-notifications is not running; attempting to start it.
2025-12-11 15:13:17 - Ensuring compose stack is running...
2025-12-11 15:13:17 - Ensuring compose stack is running...
2025-12-11 15:13:27 - Service vinted-notifications is not running; attempting to start it.
2025-12-11 15:13:27 - Service vinted-notifications is not running; attempting to start it.
2025-12-11 15:13:27 - Ensuring compose stack is running...
2025-12-11 15:13:27 - Ensuring compose stack is running...
2025-12-11 15:13:37 - Service vinted-notifications is not running; attempting to start it.
2025-12-11 15:13:37 - Service vinted-notifications is not running; attempting to start it.
2025-12-11 15:13:37 - Ensuring compose stack is running...
2025-12-11 15:13:37 - Ensuring compose stack is running...
2025-12-11 16:38:59 - Service vinted-notifications is not running; attempting to start it.
2025-12-11 16:38:59 - Service vinted-notifications is not running; attempting to start it.
2025-12-11 16:38:59 - Ensuring compose stack is running...
2025-12-11 16:38:59 - Ensuring compose stack is running...
2025-12-11 16:39:09 - Service vinted-notifications is not running; attempting to start it.
2025-12-11 16:39:09 - Service vinted-notifications is not running; attempting to start it.
2025-12-11 16:39:09 - Ensuring compose stack is running...
2025-12-11 16:39:09 - Ensuring compose stack is running...
2025-12-11 16:39:19 - Service vinted-notifications is not running; attempting to start it.
2025-12-11 16:39:19 - Service vinted-notifications is not running; attempting to start it.
2025-12-11 16:39:19 - Ensuring compose stack is running...
2025-12-11 16:39:19 - Ensuring compose stack is running...
2025-12-11 16:39:30 - Service vinted-notifications is not running; attempting to start it.
2025-12-11 16:39:30 - Service vinted-notifications is not running; attempting to start it.
2025-12-11 16:39:30 - Ensuring compose stack is running...
2025-12-11 16:39:30 - Ensuring compose stack is running...
2025-12-11 16:47:41 - Service vinted-notifications is not running; attempting to start it.
2025-12-11 16:47:41 - Service vinted-notifications is not running; attempting to start it.
2025-12-11 16:47:41 - Ensuring compose stack is running...
2025-12-11 16:47:41 - Ensuring compose stack is running...
2025-12-11 16:47:53 - Service vinted-notifications is not running; attempting to start it.
2025-12-11 16:47:53 - Service vinted-notifications is not running; attempting to start it.
2025-12-11 16:47:53 - Ensuring compose stack is running...
2025-12-11 16:47:53 - Ensuring compose stack is running...
2025-12-11 16:48:02 - Service vinted-notifications is not running; attempting to start it.
2025-12-11 16:48:02 - Service vinted-notifications is not running; attempting to start it.
2025-12-11 16:48:02 - Ensuring compose stack is running...
2025-12-11 16:48:02 - Ensuring compose stack is running...
2025-12-11 16:48:12 - Service vinted-notifications is not running; attempting to start it.
2025-12-11 16:48:12 - Service vinted-notifications is not running; attempting to start it.
2025-12-11 16:48:12 - Ensuring compose stack is running...
2025-12-11 16:48:12 - Ensuring compose stack is running...
2025-12-11 16:48:22 - Service vinted-notifications is not running; attempting to start it.
2025-12-11 16:48:22 - Service vinted-notifications is not running; attempting to start it.
2025-12-11 16:48:22 - Ensuring compose stack is running...
2025-12-11 16:48:22 - Ensuring compose stack is running...
2025-12-11 16:54:41 - Service vinted-notifications is not running; attempting to start it.
2025-12-11 16:54:41 - Service vinted-notifications is not running; attempting to start it.
2025-12-11 16:54:41 - Ensuring compose stack is running...
2025-12-11 16:54:41 - Ensuring compose stack is running...
2025-12-11 16:54:51 - Service vinted-notifications is not running; attempting to start it.
2025-12-11 16:54:51 - Service vinted-notifications is not running; attempting to start it.
2025-12-11 16:54:51 - Ensuring compose stack is running...
2025-12-11 16:54:51 - Ensuring compose stack is running...
2025-12-11 16:55:02 - Service vinted-notifications is not running; attempting to start it.
2025-12-11 16:55:02 - Service vinted-notifications is not running; attempting to start it.
2025-12-11 16:55:02 - Ensuring compose stack is running...
2025-12-11 16:55:02 - Ensuring compose stack is running...
2025-12-11 16:55:12 - Service vinted-notifications is not running; attempting to start it.
2025-12-11 16:55:12 - Service vinted-notifications is not running; attempting to start it.
2025-12-11 16:55:12 - Ensuring compose stack is running...
2025-12-11 16:55:12 - Ensuring compose stack is running...
2025-12-11 16:55:22 - Service vinted-notifications is not running; attempting to start it.
2025-12-11 16:55:22 - Service vinted-notifications is not running; attempting to start it.
2025-12-11 16:55:22 - Ensuring compose stack is running...
2025-12-11 16:55:22 - Ensuring compose stack is running...
2025-12-11 17:15:24 - Service vinted-notifications is not running; attempting to start it.
2025-12-11 17:15:24 - Service vinted-notifications is not running; attempting to start it.
2025-12-11 17:15:24 - Ensuring compose stack is running...
2025-12-11 17:15:24 - Ensuring compose stack is running...
2025-12-11 17:15:36 - Service vinted-notifications is not running; attempting to start it.
2025-12-11 17:15:36 - Service vinted-notifications is not running; attempting to start it.
2025-12-11 17:15:36 - Ensuring compose stack is running...
2025-12-11 17:15:36 - Ensuring compose stack is running...
2025-12-11 17:15:45 - Service vinted-notifications is not running; attempting to start it.
2025-12-11 17:15:45 - Service vinted-notifications is not running; attempting to start it.
2025-12-11 17:15:45 - Ensuring compose stack is running...
2025-12-11 17:15:45 - Ensuring compose stack is running...
2025-12-11 17:15:55 - Service vinted-notifications is not running; attempting to start it.
2025-12-11 17:15:55 - Service vinted-notifications is not running; attempting to start it.
2025-12-11 17:15:55 - Ensuring compose stack is running...
2025-12-11 17:15:55 - Ensuring compose stack is running...
2025-12-11 17:19:34 - Service vinted-notifications is not running; attempting to start it.
2025-12-11 17:19:34 - Service vinted-notifications is not running; attempting to start it.
2025-12-11 17:19:34 - Ensuring compose stack is running...
2025-12-11 17:19:34 - Ensuring compose stack is running...
2025-12-11 17:19:44 - Service vinted-notifications is not running; attempting to start it.
2025-12-11 17:19:44 - Service vinted-notifications is not running; attempting to start it.
2025-12-11 17:19:44 - Ensuring compose stack is running...
2025-12-11 17:19:44 - Ensuring compose stack is running...
2025-12-11 17:19:54 - Service vinted-notifications is not running; attempting to start it.
2025-12-11 17:19:54 - Service vinted-notifications is not running; attempting to start it.
2025-12-11 17:19:54 - Ensuring compose stack is running...
2025-12-11 17:19:54 - Ensuring compose stack is running...
2025-12-11 17:20:04 - Service vinted-notifications is not running; attempting to start it.
2025-12-11 17:20:04 - Service vinted-notifications is not running; attempting to start it.
2025-12-11 17:20:04 - Ensuring compose stack is running...
2025-12-11 17:20:04 - Ensuring compose stack is running...
2025-12-11 17:20:14 - Service vinted-notifications is not running; attempting to start it.
2025-12-11 17:20:14 - Service vinted-notifications is not running; attempting to start it.
2025-12-11 17:20:14 - Ensuring compose stack is running...
2025-12-11 17:20:14 - Ensuring compose stack is running...
2025-12-11 17:35:24 - Service vinted-notifications is not running; attempting to start it.
2025-12-11 17:35:24 - Service vinted-notifications is not running; attempting to start it.
2025-12-11 17:35:24 - Ensuring compose stack is running...
2025-12-11 17:35:24 - Ensuring compose stack is running...
2025-12-11 17:35:33 - Service vinted-notifications is not running; attempting to start it.
2025-12-11 17:35:33 - Service vinted-notifications is not running; attempting to start it.
2025-12-11 17:35:33 - Ensuring compose stack is running...
2025-12-11 17:35:33 - Ensuring compose stack is running...
2025-12-11 17:35:44 - Service vinted-notifications is not running; attempting to start it.
2025-12-11 17:35:44 - Service vinted-notifications is not running; attempting to start it.
2025-12-11 17:35:44 - Ensuring compose stack is running...
2025-12-11 17:35:44 - Ensuring compose stack is running...
2025-12-11 17:35:54 - Service vinted-notifications is not running; attempting to start it.
2025-12-11 17:35:54 - Service vinted-notifications is not running; attempting to start it.
2025-12-11 17:35:54 - Ensuring compose stack is running...
2025-12-11 17:35:54 - Ensuring compose stack is running...
2025-12-11 17:36:04 - Service vinted-notifications is not running; attempting to start it.
2025-12-11 17:36:04 - Service vinted-notifications is not running; attempting to start it.
2025-12-11 17:36:04 - Ensuring compose stack is running...
2025-12-11 17:36:04 - Ensuring compose stack is running...
2025-12-11 17:36:14 - Service vinted-notifications is not running; attempting to start it.
2025-12-11 17:36:14 - Service vinted-notifications is not running; attempting to start it.
2025-12-11 17:36:14 - Ensuring compose stack is running...
2025-12-11 17:36:14 - Ensuring compose stack is running...
2025-12-11 17:36:25 - Service vinted-notifications is not running; attempting to start it.
2025-12-11 17:36:25 - Service vinted-notifications is not running; attempting to start it.
2025-12-11 17:36:25 - Ensuring compose stack is running...
2025-12-11 17:36:25 - Ensuring compose stack is running...
2025-12-11 17:36:35 - Service vinted-notifications is not running; attempting to start it.
2025-12-11 17:36:35 - Service vinted-notifications is not running; attempting to start it.
2025-12-11 17:36:35 - Ensuring compose stack is running...
2025-12-11 17:36:35 - Ensuring compose stack is running...
2025-12-11 17:36:45 - Service vinted-notifications is not running; attempting to start it.
2025-12-11 17:36:45 - Service vinted-notifications is not running; attempting to start it.
2025-12-11 17:36:45 - Ensuring compose stack is running...
2025-12-11 17:36:45 - Ensuring compose stack is running...
2025-12-11 17:36:55 - Service vinted-notifications is not running; attempting to start it.
2025-12-11 17:36:55 - Service vinted-notifications is not running; attempting to start it.
2025-12-11 17:36:55 - Ensuring compose stack is running...
2025-12-11 17:36:55 - Ensuring compose stack is running...
2025-12-11 17:37:05 - Service vinted-notifications is not running; attempting to start it.
2025-12-11 17:37:05 - Service vinted-notifications is not running; attempting to start it.
2025-12-11 17:37:05 - Ensuring compose stack is running...
2025-12-11 17:37:05 - Ensuring compose stack is running...
2025-12-11 17:37:15 - Service vinted-notifications is not running; attempting to start it.
2025-12-11 17:37:15 - Service vinted-notifications is not running; attempting to start it.
2025-12-11 17:37:15 - Ensuring compose stack is running...
2025-12-11 17:37:15 - Ensuring compose stack is running...
2025-12-11 17:37:26 - Service vinted-notifications is not running; attempting to start it.
2025-12-11 17:37:26 - Service vinted-notifications is not running; attempting to start it.
2025-12-11 17:37:26 - Ensuring compose stack is running...
2025-12-11 17:37:26 - Ensuring compose stack is running...
2025-12-11 17:37:36 - Service vinted-notifications is not running; attempting to start it.
2025-12-11 17:37:36 - Service vinted-notifications is not running; attempting to start it.
2025-12-11 17:37:36 - Ensuring compose stack is running...
2025-12-11 17:37:36 - Ensuring compose stack is running...
2025-12-11 17:37:46 - Service vinted-notifications is not running; attempting to start it.
2025-12-11 17:37:46 - Service vinted-notifications is not running; attempting to start it.
2025-12-11 17:37:46 - Ensuring compose stack is running...
2025-12-11 17:37:46 - Ensuring compose stack is running...
2025-12-11 17:37:56 - Service vinted-notifications is not running; attempting to start it.
2025-12-11 17:37:56 - Service vinted-notifications is not running; attempting to start it.
2025-12-11 17:37:56 - Ensuring compose stack is running...
2025-12-11 17:37:56 - Ensuring compose stack is running...
2025-12-11 17:38:06 - Service vinted-notifications is not running; attempting to start it.
2025-12-11 17:38:06 - Service vinted-notifications is not running; attempting to start it.
2025-12-11 17:38:06 - Ensuring compose stack is running...
2025-12-11 17:38:06 - Ensuring compose stack is running...
2025-12-11 17:38:16 - Service vinted-notifications is not running; attempting to start it.
2025-12-11 17:38:16 - Service vinted-notifications is not running; attempting to start it.
2025-12-11 17:38:16 - Ensuring compose stack is running...
2025-12-11 17:38:16 - Ensuring compose stack is running...
2025-12-11 17:38:26 - Service vinted-notifications is not running; attempting to start it.
2025-12-11 17:38:26 - Service vinted-notifications is not running; attempting to start it.
2025-12-11 17:38:26 - Ensuring compose stack is running...
2025-12-11 17:38:26 - Ensuring compose stack is running...
2025-12-11 17:38:36 - Service vinted-notifications is not running; attempting to start it.
2025-12-11 17:38:36 - Service vinted-notifications is not running; attempting to start it.
2025-12-11 17:38:36 - Ensuring compose stack is running...
2025-12-11 17:38:36 - Ensuring compose stack is running...
2025-12-11 17:38:47 - Service vinted-notifications is not running; attempting to start it.
2025-12-11 17:38:47 - Service vinted-notifications is not running; attempting to start it.
2025-12-11 17:38:47 - Ensuring compose stack is running...
2025-12-11 17:38:47 - Ensuring compose stack is running...
2025-12-11 17:38:57 - Service vinted-notifications is not running; attempting to start it.
2025-12-11 17:38:57 - Service vinted-notifications is not running; attempting to start it.
2025-12-11 17:38:57 - Ensuring compose stack is running...
2025-12-11 17:38:57 - Ensuring compose stack is running...
2025-12-11 17:39:07 - Service vinted-notifications is not running; attempting to start it.
2025-12-11 17:39:07 - Service vinted-notifications is not running; attempting to start it.
2025-12-11 17:39:07 - Ensuring compose stack is running...
2025-12-11 17:39:07 - Ensuring compose stack is running...
2025-12-11 17:39:17 - Service vinted-notifications is not running; attempting to start it.
2025-12-11 17:39:17 - Service vinted-notifications is not running; attempting to start it.
2025-12-11 17:39:17 - Ensuring compose stack is running...
2025-12-11 17:39:17 - Ensuring compose stack is running...
2025-12-11 17:39:27 - Service vinted-notifications is not running; attempting to start it.
2025-12-11 17:39:27 - Service vinted-notifications is not running; attempting to start it.
2025-12-11 17:39:27 - Ensuring compose stack is running...
2025-12-11 17:39:27 - Ensuring compose stack is running...
2025-12-11 17:39:37 - Service vinted-notifications is not running; attempting to start it.
2025-12-11 17:39:37 - Service vinted-notifications is not running; attempting to start it.
2025-12-11 17:39:37 - Ensuring compose stack is running...
2025-12-11 17:39:37 - Ensuring compose stack is running...
2025-12-11 17:39:47 - Service vinted-notifications is not running; attempting to start it.
2025-12-11 17:39:47 - Service vinted-notifications is not running; attempting to start it.
2025-12-11 17:39:47 - Ensuring compose stack is running...
2025-12-11 17:39:47 - Ensuring compose stack is running...
2025-12-11 17:39:57 - Service vinted-notifications is not running; attempting to start it.
2025-12-11 17:39:57 - Service vinted-notifications is not running; attempting to start it.
2025-12-11 17:39:57 - Ensuring compose stack is running...
2025-12-11 17:39:57 - Ensuring compose stack is running...
2025-12-11 17:40:08 - Service vinted-notifications is not running; attempting to start it.
2025-12-11 17:40:08 - Service vinted-notifications is not running; attempting to start it.
2025-12-11 17:40:08 - Ensuring compose stack is running...
2025-12-11 17:40:08 - Ensuring compose stack is running...
2025-12-11 17:40:18 - Service vinted-notifications is not running; attempting to start it.
2025-12-11 17:40:18 - Service vinted-notifications is not running; attempting to start it.
2025-12-11 17:40:18 - Ensuring compose stack is running...
2025-12-11 17:40:18 - Ensuring compose stack is running...
2025-12-11 17:55:26 - Service vinted-notifications is not running; attempting to start it.
2025-12-11 17:55:26 - Service vinted-notifications is not running; attempting to start it.
2025-12-11 17:55:26 - Ensuring compose stack is running...
2025-12-11 17:55:26 - Ensuring compose stack is running...
2025-12-11 17:55:37 - Service vinted-notifications is not running; attempting to start it.
2025-12-11 17:55:37 - Service vinted-notifications is not running; attempting to start it.
2025-12-11 17:55:37 - Ensuring compose stack is running...
2025-12-11 17:55:37 - Ensuring compose stack is running...
2025-12-11 17:55:47 - Service vinted-notifications is not running; attempting to start it.
2025-12-11 17:55:47 - Service vinted-notifications is not running; attempting to start it.
2025-12-11 17:55:47 - Ensuring compose stack is running...
2025-12-11 17:55:47 - Ensuring compose stack is running...
2025-12-11 17:55:57 - Service vinted-notifications is not running; attempting to start it.
2025-12-11 17:55:57 - Service vinted-notifications is not running; attempting to start it.
2025-12-11 17:55:57 - Ensuring compose stack is running...
2025-12-11 17:55:57 - Ensuring compose stack is running...
2025-12-11 17:56:07 - Service vinted-notifications is not running; attempting to start it.
2025-12-11 17:56:07 - Service vinted-notifications is not running; attempting to start it.
2025-12-11 17:56:07 - Ensuring compose stack is running...
2025-12-11 17:56:07 - Ensuring compose stack is running...
2025-12-11 18:11:16 - Service vinted-notifications is not running; attempting to start it.
2025-12-11 18:11:16 - Service vinted-notifications is not running; attempting to start it.
2025-12-11 18:11:16 - Ensuring compose stack is running...
2025-12-11 18:11:16 - Ensuring compose stack is running...
2025-12-11 18:11:26 - Service vinted-notifications is not running; attempting to start it.
2025-12-11 18:11:26 - Service vinted-notifications is not running; attempting to start it.
2025-12-11 18:11:26 - Ensuring compose stack is running...
2025-12-11 18:11:26 - Ensuring compose stack is running...
2025-12-11 18:11:36 - Service vinted-notifications is not running; attempting to start it.
2025-12-11 18:11:36 - Service vinted-notifications is not running; attempting to start it.
2025-12-11 18:11:36 - Ensuring compose stack is running...
2025-12-11 18:11:36 - Ensuring compose stack is running...
2025-12-11 18:11:46 - Service vinted-notifications is not running; attempting to start it.
2025-12-11 18:11:46 - Service vinted-notifications is not running; attempting to start it.
2025-12-11 18:11:46 - Ensuring compose stack is running...
2025-12-11 18:11:46 - Ensuring compose stack is running...
2025-12-11 18:11:56 - Service vinted-notifications is not running; attempting to start it.
2025-12-11 18:11:56 - Service vinted-notifications is not running; attempting to start it.
2025-12-11 18:11:56 - Ensuring compose stack is running...
2025-12-11 18:11:56 - Ensuring compose stack is running...
2025-12-11 18:27:05 - Service vinted-notifications is not running; attempting to start it.
2025-12-11 18:27:05 - Service vinted-notifications is not running; attempting to start it.
2025-12-11 18:27:05 - Ensuring compose stack is running...
2025-12-11 18:27:05 - Ensuring compose stack is running...
2025-12-11 18:27:15 - Service vinted-notifications is not running; attempting to start it.
2025-12-11 18:27:15 - Service vinted-notifications is not running; attempting to start it.
2025-12-11 18:27:15 - Ensuring compose stack is running...
2025-12-11 18:27:15 - Ensuring compose stack is running...
2025-12-11 18:27:25 - Service vinted-notifications is not running; attempting to start it.
2025-12-11 18:27:25 - Service vinted-notifications is not running; attempting to start it.
2025-12-11 18:27:25 - Ensuring compose stack is running...
2025-12-11 18:27:25 - Ensuring compose stack is running...
2025-12-11 18:27:35 - Service vinted-notifications is not running; attempting to start it.
2025-12-11 18:27:35 - Service vinted-notifications is not running; attempting to start it.
2025-12-11 18:27:35 - Ensuring compose stack is running...
2025-12-11 18:27:35 - Ensuring compose stack is running...
2025-12-11 18:27:46 - Service vinted-notifications is not running; attempting to start it.
2025-12-11 18:27:46 - Service vinted-notifications is not running; attempting to start it.
2025-12-11 18:27:46 - Ensuring compose stack is running...
2025-12-11 18:27:46 - Ensuring compose stack is running...
2025-12-11 18:27:56 - Service vinted-notifications is not running; attempting to start it.
2025-12-11 18:27:56 - Service vinted-notifications is not running; attempting to start it.
2025-12-11 18:27:56 - Ensuring compose stack is running...
2025-12-11 18:27:56 - Ensuring compose stack is running...
2025-12-11 18:28:06 - Service vinted-notifications is not running; attempting to start it.
2025-12-11 18:28:06 - Service vinted-notifications is not running; attempting to start it.
2025-12-11 18:28:06 - Ensuring compose stack is running...
2025-12-11 18:28:06 - Ensuring compose stack is running...
2025-12-11 18:28:16 - Service vinted-notifications is not running; attempting to start it.
2025-12-11 18:28:16 - Service vinted-notifications is not running; attempting to start it.
2025-12-11 18:28:16 - Ensuring compose stack is running...
2025-12-11 18:28:16 - Ensuring compose stack is running...
2025-12-11 18:28:26 - Service vinted-notifications is not running; attempting to start it.
2025-12-11 18:28:26 - Service vinted-notifications is not running; attempting to start it.
2025-12-11 18:28:26 - Ensuring compose stack is running...
2025-12-11 18:28:26 - Ensuring compose stack is running...
2025-12-11 18:28:36 - Service vinted-notifications is not running; attempting to start it.
2025-12-11 18:28:36 - Service vinted-notifications is not running; attempting to start it.
2025-12-11 18:28:36 - Ensuring compose stack is running...
2025-12-11 18:28:36 - Ensuring compose stack is running...
2025-12-11 18:28:46 - Service vinted-notifications is not running; attempting to start it.
2025-12-11 18:28:46 - Service vinted-notifications is not running; attempting to start it.
2025-12-11 18:28:46 - Ensuring compose stack is running...
2025-12-11 18:28:46 - Ensuring compose stack is running...
2025-12-11 18:28:56 - Service vinted-notifications is not running; attempting to start it.
2025-12-11 18:28:56 - Service vinted-notifications is not running; attempting to start it.
2025-12-11 18:28:56 - Ensuring compose stack is running...
2025-12-11 18:28:56 - Ensuring compose stack is running...
2025-12-11 18:29:06 - Service vinted-notifications is not running; attempting to start it.
2025-12-11 18:29:06 - Service vinted-notifications is not running; attempting to start it.
2025-12-11 18:29:06 - Ensuring compose stack is running...
2025-12-11 18:29:06 - Ensuring compose stack is running...
2025-12-11 18:29:17 - Service vinted-notifications is not running; attempting to start it.
2025-12-11 18:29:17 - Service vinted-notifications is not running; attempting to start it.
2025-12-11 18:29:17 - Ensuring compose stack is running...
2025-12-11 18:29:17 - Ensuring compose stack is running...
2025-12-11 18:29:27 - Service vinted-notifications is not running; attempting to start it.
2025-12-11 18:29:27 - Service vinted-notifications is not running; attempting to start it.
2025-12-11 18:29:27 - Ensuring compose stack is running...
2025-12-11 18:29:27 - Ensuring compose stack is running...
2025-12-11 18:29:37 - Service vinted-notifications is not running; attempting to start it.
2025-12-11 18:29:37 - Service vinted-notifications is not running; attempting to start it.
2025-12-11 18:29:37 - Ensuring compose stack is running...
2025-12-11 18:29:37 - Ensuring compose stack is running...
2025-12-11 18:29:47 - Service vinted-notifications is not running; attempting to start it.
2025-12-11 18:29:47 - Service vinted-notifications is not running; attempting to start it.
2025-12-11 18:29:47 - Ensuring compose stack is running...
2025-12-11 18:29:47 - Ensuring compose stack is running...
2025-12-11 18:29:57 - Service vinted-notifications is not running; attempting to start it.
2025-12-11 18:29:57 - Service vinted-notifications is not running; attempting to start it.
2025-12-11 18:29:57 - Ensuring compose stack is running...
2025-12-11 18:29:57 - Ensuring compose stack is running...
2025-12-11 18:45:06 - Service vinted-notifications is not running; attempting to start it.
2025-12-11 18:45:06 - Service vinted-notifications is not running; attempting to start it.
2025-12-11 18:45:06 - Ensuring compose stack is running...
2025-12-11 18:45:06 - Ensuring compose stack is running...
2025-12-11 18:45:16 - Service vinted-notifications is not running; attempting to start it.
2025-12-11 18:45:16 - Service vinted-notifications is not running; attempting to start it.
2025-12-11 18:45:16 - Ensuring compose stack is running...
2025-12-11 18:45:16 - Ensuring compose stack is running...
2025-12-11 18:45:26 - Service vinted-notifications is not running; attempting to start it.
2025-12-11 18:45:26 - Service vinted-notifications is not running; attempting to start it.
2025-12-11 18:45:26 - Ensuring compose stack is running...
2025-12-11 18:45:26 - Ensuring compose stack is running...
2025-12-11 18:45:37 - Service vinted-notifications is not running; attempting to start it.
2025-12-11 18:45:37 - Service vinted-notifications is not running; attempting to start it.
2025-12-11 18:45:37 - Ensuring compose stack is running...
2025-12-11 18:45:37 - Ensuring compose stack is running...
2025-12-11 18:45:47 - Service vinted-notifications is not running; attempting to start it.
2025-12-11 18:45:47 - Service vinted-notifications is not running; attempting to start it.
2025-12-11 18:45:47 - Ensuring compose stack is running...
2025-12-11 18:45:47 - Ensuring compose stack is running...
2025-12-11 18:45:58 - Service vinted-notifications is not running; attempting to start it.
2025-12-11 18:45:58 - Service vinted-notifications is not running; attempting to start it.
2025-12-11 18:45:58 - Ensuring compose stack is running...
2025-12-11 18:45:58 - Ensuring compose stack is running...
2025-12-11 18:46:08 - Service vinted-notifications is not running; attempting to start it.
2025-12-11 18:46:08 - Service vinted-notifications is not running; attempting to start it.
2025-12-11 18:46:08 - Ensuring compose stack is running...
2025-12-11 18:46:08 - Ensuring compose stack is running...
2025-12-11 18:46:19 - Service vinted-notifications is not running; attempting to start it.
2025-12-11 18:46:19 - Service vinted-notifications is not running; attempting to start it.
2025-12-11 18:46:19 - Ensuring compose stack is running...
2025-12-11 18:46:19 - Ensuring compose stack is running...
2025-12-11 18:46:30 - Service vinted-notifications is not running; attempting to start it.
2025-12-11 18:46:30 - Service vinted-notifications is not running; attempting to start it.
2025-12-11 18:46:30 - Ensuring compose stack is running...
2025-12-11 18:46:30 - Ensuring compose stack is running...
2025-12-11 18:46:41 - Service vinted-notifications is not running; attempting to start it.
2025-12-11 18:46:41 - Service vinted-notifications is not running; attempting to start it.
2025-12-11 18:46:41 - Ensuring compose stack is running...
2025-12-11 18:46:41 - Ensuring compose stack is running...
2025-12-11 18:46:50 - Service vinted-notifications is not running; attempting to start it.
2025-12-11 18:46:50 - Service vinted-notifications is not running; attempting to start it.
2025-12-11 18:46:50 - Ensuring compose stack is running...
2025-12-11 18:46:50 - Ensuring compose stack is running...
2025-12-11 18:47:00 - Service vinted-notifications is not running; attempting to start it.
2025-12-11 18:47:00 - Service vinted-notifications is not running; attempting to start it.
2025-12-11 18:47:00 - Ensuring compose stack is running...
2025-12-11 18:47:00 - Ensuring compose stack is running...
2025-12-11 18:47:10 - Service vinted-notifications is not running; attempting to start it.
2025-12-11 18:47:10 - Service vinted-notifications is not running; attempting to start it.
2025-12-11 18:47:11 - Ensuring compose stack is running...
2025-12-11 18:47:11 - Ensuring compose stack is running...
2025-12-11 18:47:21 - Service vinted-notifications is not running; attempting to start it.
2025-12-11 18:47:21 - Service vinted-notifications is not running; attempting to start it.
2025-12-11 18:47:21 - Ensuring compose stack is running...
2025-12-11 18:47:21 - Ensuring compose stack is running...
2025-12-11 18:47:31 - Service vinted-notifications is not running; attempting to start it.
2025-12-11 18:47:31 - Service vinted-notifications is not running; attempting to start it.
2025-12-11 18:47:31 - Ensuring compose stack is running...
2025-12-11 18:47:31 - Ensuring compose stack is running...
2025-12-11 18:47:41 - Service vinted-notifications is not running; attempting to start it.
2025-12-11 18:47:41 - Service vinted-notifications is not running; attempting to start it.
2025-12-11 18:47:41 - Ensuring compose stack is running...
2025-12-11 18:47:41 - Ensuring compose stack is running...
2025-12-11 18:47:51 - Service vinted-notifications is not running; attempting to start it.
2025-12-11 18:47:51 - Service vinted-notifications is not running; attempting to start it.
2025-12-11 18:47:51 - Ensuring compose stack is running...
2025-12-11 18:47:51 - Ensuring compose stack is running...
2025-12-11 18:48:01 - Service vinted-notifications is not running; attempting to start it.
2025-12-11 18:48:01 - Service vinted-notifications is not running; attempting to start it.
2025-12-11 18:48:01 - Ensuring compose stack is running...
2025-12-11 18:48:01 - Ensuring compose stack is running...
2025-12-11 18:48:11 - Service vinted-notifications is not running; attempting to start it.
2025-12-11 18:48:11 - Service vinted-notifications is not running; attempting to start it.
2025-12-11 18:48:11 - Ensuring compose stack is running...
2025-12-11 18:48:11 - Ensuring compose stack is running...
2025-12-11 18:48:21 - Service vinted-notifications is not running; attempting to start it.
2025-12-11 18:48:21 - Service vinted-notifications is not running; attempting to start it.
2025-12-11 18:48:21 - Ensuring compose stack is running...
2025-12-11 18:48:21 - Ensuring compose stack is running...
2025-12-11 18:48:31 - Service vinted-notifications is not running; attempting to start it.
2025-12-11 18:48:31 - Service vinted-notifications is not running; attempting to start it.
2025-12-11 18:48:31 - Ensuring compose stack is running...
2025-12-11 18:48:31 - Ensuring compose stack is running...
2025-12-11 18:48:42 - Service vinted-notifications is not running; attempting to start it.
2025-12-11 18:48:42 - Service vinted-notifications is not running; attempting to start it.
2025-12-11 18:48:42 - Ensuring compose stack is running...
2025-12-11 18:48:42 - Ensuring compose stack is running...
2025-12-11 18:48:52 - Service vinted-notifications is not running; attempting to start it.
2025-12-11 18:48:52 - Service vinted-notifications is not running; attempting to start it.
2025-12-11 18:48:52 - Ensuring compose stack is running...
2025-12-11 18:48:52 - Ensuring compose stack is running...
2025-12-11 18:56:36 - Service vinted-notifications is not running; attempting to start it.
2025-12-11 18:56:36 - Service vinted-notifications is not running; attempting to start it.
2025-12-11 18:56:36 - Ensuring compose stack is running...
2025-12-11 18:56:36 - Ensuring compose stack is running...
2025-12-11 18:56:47 - Service vinted-notifications is not running; attempting to start it.
2025-12-11 18:56:47 - Service vinted-notifications is not running; attempting to start it.
2025-12-11 18:56:47 - Ensuring compose stack is running...
2025-12-11 18:56:47 - Ensuring compose stack is running...
2025-12-11 18:56:57 - Service vinted-notifications is not running; attempting to start it.
2025-12-11 18:56:57 - Service vinted-notifications is not running; attempting to start it.
2025-12-11 18:56:57 - Ensuring compose stack is running...
2025-12-11 18:56:57 - Ensuring compose stack is running...
2025-12-11 18:57:07 - Service vinted-notifications is not running; attempting to start it.
2025-12-11 18:57:07 - Service vinted-notifications is not running; attempting to start it.
2025-12-11 18:57:07 - Ensuring compose stack is running...
2025-12-11 18:57:07 - Ensuring compose stack is running...
2025-12-11 18:57:17 - Service vinted-notifications is not running; attempting to start it.
2025-12-11 18:57:17 - Service vinted-notifications is not running; attempting to start it.
2025-12-11 18:57:17 - Ensuring compose stack is running...
2025-12-11 18:57:17 - Ensuring compose stack is running...
2025-12-11 18:57:27 - Service vinted-notifications is not running; attempting to start it.
2025-12-11 18:57:27 - Service vinted-notifications is not running; attempting to start it.
2025-12-11 18:57:27 - Ensuring compose stack is running...
2025-12-11 18:57:27 - Ensuring compose stack is running...
2025-12-11 18:57:37 - Service vinted-notifications is not running; attempting to start it.
2025-12-11 18:57:37 - Service vinted-notifications is not running; attempting to start it.
2025-12-11 18:57:37 - Ensuring compose stack is running...
2025-12-11 18:57:37 - Ensuring compose stack is running...
2025-12-11 18:57:47 - Service vinted-notifications is not running; attempting to start it.
2025-12-11 18:57:47 - Service vinted-notifications is not running; attempting to start it.
2025-12-11 18:57:47 - Ensuring compose stack is running...
2025-12-11 18:57:47 - Ensuring compose stack is running...
2025-12-11 18:57:57 - Service vinted-notifications is not running; attempting to start it.
2025-12-11 18:57:57 - Service vinted-notifications is not running; attempting to start it.
2025-12-11 18:57:57 - Ensuring compose stack is running...
2025-12-11 18:57:57 - Ensuring compose stack is running...
2025-12-11 18:58:08 - Service vinted-notifications is not running; attempting to start it.
2025-12-11 18:58:08 - Service vinted-notifications is not running; attempting to start it.
2025-12-11 18:58:08 - Ensuring compose stack is running...
2025-12-11 18:58:08 - Ensuring compose stack is running...
2025-12-11 18:58:18 - Service vinted-notifications is not running; attempting to start it.
2025-12-11 18:58:18 - Service vinted-notifications is not running; attempting to start it.
2025-12-11 18:58:18 - Ensuring compose stack is running...
2025-12-11 18:58:18 - Ensuring compose stack is running...
2025-12-11 18:58:28 - Service vinted-notifications is not running; attempting to start it.
2025-12-11 18:58:28 - Service vinted-notifications is not running; attempting to start it.
2025-12-11 18:58:28 - Ensuring compose stack is running...
2025-12-11 18:58:28 - Ensuring compose stack is running...
2025-12-11 18:58:38 - Service vinted-notifications is not running; attempting to start it.
2025-12-11 18:58:38 - Service vinted-notifications is not running; attempting to start it.
2025-12-11 18:58:38 - Ensuring compose stack is running...
2025-12-11 18:58:38 - Ensuring compose stack is running...
2025-12-11 18:58:49 - Service vinted-notifications is not running; attempting to start it.
2025-12-11 18:58:49 - Service vinted-notifications is not running; attempting to start it.
2025-12-11 18:58:49 - Ensuring compose stack is running...
2025-12-11 18:58:49 - Ensuring compose stack is running...
2025-12-11 18:58:59 - Service vinted-notifications is not running; attempting to start it.
2025-12-11 18:58:59 - Service vinted-notifications is not running; attempting to start it.
2025-12-11 18:58:59 - Ensuring compose stack is running...
2025-12-11 18:58:59 - Ensuring compose stack is running...
2025-12-11 18:59:10 - Service vinted-notifications is not running; attempting to start it.
2025-12-11 18:59:10 - Service vinted-notifications is not running; attempting to start it.
2025-12-11 18:59:10 - Ensuring compose stack is running...
2025-12-11 18:59:10 - Ensuring compose stack is running...
2025-12-11 18:59:20 - Service vinted-notifications is not running; attempting to start it.
2025-12-11 18:59:20 - Service vinted-notifications is not running; attempting to start it.
2025-12-11 18:59:20 - Ensuring compose stack is running...
2025-12-11 18:59:20 - Ensuring compose stack is running...
2025-12-11 18:59:30 - Service vinted-notifications is not running; attempting to start it.
2025-12-11 18:59:30 - Service vinted-notifications is not running; attempting to start it.
2025-12-11 18:59:30 - Ensuring compose stack is running...
2025-12-11 18:59:30 - Ensuring compose stack is running...
2025-12-11 18:59:40 - Service vinted-notifications is not running; attempting to start it.
2025-12-11 18:59:40 - Service vinted-notifications is not running; attempting to start it.
2025-12-11 18:59:40 - Ensuring compose stack is running...
2025-12-11 18:59:40 - Ensuring compose stack is running...
2025-12-11 18:59:51 - Service vinted-notifications is not running; attempting to start it.
2025-12-11 18:59:51 - Service vinted-notifications is not running; attempting to start it.
2025-12-11 18:59:51 - Ensuring compose stack is running...
2025-12-11 18:59:51 - Ensuring compose stack is running...
2025-12-11 19:00:01 - Service vinted-notifications is not running; attempting to start it.
2025-12-11 19:00:01 - Service vinted-notifications is not running; attempting to start it.
2025-12-11 19:00:01 - Ensuring compose stack is running...
2025-12-11 19:00:01 - Ensuring compose stack is running...
2025-12-11 19:00:12 - Service vinted-notifications is not running; attempting to start it.
2025-12-11 19:00:12 - Service vinted-notifications is not running; attempting to start it.
2025-12-11 19:00:12 - Ensuring compose stack is running...
2025-12-11 19:00:12 - Ensuring compose stack is running...
2025-12-11 19:00:22 - Service vinted-notifications is not running; attempting to start it.
2025-12-11 19:00:22 - Service vinted-notifications is not running; attempting to start it.
2025-12-11 19:00:22 - Ensuring compose stack is running...
2025-12-11 19:00:22 - Ensuring compose stack is running...
2025-12-11 19:00:32 - Service vinted-notifications is not running; attempting to start it.
2025-12-11 19:00:32 - Service vinted-notifications is not running; attempting to start it.
2025-12-11 19:00:32 - Ensuring compose stack is running...
2025-12-11 19:00:32 - Ensuring compose stack is running...
2025-12-11 19:00:43 - Service vinted-notifications is not running; attempting to start it.
2025-12-11 19:00:43 - Service vinted-notifications is not running; attempting to start it.
2025-12-11 19:00:43 - Ensuring compose stack is running...
2025-12-11 19:00:43 - Ensuring compose stack is running...
2025-12-11 19:00:53 - Service vinted-notifications is not running; attempting to start it.
2025-12-11 19:00:53 - Service vinted-notifications is not running; attempting to start it.
2025-12-11 19:00:53 - Ensuring compose stack is running...
2025-12-11 19:00:53 - Ensuring compose stack is running...
2025-12-11 19:01:03 - Service vinted-notifications is not running; attempting to start it.
2025-12-11 19:01:03 - Service vinted-notifications is not running; attempting to start it.
2025-12-11 19:01:03 - Ensuring compose stack is running...
2025-12-11 19:01:03 - Ensuring compose stack is running...
2025-12-11 19:01:13 - Service vinted-notifications is not running; attempting to start it.
2025-12-11 19:01:13 - Service vinted-notifications is not running; attempting to start it.
2025-12-11 19:01:13 - Ensuring compose stack is running...
2025-12-11 19:01:13 - Ensuring compose stack is running...
2025-12-11 19:01:23 - Service vinted-notifications is not running; attempting to start it.
2025-12-11 19:01:23 - Service vinted-notifications is not running; attempting to start it.
2025-12-11 19:01:23 - Ensuring compose stack is running...
2025-12-11 19:01:23 - Ensuring compose stack is running...
2025-12-11 19:01:33 - Service vinted-notifications is not running; attempting to start it.
2025-12-11 19:01:33 - Service vinted-notifications is not running; attempting to start it.
2025-12-11 19:01:33 - Ensuring compose stack is running...
2025-12-11 19:01:33 - Ensuring compose stack is running...
2025-12-11 19:01:44 - Service vinted-notifications is not running; attempting to start it.
2025-12-11 19:01:44 - Service vinted-notifications is not running; attempting to start it.
2025-12-11 19:01:44 - Ensuring compose stack is running...
2025-12-11 19:01:44 - Ensuring compose stack is running...
2025-12-11 19:01:54 - Service vinted-notifications is not running; attempting to start it.
2025-12-11 19:01:54 - Service vinted-notifications is not running; attempting to start it.
2025-12-11 19:01:54 - Ensuring compose stack is running...
2025-12-11 19:01:54 - Ensuring compose stack is running...
2025-12-11 19:02:04 - Service vinted-notifications is not running; attempting to start it.
2025-12-11 19:02:04 - Service vinted-notifications is not running; attempting to start it.
2025-12-11 19:02:04 - Ensuring compose stack is running...
2025-12-11 19:02:04 - Ensuring compose stack is running...
2025-12-11 19:02:14 - Service vinted-notifications is not running; attempting to start it.
2025-12-11 19:02:14 - Service vinted-notifications is not running; attempting to start it.
2025-12-11 19:02:14 - Ensuring compose stack is running...
2025-12-11 19:02:14 - Ensuring compose stack is running...
2025-12-11 19:02:24 - Service vinted-notifications is not running; attempting to start it.
2025-12-11 19:02:24 - Service vinted-notifications is not running; attempting to start it.
2025-12-11 19:02:24 - Ensuring compose stack is running...
2025-12-11 19:02:24 - Ensuring compose stack is running...
2025-12-11 19:18:38 - Service vinted-notifications is not running; attempting to start it.
2025-12-11 19:18:38 - Service vinted-notifications is not running; attempting to start it.
2025-12-11 19:18:38 - Ensuring compose stack is running...
2025-12-11 19:18:38 - Ensuring compose stack is running...
2025-12-11 19:18:48 - Service vinted-notifications is not running; attempting to start it.
2025-12-11 19:18:48 - Service vinted-notifications is not running; attempting to start it.
2025-12-11 19:18:48 - Ensuring compose stack is running...
2025-12-11 19:18:48 - Ensuring compose stack is running...
2025-12-11 19:18:59 - Service vinted-notifications is not running; attempting to start it.
2025-12-11 19:18:59 - Service vinted-notifications is not running; attempting to start it.
2025-12-11 19:18:59 - Ensuring compose stack is running...
2025-12-11 19:18:59 - Ensuring compose stack is running...
2025-12-11 19:19:09 - Service vinted-notifications is not running; attempting to start it.
2025-12-11 19:19:09 - Service vinted-notifications is not running; attempting to start it.
2025-12-11 19:19:09 - Ensuring compose stack is running...
2025-12-11 19:19:09 - Ensuring compose stack is running...
2025-12-11 19:19:19 - Service vinted-notifications is not running; attempting to start it.
2025-12-11 19:19:19 - Service vinted-notifications is not running; attempting to start it.
2025-12-11 19:19:19 - Ensuring compose stack is running...
2025-12-11 19:19:19 - Ensuring compose stack is running...
2025-12-11 19:19:29 - Service vinted-notifications is not running; attempting to start it.
2025-12-11 19:19:29 - Service vinted-notifications is not running; attempting to start it.
2025-12-11 19:19:29 - Ensuring compose stack is running...
2025-12-11 19:19:29 - Ensuring compose stack is running...
2025-12-11 19:19:39 - Service vinted-notifications is not running; attempting to start it.
2025-12-11 19:19:39 - Service vinted-notifications is not running; attempting to start it.
2025-12-11 19:19:39 - Ensuring compose stack is running...
2025-12-11 19:19:39 - Ensuring compose stack is running...
2025-12-11 19:19:50 - Service vinted-notifications is not running; attempting to start it.
2025-12-11 19:19:50 - Service vinted-notifications is not running; attempting to start it.
2025-12-11 19:19:50 - Ensuring compose stack is running...
2025-12-11 19:19:50 - Ensuring compose stack is running...
2025-12-11 19:20:00 - Service vinted-notifications is not running; attempting to start it.
2025-12-11 19:20:00 - Service vinted-notifications is not running; attempting to start it.
2025-12-11 19:20:00 - Ensuring compose stack is running...
2025-12-11 19:20:00 - Ensuring compose stack is running...
2025-12-11 19:20:10 - Service vinted-notifications is not running; attempting to start it.
2025-12-11 19:20:10 - Service vinted-notifications is not running; attempting to start it.
2025-12-11 19:20:10 - Ensuring compose stack is running...
2025-12-11 19:20:10 - Ensuring compose stack is running...
2025-12-11 19:20:20 - Service vinted-notifications is not running; attempting to start it.
2025-12-11 19:20:20 - Service vinted-notifications is not running; attempting to start it.
2025-12-11 19:20:20 - Ensuring compose stack is running...
2025-12-11 19:20:20 - Ensuring compose stack is running...
2025-12-11 19:20:30 - Service vinted-notifications is not running; attempting to start it.
2025-12-11 19:20:30 - Service vinted-notifications is not running; attempting to start it.
2025-12-11 19:20:30 - Ensuring compose stack is running...
2025-12-11 19:20:30 - Ensuring compose stack is running...
2025-12-11 19:20:40 - Service vinted-notifications is not running; attempting to start it.
2025-12-11 19:20:40 - Service vinted-notifications is not running; attempting to start it.
2025-12-11 19:20:40 - Ensuring compose stack is running...
2025-12-11 19:20:40 - Ensuring compose stack is running...
2025-12-11 19:20:50 - Service vinted-notifications is not running; attempting to start it.
2025-12-11 19:20:50 - Service vinted-notifications is not running; attempting to start it.
2025-12-11 19:20:50 - Ensuring compose stack is running...
2025-12-11 19:20:50 - Ensuring compose stack is running...
2025-12-11 19:21:01 - Service vinted-notifications is not running; attempting to start it.
2025-12-11 19:21:01 - Service vinted-notifications is not running; attempting to start it.
2025-12-11 19:21:01 - Ensuring compose stack is running...
2025-12-11 19:21:01 - Ensuring compose stack is running...
2025-12-11 19:21:11 - Service vinted-notifications is not running; attempting to start it.
2025-12-11 19:21:11 - Service vinted-notifications is not running; attempting to start it.
2025-12-11 19:21:11 - Ensuring compose stack is running...
2025-12-11 19:21:11 - Ensuring compose stack is running...
2025-12-11 19:21:21 - Service vinted-notifications is not running; attempting to start it.
2025-12-11 19:21:21 - Service vinted-notifications is not running; attempting to start it.
2025-12-11 19:21:21 - Ensuring compose stack is running...
2025-12-11 19:21:21 - Ensuring compose stack is running...
2025-12-11 19:21:31 - Service vinted-notifications is not running; attempting to start it.
2025-12-11 19:21:31 - Service vinted-notifications is not running; attempting to start it.
2025-12-11 19:21:31 - Ensuring compose stack is running...
2025-12-11 19:21:31 - Ensuring compose stack is running...
2025-12-11 19:21:42 - Service vinted-notifications is not running; attempting to start it.
2025-12-11 19:21:42 - Service vinted-notifications is not running; attempting to start it.
2025-12-11 19:21:42 - Ensuring compose stack is running...
2025-12-11 19:21:42 - Ensuring compose stack is running...
2025-12-11 19:21:52 - Service vinted-notifications is not running; attempting to start it.
2025-12-11 19:21:52 - Service vinted-notifications is not running; attempting to start it.
2025-12-11 19:21:52 - Ensuring compose stack is running...
2025-12-11 19:21:52 - Ensuring compose stack is running...
2025-12-11 19:22:02 - Service vinted-notifications is not running; attempting to start it.
2025-12-11 19:22:02 - Service vinted-notifications is not running; attempting to start it.
2025-12-11 19:22:02 - Ensuring compose stack is running...
2025-12-11 19:22:02 - Ensuring compose stack is running...
2025-12-11 19:22:13 - Service vinted-notifications is not running; attempting to start it.
2025-12-11 19:22:13 - Service vinted-notifications is not running; attempting to start it.
2025-12-11 19:22:13 - Ensuring compose stack is running...
2025-12-11 19:22:13 - Ensuring compose stack is running...
2025-12-11 19:22:23 - Service vinted-notifications is not running; attempting to start it.
2025-12-11 19:22:23 - Service vinted-notifications is not running; attempting to start it.
2025-12-11 19:22:23 - Ensuring compose stack is running...
2025-12-11 19:22:23 - Ensuring compose stack is running...
2025-12-11 19:22:33 - Service vinted-notifications is not running; attempting to start it.
2025-12-11 19:22:33 - Service vinted-notifications is not running; attempting to start it.
2025-12-11 19:22:33 - Ensuring compose stack is running...
2025-12-11 19:22:33 - Ensuring compose stack is running...
2025-12-11 19:22:43 - Service vinted-notifications is not running; attempting to start it.
2025-12-11 19:22:43 - Service vinted-notifications is not running; attempting to start it.
2025-12-11 19:22:43 - Ensuring compose stack is running...
2025-12-11 19:22:43 - Ensuring compose stack is running...
2025-12-11 19:22:54 - Service vinted-notifications is not running; attempting to start it.
2025-12-11 19:22:54 - Service vinted-notifications is not running; attempting to start it.
2025-12-11 19:22:54 - Ensuring compose stack is running...
2025-12-11 19:22:54 - Ensuring compose stack is running...
2025-12-11 19:23:04 - Service vinted-notifications is not running; attempting to start it.
2025-12-11 19:23:04 - Service vinted-notifications is not running; attempting to start it.
2025-12-11 19:23:04 - Ensuring compose stack is running...
2025-12-11 19:23:04 - Ensuring compose stack is running...
2025-12-11 19:23:14 - Service vinted-notifications is not running; attempting to start it.
2025-12-11 19:23:14 - Service vinted-notifications is not running; attempting to start it.
2025-12-11 19:23:14 - Ensuring compose stack is running...
2025-12-11 19:23:14 - Ensuring compose stack is running...
2025-12-11 19:23:25 - Service vinted-notifications is not running; attempting to start it.
2025-12-11 19:23:25 - Service vinted-notifications is not running; attempting to start it.
2025-12-11 19:23:25 - Ensuring compose stack is running...
2025-12-11 19:23:25 - Ensuring compose stack is running...
2025-12-11 19:23:35 - Service vinted-notifications is not running; attempting to start it.
2025-12-11 19:23:35 - Service vinted-notifications is not running; attempting to start it.
2025-12-11 19:23:35 - Ensuring compose stack is running...
2025-12-11 19:23:35 - Ensuring compose stack is running...
2025-12-11 19:23:45 - Service vinted-notifications is not running; attempting to start it.
2025-12-11 19:23:45 - Service vinted-notifications is not running; attempting to start it.
2025-12-11 19:23:45 - Ensuring compose stack is running...
2025-12-11 19:23:45 - Ensuring compose stack is running...
2025-12-11 19:23:56 - Service vinted-notifications is not running; attempting to start it.
2025-12-11 19:23:56 - Service vinted-notifications is not running; attempting to start it.
2025-12-11 19:23:56 - Ensuring compose stack is running...
2025-12-11 19:23:56 - Ensuring compose stack is running...
2025-12-11 19:24:06 - Service vinted-notifications is not running; attempting to start it.
2025-12-11 19:24:06 - Service vinted-notifications is not running; attempting to start it.
2025-12-11 19:24:06 - Ensuring compose stack is running...
2025-12-11 19:24:06 - Ensuring compose stack is running...
2025-12-11 19:24:16 - Service vinted-notifications is not running; attempting to start it.
2025-12-11 19:24:16 - Service vinted-notifications is not running; attempting to start it.
2025-12-11 19:24:16 - Ensuring compose stack is running...
2025-12-11 19:24:16 - Ensuring compose stack is running...
2025-12-11 19:24:26 - Service vinted-notifications is not running; attempting to start it.
2025-12-11 19:24:26 - Service vinted-notifications is not running; attempting to start it.
2025-12-11 19:24:26 - Ensuring compose stack is running...
2025-12-11 19:24:26 - Ensuring compose stack is running...
2025-12-11 19:24:37 - Service vinted-notifications is not running; attempting to start it.
2025-12-11 19:24:37 - Service vinted-notifications is not running; attempting to start it.
2025-12-11 19:24:37 - Ensuring compose stack is running...
2025-12-11 19:24:37 - Ensuring compose stack is running...
2025-12-11 19:24:47 - Service vinted-notifications is not running; attempting to start it.
2025-12-11 19:24:47 - Service vinted-notifications is not running; attempting to start it.
2025-12-11 19:24:47 - Ensuring compose stack is running...
2025-12-11 19:24:47 - Ensuring compose stack is running...
2025-12-11 19:24:57 - Service vinted-notifications is not running; attempting to start it.
2025-12-11 19:24:57 - Service vinted-notifications is not running; attempting to start it.
2025-12-11 19:24:57 - Ensuring compose stack is running...
2025-12-11 19:24:57 - Ensuring compose stack is running...
2025-12-11 19:25:07 - Service vinted-notifications is not running; attempting to start it.
2025-12-11 19:25:07 - Service vinted-notifications is not running; attempting to start it.
2025-12-11 19:25:07 - Ensuring compose stack is running...
2025-12-11 19:25:07 - Ensuring compose stack is running...
2025-12-11 19:25:18 - Service vinted-notifications is not running; attempting to start it.
2025-12-11 19:25:18 - Service vinted-notifications is not running; attempting to start it.
2025-12-11 19:25:18 - Ensuring compose stack is running...
2025-12-11 19:25:18 - Ensuring compose stack is running...
2025-12-11 19:25:28 - Service vinted-notifications is not running; attempting to start it.
2025-12-11 19:25:28 - Service vinted-notifications is not running; attempting to start it.
2025-12-11 19:25:28 - Ensuring compose stack is running...
2025-12-11 19:25:28 - Ensuring compose stack is running...
2025-12-11 19:25:39 - Service vinted-notifications is not running; attempting to start it.
2025-12-11 19:25:39 - Service vinted-notifications is not running; attempting to start it.
2025-12-11 19:25:39 - Ensuring compose stack is running...
2025-12-11 19:25:39 - Ensuring compose stack is running...
2025-12-11 19:25:49 - Service vinted-notifications is not running; attempting to start it.
2025-12-11 19:25:49 - Service vinted-notifications is not running; attempting to start it.
2025-12-11 19:25:49 - Ensuring compose stack is running...
2025-12-11 19:25:49 - Ensuring compose stack is running...
2025-12-11 19:40:58 - Service vinted-notifications is not running; attempting to start it.
2025-12-11 19:40:58 - Service vinted-notifications is not running; attempting to start it.
2025-12-11 19:40:58 - Ensuring compose stack is running...
2025-12-11 19:40:58 - Ensuring compose stack is running...
2025-12-11 19:41:08 - Service vinted-notifications is not running; attempting to start it.
2025-12-11 19:41:08 - Service vinted-notifications is not running; attempting to start it.
2025-12-11 19:41:08 - Ensuring compose stack is running...
2025-12-11 19:41:08 - Ensuring compose stack is running...
2025-12-11 19:41:18 - Service vinted-notifications is not running; attempting to start it.
2025-12-11 19:41:18 - Service vinted-notifications is not running; attempting to start it.
2025-12-11 19:41:18 - Ensuring compose stack is running...
2025-12-11 19:41:18 - Ensuring compose stack is running...
2025-12-11 19:41:29 - Service vinted-notifications is not running; attempting to start it.
2025-12-11 19:41:29 - Service vinted-notifications is not running; attempting to start it.
2025-12-11 19:41:29 - Ensuring compose stack is running...
2025-12-11 19:41:29 - Ensuring compose stack is running...
2025-12-11 19:41:39 - Service vinted-notifications is not running; attempting to start it.
2025-12-11 19:41:39 - Service vinted-notifications is not running; attempting to start it.
2025-12-11 19:41:39 - Ensuring compose stack is running...
2025-12-11 19:41:39 - Ensuring compose stack is running...
2025-12-11 19:41:49 - Service vinted-notifications is not running; attempting to start it.
2025-12-11 19:41:49 - Service vinted-notifications is not running; attempting to start it.
2025-12-11 19:41:49 - Ensuring compose stack is running...
2025-12-11 19:41:49 - Ensuring compose stack is running...
2025-12-11 19:41:59 - Service vinted-notifications is not running; attempting to start it.
2025-12-11 19:41:59 - Service vinted-notifications is not running; attempting to start it.
2025-12-11 19:41:59 - Ensuring compose stack is running...
2025-12-11 19:41:59 - Ensuring compose stack is running...
2025-12-11 19:42:09 - Service vinted-notifications is not running; attempting to start it.
2025-12-11 19:42:09 - Service vinted-notifications is not running; attempting to start it.
2025-12-11 19:42:09 - Ensuring compose stack is running...
2025-12-11 19:42:09 - Ensuring compose stack is running...
2025-12-11 19:42:19 - Service vinted-notifications is not running; attempting to start it.
2025-12-11 19:42:19 - Service vinted-notifications is not running; attempting to start it.
2025-12-11 19:42:19 - Ensuring compose stack is running...
2025-12-11 19:42:19 - Ensuring compose stack is running...
2025-12-11 19:42:29 - Service vinted-notifications is not running; attempting to start it.
2025-12-11 19:42:29 - Service vinted-notifications is not running; attempting to start it.
2025-12-11 19:42:29 - Ensuring compose stack is running...
2025-12-11 19:42:29 - Ensuring compose stack is running...
2025-12-11 19:42:39 - Service vinted-notifications is not running; attempting to start it.
2025-12-11 19:42:39 - Service vinted-notifications is not running; attempting to start it.
2025-12-11 19:42:39 - Ensuring compose stack is running...
2025-12-11 19:42:39 - Ensuring compose stack is running...
2025-12-11 19:42:49 - Service vinted-notifications is not running; attempting to start it.
2025-12-11 19:42:49 - Service vinted-notifications is not running; attempting to start it.
2025-12-11 19:42:49 - Ensuring compose stack is running...
2025-12-11 19:42:49 - Ensuring compose stack is running...
2025-12-11 19:42:59 - Service vinted-notifications is not running; attempting to start it.
2025-12-11 19:42:59 - Service vinted-notifications is not running; attempting to start it.
2025-12-11 19:42:59 - Ensuring compose stack is running...
2025-12-11 19:42:59 - Ensuring compose stack is running...
2025-12-11 19:43:10 - Service vinted-notifications is not running; attempting to start it.
2025-12-11 19:43:10 - Service vinted-notifications is not running; attempting to start it.
2025-12-11 19:43:10 - Ensuring compose stack is running...
2025-12-11 19:43:10 - Ensuring compose stack is running...
2025-12-11 19:43:20 - Service vinted-notifications is not running; attempting to start it.
2025-12-11 19:43:20 - Service vinted-notifications is not running; attempting to start it.
2025-12-11 19:43:20 - Ensuring compose stack is running...
2025-12-11 19:43:20 - Ensuring compose stack is running...
2025-12-11 19:43:30 - Service vinted-notifications is not running; attempting to start it.
2025-12-11 19:43:30 - Service vinted-notifications is not running; attempting to start it.
2025-12-11 19:43:30 - Ensuring compose stack is running...
2025-12-11 19:43:30 - Ensuring compose stack is running...
2025-12-11 19:43:40 - Service vinted-notifications is not running; attempting to start it.
2025-12-11 19:43:40 - Service vinted-notifications is not running; attempting to start it.
2025-12-11 19:43:40 - Ensuring compose stack is running...
2025-12-11 19:43:40 - Ensuring compose stack is running...
2025-12-11 19:43:51 - Service vinted-notifications is not running; attempting to start it.
2025-12-11 19:43:51 - Service vinted-notifications is not running; attempting to start it.
2025-12-11 19:43:51 - Ensuring compose stack is running...
2025-12-11 19:43:51 - Ensuring compose stack is running...
2025-12-11 19:44:01 - Service vinted-notifications is not running; attempting to start it.
2025-12-11 19:44:01 - Service vinted-notifications is not running; attempting to start it.
2025-12-11 19:44:01 - Ensuring compose stack is running...
2025-12-11 19:44:01 - Ensuring compose stack is running...
2025-12-11 19:44:12 - Service vinted-notifications is not running; attempting to start it.
2025-12-11 19:44:12 - Service vinted-notifications is not running; attempting to start it.
2025-12-11 19:44:12 - Ensuring compose stack is running...
2025-12-11 19:44:12 - Ensuring compose stack is running...
2025-12-11 19:44:22 - Service vinted-notifications is not running; attempting to start it.
2025-12-11 19:44:22 - Service vinted-notifications is not running; attempting to start it.
2025-12-11 19:44:22 - Ensuring compose stack is running...
2025-12-11 19:44:22 - Ensuring compose stack is running...
2025-12-11 19:44:32 - Service vinted-notifications is not running; attempting to start it.
2025-12-11 19:44:32 - Service vinted-notifications is not running; attempting to start it.
2025-12-11 19:44:32 - Ensuring compose stack is running...
2025-12-11 19:44:32 - Ensuring compose stack is running...
2025-12-11 19:44:43 - Service vinted-notifications is not running; attempting to start it.
2025-12-11 19:44:43 - Service vinted-notifications is not running; attempting to start it.
2025-12-11 19:44:43 - Ensuring compose stack is running...
2025-12-11 19:44:43 - Ensuring compose stack is running...
2025-12-11 19:44:53 - Service vinted-notifications is not running; attempting to start it.
2025-12-11 19:44:53 - Service vinted-notifications is not running; attempting to start it.
2025-12-11 19:44:53 - Ensuring compose stack is running...
2025-12-11 19:44:53 - Ensuring compose stack is running...
2025-12-11 19:45:03 - Service vinted-notifications is not running; attempting to start it.
2025-12-11 19:45:03 - Service vinted-notifications is not running; attempting to start it.
2025-12-11 19:45:03 - Ensuring compose stack is running...
2025-12-11 19:45:03 - Ensuring compose stack is running...
2025-12-11 19:45:13 - Service vinted-notifications is not running; attempting to start it.
2025-12-11 19:45:13 - Service vinted-notifications is not running; attempting to start it.
2025-12-11 19:45:13 - Ensuring compose stack is running...
2025-12-11 19:45:13 - Ensuring compose stack is running...
2025-12-11 19:45:23 - Service vinted-notifications is not running; attempting to start it.
2025-12-11 19:45:23 - Service vinted-notifications is not running; attempting to start it.
2025-12-11 19:45:23 - Ensuring compose stack is running...
2025-12-11 19:45:23 - Ensuring compose stack is running...
2025-12-11 19:45:33 - Service vinted-notifications is not running; attempting to start it.
2025-12-11 19:45:33 - Service vinted-notifications is not running; attempting to start it.
2025-12-11 19:45:33 - Ensuring compose stack is running...
2025-12-11 19:45:33 - Ensuring compose stack is running...
2025-12-11 19:45:43 - Service vinted-notifications is not running; attempting to start it.
2025-12-11 19:45:43 - Service vinted-notifications is not running; attempting to start it.
2025-12-11 19:45:43 - Ensuring compose stack is running...
2025-12-11 19:45:43 - Ensuring compose stack is running...
2025-12-11 19:45:53 - Service vinted-notifications is not running; attempting to start it.
2025-12-11 19:45:53 - Service vinted-notifications is not running; attempting to start it.
2025-12-11 19:45:53 - Ensuring compose stack is running...
2025-12-11 19:45:53 - Ensuring compose stack is running...
2025-12-11 19:46:03 - Service vinted-notifications is not running; attempting to start it.
2025-12-11 19:46:03 - Service vinted-notifications is not running; attempting to start it.
2025-12-11 19:46:03 - Ensuring compose stack is running...
2025-12-11 19:46:03 - Ensuring compose stack is running...
2025-12-11 19:46:13 - Service vinted-notifications is not running; attempting to start it.
2025-12-11 19:46:13 - Service vinted-notifications is not running; attempting to start it.
2025-12-11 19:46:14 - Ensuring compose stack is running...
2025-12-11 19:46:14 - Ensuring compose stack is running...
2025-12-11 19:46:24 - Service vinted-notifications is not running; attempting to start it.
2025-12-11 19:46:24 - Service vinted-notifications is not running; attempting to start it.
2025-12-11 19:46:24 - Ensuring compose stack is running...
2025-12-11 19:46:24 - Ensuring compose stack is running...
2025-12-11 19:46:34 - Service vinted-notifications is not running; attempting to start it.
2025-12-11 19:46:34 - Service vinted-notifications is not running; attempting to start it.
2025-12-11 19:46:34 - Ensuring compose stack is running...
2025-12-11 19:46:34 - Ensuring compose stack is running...
2025-12-11 19:46:44 - Service vinted-notifications is not running; attempting to start it.
2025-12-11 19:46:44 - Service vinted-notifications is not running; attempting to start it.
2025-12-11 19:46:44 - Ensuring compose stack is running...
2025-12-11 19:46:44 - Ensuring compose stack is running...
2025-12-11 19:46:54 - Service vinted-notifications is not running; attempting to start it.
2025-12-11 19:46:54 - Service vinted-notifications is not running; attempting to start it.
2025-12-11 19:46:54 - Ensuring compose stack is running...
2025-12-11 19:46:54 - Ensuring compose stack is running...
2025-12-11 19:47:04 - Service vinted-notifications is not running; attempting to start it.
2025-12-11 19:47:04 - Service vinted-notifications is not running; attempting to start it.
2025-12-11 19:47:04 - Ensuring compose stack is running...
2025-12-11 19:47:04 - Ensuring compose stack is running...
2025-12-11 19:47:14 - Service vinted-notifications is not running; attempting to start it.
2025-12-11 19:47:14 - Service vinted-notifications is not running; attempting to start it.
2025-12-11 19:47:14 - Ensuring compose stack is running...
2025-12-11 19:47:14 - Ensuring compose stack is running...
2025-12-11 19:47:24 - Service vinted-notifications is not running; attempting to start it.
2025-12-11 19:47:24 - Service vinted-notifications is not running; attempting to start it.
2025-12-11 19:47:24 - Ensuring compose stack is running...
2025-12-11 19:47:24 - Ensuring compose stack is running...
2025-12-11 19:47:34 - Service vinted-notifications is not running; attempting to start it.
2025-12-11 19:47:34 - Service vinted-notifications is not running; attempting to start it.
2025-12-11 19:47:34 - Ensuring compose stack is running...
2025-12-11 19:47:34 - Ensuring compose stack is running...
2025-12-11 19:47:44 - Service vinted-notifications is not running; attempting to start it.
2025-12-11 19:47:44 - Service vinted-notifications is not running; attempting to start it.
2025-12-11 19:47:44 - Ensuring compose stack is running...
2025-12-11 19:47:44 - Ensuring compose stack is running...
2025-12-11 19:47:55 - Service vinted-notifications is not running; attempting to start it.
2025-12-11 19:47:55 - Service vinted-notifications is not running; attempting to start it.
2025-12-11 19:47:55 - Ensuring compose stack is running...
2025-12-11 19:47:55 - Ensuring compose stack is running...
2025-12-11 19:48:05 - Service vinted-notifications is not running; attempting to start it.
2025-12-11 19:48:05 - Service vinted-notifications is not running; attempting to start it.
2025-12-11 19:48:05 - Ensuring compose stack is running...
2025-12-11 19:48:05 - Ensuring compose stack is running...
2025-12-11 19:48:15 - Service vinted-notifications is not running; attempting to start it.
2025-12-11 19:48:15 - Service vinted-notifications is not running; attempting to start it.
2025-12-11 19:48:15 - Ensuring compose stack is running...
2025-12-11 19:48:15 - Ensuring compose stack is running...
2025-12-11 19:48:25 - Service vinted-notifications is not running; attempting to start it.
2025-12-11 19:48:25 - Service vinted-notifications is not running; attempting to start it.
2025-12-11 19:48:25 - Ensuring compose stack is running...
2025-12-11 19:48:25 - Ensuring compose stack is running...
2025-12-11 19:48:35 - Service vinted-notifications is not running; attempting to start it.
2025-12-11 19:48:35 - Service vinted-notifications is not running; attempting to start it.
2025-12-11 19:48:35 - Ensuring compose stack is running...
2025-12-11 19:48:35 - Ensuring compose stack is running...
2025-12-11 19:48:45 - Service vinted-notifications is not running; attempting to start it.
2025-12-11 19:48:45 - Service vinted-notifications is not running; attempting to start it.
2025-12-11 19:48:45 - Ensuring compose stack is running...
2025-12-11 19:48:45 - Ensuring compose stack is running...
2025-12-11 19:48:55 - Service vinted-notifications is not running; attempting to start it.
2025-12-11 19:48:55 - Service vinted-notifications is not running; attempting to start it.
2025-12-11 19:48:55 - Ensuring compose stack is running...
2025-12-11 19:48:55 - Ensuring compose stack is running...
2025-12-11 19:49:05 - Service vinted-notifications is not running; attempting to start it.
2025-12-11 19:49:05 - Service vinted-notifications is not running; attempting to start it.
2025-12-11 19:49:05 - Ensuring compose stack is running...
2025-12-11 19:49:05 - Ensuring compose stack is running...
2025-12-11 19:49:15 - Service vinted-notifications is not running; attempting to start it.
2025-12-11 19:49:15 - Service vinted-notifications is not running; attempting to start it.
2025-12-11 19:49:15 - Ensuring compose stack is running...
2025-12-11 19:49:15 - Ensuring compose stack is running...
2025-12-11 19:49:26 - Service vinted-notifications is not running; attempting to start it.
2025-12-11 19:49:26 - Service vinted-notifications is not running; attempting to start it.
2025-12-11 19:49:26 - Ensuring compose stack is running...
2025-12-11 19:49:26 - Ensuring compose stack is running...
2025-12-11 19:49:36 - Service vinted-notifications is not running; attempting to start it.
2025-12-11 19:49:36 - Service vinted-notifications is not running; attempting to start it.
2025-12-11 19:49:36 - Ensuring compose stack is running...
2025-12-11 19:49:36 - Ensuring compose stack is running...
2025-12-11 19:49:46 - Service vinted-notifications is not running; attempting to start it.
2025-12-11 19:49:46 - Service vinted-notifications is not running; attempting to start it.
2025-12-11 19:49:46 - Ensuring compose stack is running...
2025-12-11 19:49:46 - Ensuring compose stack is running...
2025-12-11 19:49:56 - Service vinted-notifications is not running; attempting to start it.
2025-12-11 19:49:56 - Service vinted-notifications is not running; attempting to start it.
2025-12-11 19:49:56 - Ensuring compose stack is running...
2025-12-11 19:49:56 - Ensuring compose stack is running...
2025-12-11 19:50:06 - Service vinted-notifications is not running; attempting to start it.
2025-12-11 19:50:06 - Service vinted-notifications is not running; attempting to start it.
2025-12-11 19:50:06 - Ensuring compose stack is running...
2025-12-11 19:50:06 - Ensuring compose stack is running...
2025-12-11 19:50:16 - Service vinted-notifications is not running; attempting to start it.
2025-12-11 19:50:16 - Service vinted-notifications is not running; attempting to start it.
2025-12-11 19:50:16 - Ensuring compose stack is running...
2025-12-11 19:50:16 - Ensuring compose stack is running...
2025-12-11 19:50:26 - Service vinted-notifications is not running; attempting to start it.
2025-12-11 19:50:26 - Service vinted-notifications is not running; attempting to start it.
2025-12-11 19:50:26 - Ensuring compose stack is running...
2025-12-11 19:50:26 - Ensuring compose stack is running...
2025-12-11 19:50:36 - Service vinted-notifications is not running; attempting to start it.
2025-12-11 19:50:36 - Service vinted-notifications is not running; attempting to start it.
2025-12-11 19:50:36 - Ensuring compose stack is running...
2025-12-11 19:50:36 - Ensuring compose stack is running...
2025-12-11 19:50:46 - Service vinted-notifications is not running; attempting to start it.
2025-12-11 19:50:46 - Service vinted-notifications is not running; attempting to start it.
2025-12-11 19:50:46 - Ensuring compose stack is running...
2025-12-11 19:50:46 - Ensuring compose stack is running...
2025-12-11 19:50:56 - Service vinted-notifications is not running; attempting to start it.
2025-12-11 19:50:56 - Service vinted-notifications is not running; attempting to start it.
2025-12-11 19:50:56 - Ensuring compose stack is running...
2025-12-11 19:50:56 - Ensuring compose stack is running...
2025-12-11 19:51:07 - Service vinted-notifications is not running; attempting to start it.
2025-12-11 19:51:07 - Service vinted-notifications is not running; attempting to start it.
2025-12-11 19:51:07 - Ensuring compose stack is running...
2025-12-11 19:51:07 - Ensuring compose stack is running...
2025-12-11 19:51:17 - Service vinted-notifications is not running; attempting to start it.
2025-12-11 19:51:17 - Service vinted-notifications is not running; attempting to start it.
2025-12-11 19:51:17 - Ensuring compose stack is running...
2025-12-11 19:51:17 - Ensuring compose stack is running...
2025-12-11 19:51:27 - Service vinted-notifications is not running; attempting to start it.
2025-12-11 19:51:27 - Service vinted-notifications is not running; attempting to start it.
2025-12-11 19:51:27 - Ensuring compose stack is running...
2025-12-11 19:51:27 - Ensuring compose stack is running...
2025-12-11 19:51:37 - Service vinted-notifications is not running; attempting to start it.
2025-12-11 19:51:37 - Service vinted-notifications is not running; attempting to start it.
2025-12-11 19:51:37 - Ensuring compose stack is running...
2025-12-11 19:51:37 - Ensuring compose stack is running...
2025-12-11 19:51:47 - Service vinted-notifications is not running; attempting to start it.
2025-12-11 19:51:47 - Service vinted-notifications is not running; attempting to start it.
2025-12-11 19:51:47 - Ensuring compose stack is running...
2025-12-11 19:51:47 - Ensuring compose stack is running...
2025-12-11 19:51:57 - Service vinted-notifications is not running; attempting to start it.
2025-12-11 19:51:57 - Service vinted-notifications is not running; attempting to start it.
2025-12-11 19:51:57 - Ensuring compose stack is running...
2025-12-11 19:51:57 - Ensuring compose stack is running...
2025-12-11 19:52:07 - Service vinted-notifications is not running; attempting to start it.
2025-12-11 19:52:07 - Service vinted-notifications is not running; attempting to start it.
2025-12-11 19:52:07 - Ensuring compose stack is running...
2025-12-11 19:52:07 - Ensuring compose stack is running...
2025-12-11 19:52:17 - Service vinted-notifications is not running; attempting to start it.
2025-12-11 19:52:17 - Service vinted-notifications is not running; attempting to start it.
2025-12-11 19:52:17 - Ensuring compose stack is running...
2025-12-11 19:52:17 - Ensuring compose stack is running...
2025-12-11 19:52:27 - Service vinted-notifications is not running; attempting to start it.
2025-12-11 19:52:27 - Service vinted-notifications is not running; attempting to start it.
2025-12-11 19:52:27 - Ensuring compose stack is running...
2025-12-11 19:52:27 - Ensuring compose stack is running...
2025-12-11 19:52:38 - Service vinted-notifications is not running; attempting to start it.
2025-12-11 19:52:38 - Service vinted-notifications is not running; attempting to start it.
2025-12-11 19:52:38 - Ensuring compose stack is running...
2025-12-11 19:52:38 - Ensuring compose stack is running...
2025-12-11 19:52:48 - Service vinted-notifications is not running; attempting to start it.
2025-12-11 19:52:48 - Service vinted-notifications is not running; attempting to start it.
2025-12-11 19:52:48 - Ensuring compose stack is running...
2025-12-11 19:52:48 - Ensuring compose stack is running...
2025-12-11 19:52:58 - Service vinted-notifications is not running; attempting to start it.
2025-12-11 19:52:58 - Service vinted-notifications is not running; attempting to start it.
2025-12-11 19:52:58 - Ensuring compose stack is running...
2025-12-11 19:52:58 - Ensuring compose stack is running...
2025-12-11 19:53:08 - Service vinted-notifications is not running; attempting to start it.
2025-12-11 19:53:08 - Service vinted-notifications is not running; attempting to start it.
2025-12-11 19:53:08 - Ensuring compose stack is running...
2025-12-11 19:53:08 - Ensuring compose stack is running...
2025-12-11 19:53:18 - Service vinted-notifications is not running; attempting to start it.
2025-12-11 19:53:18 - Service vinted-notifications is not running; attempting to start it.
2025-12-11 19:53:18 - Ensuring compose stack is running...
2025-12-11 19:53:18 - Ensuring compose stack is running...
2025-12-11 19:53:28 - Service vinted-notifications is not running; attempting to start it.
2025-12-11 19:53:28 - Service vinted-notifications is not running; attempting to start it.
2025-12-11 19:53:28 - Ensuring compose stack is running...
2025-12-11 19:53:28 - Ensuring compose stack is running...
2025-12-11 19:53:38 - Service vinted-notifications is not running; attempting to start it.
2025-12-11 19:53:38 - Service vinted-notifications is not running; attempting to start it.
2025-12-11 19:53:38 - Ensuring compose stack is running...
2025-12-11 19:53:38 - Ensuring compose stack is running...
2025-12-11 19:53:48 - Service vinted-notifications is not running; attempting to start it.
2025-12-11 19:53:48 - Service vinted-notifications is not running; attempting to start it.
2025-12-11 19:53:48 - Ensuring compose stack is running...
2025-12-11 19:53:48 - Ensuring compose stack is running...
2025-12-11 19:53:59 - Service vinted-notifications is not running; attempting to start it.
2025-12-11 19:53:59 - Service vinted-notifications is not running; attempting to start it.
2025-12-11 19:53:59 - Ensuring compose stack is running...
2025-12-11 19:53:59 - Ensuring compose stack is running...
2025-12-11 19:54:09 - Service vinted-notifications is not running; attempting to start it.
2025-12-11 19:54:09 - Service vinted-notifications is not running; attempting to start it.
2025-12-11 19:54:09 - Ensuring compose stack is running...
2025-12-11 19:54:09 - Ensuring compose stack is running...
2025-12-11 19:54:19 - Service vinted-notifications is not running; attempting to start it.
2025-12-11 19:54:19 - Service vinted-notifications is not running; attempting to start it.
2025-12-11 19:54:19 - Ensuring compose stack is running...
2025-12-11 19:54:19 - Ensuring compose stack is running...
2025-12-11 19:54:29 - Service vinted-notifications is not running; attempting to start it.
2025-12-11 19:54:29 - Service vinted-notifications is not running; attempting to start it.
2025-12-11 19:54:29 - Ensuring compose stack is running...
2025-12-11 19:54:29 - Ensuring compose stack is running...
2025-12-11 19:54:39 - Service vinted-notifications is not running; attempting to start it.
2025-12-11 19:54:39 - Service vinted-notifications is not running; attempting to start it.
2025-12-11 19:54:39 - Ensuring compose stack is running...
2025-12-11 19:54:39 - Ensuring compose stack is running...
2025-12-11 19:54:49 - Service vinted-notifications is not running; attempting to start it.
2025-12-11 19:54:49 - Service vinted-notifications is not running; attempting to start it.
2025-12-11 19:54:49 - Ensuring compose stack is running...
2025-12-11 19:54:49 - Ensuring compose stack is running...
2025-12-11 19:54:59 - Service vinted-notifications is not running; attempting to start it.
2025-12-11 19:54:59 - Service vinted-notifications is not running; attempting to start it.
2025-12-11 19:54:59 - Ensuring compose stack is running...
2025-12-11 19:54:59 - Ensuring compose stack is running...
2025-12-11 19:55:09 - Service vinted-notifications is not running; attempting to start it.
2025-12-11 19:55:09 - Service vinted-notifications is not running; attempting to start it.
2025-12-11 19:55:09 - Ensuring compose stack is running...
2025-12-11 19:55:09 - Ensuring compose stack is running...
2025-12-11 19:55:19 - Service vinted-notifications is not running; attempting to start it.
2025-12-11 19:55:19 - Service vinted-notifications is not running; attempting to start it.
2025-12-11 19:55:19 - Ensuring compose stack is running...
2025-12-11 19:55:19 - Ensuring compose stack is running...
2025-12-11 19:55:29 - Service vinted-notifications is not running; attempting to start it.
2025-12-11 19:55:29 - Service vinted-notifications is not running; attempting to start it.
2025-12-11 19:55:29 - Ensuring compose stack is running...
2025-12-11 19:55:29 - Ensuring compose stack is running...
2025-12-11 19:55:40 - Service vinted-notifications is not running; attempting to start it.
2025-12-11 19:55:40 - Service vinted-notifications is not running; attempting to start it.
2025-12-11 19:55:40 - Ensuring compose stack is running...
2025-12-11 19:55:40 - Ensuring compose stack is running...
2025-12-11 19:55:50 - Service vinted-notifications is not running; attempting to start it.
2025-12-11 19:55:50 - Service vinted-notifications is not running; attempting to start it.
2025-12-11 19:55:50 - Ensuring compose stack is running...
2025-12-11 19:55:50 - Ensuring compose stack is running...
2025-12-11 19:56:00 - Service vinted-notifications is not running; attempting to start it.
2025-12-11 19:56:00 - Service vinted-notifications is not running; attempting to start it.
2025-12-11 19:56:00 - Ensuring compose stack is running...
2025-12-11 19:56:00 - Ensuring compose stack is running...
2025-12-11 19:56:10 - Service vinted-notifications is not running; attempting to start it.
2025-12-11 19:56:10 - Service vinted-notifications is not running; attempting to start it.
2025-12-11 19:56:10 - Ensuring compose stack is running...
2025-12-11 19:56:10 - Ensuring compose stack is running...
2025-12-11 19:56:20 - Service vinted-notifications is not running; attempting to start it.
2025-12-11 19:56:20 - Service vinted-notifications is not running; attempting to start it.
2025-12-11 19:56:20 - Ensuring compose stack is running...
2025-12-11 19:56:20 - Ensuring compose stack is running...
2025-12-11 19:56:30 - Service vinted-notifications is not running; attempting to start it.
2025-12-11 19:56:30 - Service vinted-notifications is not running; attempting to start it.
2025-12-11 19:56:30 - Ensuring compose stack is running...
2025-12-11 19:56:30 - Ensuring compose stack is running...
2025-12-11 19:56:40 - Service vinted-notifications is not running; attempting to start it.
2025-12-11 19:56:40 - Service vinted-notifications is not running; attempting to start it.
2025-12-11 19:56:40 - Ensuring compose stack is running...
2025-12-11 19:56:40 - Ensuring compose stack is running...
2025-12-11 19:56:50 - Service vinted-notifications is not running; attempting to start it.
2025-12-11 19:56:50 - Service vinted-notifications is not running; attempting to start it.
2025-12-11 19:56:50 - Ensuring compose stack is running...
2025-12-11 19:56:50 - Ensuring compose stack is running...
2025-12-11 19:57:00 - Service vinted-notifications is not running; attempting to start it.
2025-12-11 19:57:00 - Service vinted-notifications is not running; attempting to start it.
2025-12-11 19:57:00 - Ensuring compose stack is running...
2025-12-11 19:57:00 - Ensuring compose stack is running...
2025-12-11 19:57:10 - Service vinted-notifications is not running; attempting to start it.
2025-12-11 19:57:10 - Service vinted-notifications is not running; attempting to start it.
2025-12-11 19:57:10 - Ensuring compose stack is running...
2025-12-11 19:57:10 - Ensuring compose stack is running...
2025-12-11 19:57:21 - Service vinted-notifications is not running; attempting to start it.
2025-12-11 19:57:21 - Service vinted-notifications is not running; attempting to start it.
2025-12-11 19:57:21 - Ensuring compose stack is running...
2025-12-11 19:57:21 - Ensuring compose stack is running...
2025-12-11 19:57:31 - Service vinted-notifications is not running; attempting to start it.
2025-12-11 19:57:31 - Service vinted-notifications is not running; attempting to start it.
2025-12-11 19:57:31 - Ensuring compose stack is running...
2025-12-11 19:57:31 - Ensuring compose stack is running...
2025-12-11 19:57:41 - Service vinted-notifications is not running; attempting to start it.
2025-12-11 19:57:41 - Service vinted-notifications is not running; attempting to start it.
2025-12-11 19:57:41 - Ensuring compose stack is running...
2025-12-11 19:57:41 - Ensuring compose stack is running...
2025-12-11 19:57:51 - Service vinted-notifications is not running; attempting to start it.
2025-12-11 19:57:51 - Service vinted-notifications is not running; attempting to start it.
2025-12-11 19:57:51 - Ensuring compose stack is running...
2025-12-11 19:57:51 - Ensuring compose stack is running...
2025-12-11 19:58:01 - Service vinted-notifications is not running; attempting to start it.
2025-12-11 19:58:01 - Service vinted-notifications is not running; attempting to start it.
2025-12-11 19:58:01 - Ensuring compose stack is running...
2025-12-11 19:58:01 - Ensuring compose stack is running...
2025-12-11 19:58:11 - Service vinted-notifications is not running; attempting to start it.
2025-12-11 19:58:11 - Service vinted-notifications is not running; attempting to start it.
2025-12-11 19:58:11 - Ensuring compose stack is running...
2025-12-11 19:58:11 - Ensuring compose stack is running...
2025-12-11 19:58:21 - Service vinted-notifications is not running; attempting to start it.
2025-12-11 19:58:21 - Service vinted-notifications is not running; attempting to start it.
2025-12-11 19:58:21 - Ensuring compose stack is running...
2025-12-11 19:58:21 - Ensuring compose stack is running...
2025-12-11 19:58:31 - Service vinted-notifications is not running; attempting to start it.
2025-12-11 19:58:31 - Service vinted-notifications is not running; attempting to start it.
2025-12-11 19:58:31 - Ensuring compose stack is running...
2025-12-11 19:58:31 - Ensuring compose stack is running...
2025-12-11 19:58:41 - Service vinted-notifications is not running; attempting to start it.
2025-12-11 19:58:41 - Service vinted-notifications is not running; attempting to start it.
2025-12-11 19:58:41 - Ensuring compose stack is running...
2025-12-11 19:58:41 - Ensuring compose stack is running...
2025-12-11 19:58:52 - Service vinted-notifications is not running; attempting to start it.
2025-12-11 19:58:52 - Service vinted-notifications is not running; attempting to start it.
2025-12-11 19:58:52 - Ensuring compose stack is running...
2025-12-11 19:58:52 - Ensuring compose stack is running...
2025-12-11 19:59:02 - Service vinted-notifications is not running; attempting to start it.
2025-12-11 19:59:02 - Service vinted-notifications is not running; attempting to start it.
2025-12-11 19:59:02 - Ensuring compose stack is running...
2025-12-11 19:59:02 - Ensuring compose stack is running...
2025-12-11 19:59:12 - Service vinted-notifications is not running; attempting to start it.
2025-12-11 19:59:12 - Service vinted-notifications is not running; attempting to start it.
2025-12-11 19:59:12 - Ensuring compose stack is running...
2025-12-11 19:59:12 - Ensuring compose stack is running...
2025-12-11 19:59:22 - Service vinted-notifications is not running; attempting to start it.
2025-12-11 19:59:22 - Service vinted-notifications is not running; attempting to start it.
2025-12-11 19:59:22 - Ensuring compose stack is running...
2025-12-11 19:59:22 - Ensuring compose stack is running...
2025-12-11 19:59:32 - Service vinted-notifications is not running; attempting to start it.
2025-12-11 19:59:32 - Service vinted-notifications is not running; attempting to start it.
2025-12-11 19:59:32 - Ensuring compose stack is running...
2025-12-11 19:59:32 - Ensuring compose stack is running...
2025-12-11 19:59:42 - Service vinted-notifications is not running; attempting to start it.
2025-12-11 19:59:42 - Service vinted-notifications is not running; attempting to start it.
2025-12-11 19:59:42 - Ensuring compose stack is running...
2025-12-11 19:59:42 - Ensuring compose stack is running...
2025-12-11 19:59:52 - Service vinted-notifications is not running; attempting to start it.
2025-12-11 19:59:52 - Service vinted-notifications is not running; attempting to start it.
2025-12-11 19:59:52 - Ensuring compose stack is running...
2025-12-11 19:59:52 - Ensuring compose stack is running...
2025-12-11 20:00:02 - Service vinted-notifications is not running; attempting to start it.
2025-12-11 20:00:02 - Service vinted-notifications is not running; attempting to start it.
2025-12-11 20:00:02 - Ensuring compose stack is running...
2025-12-11 20:00:02 - Ensuring compose stack is running...
2025-12-11 20:00:12 - Service vinted-notifications is not running; attempting to start it.
2025-12-11 20:00:12 - Service vinted-notifications is not running; attempting to start it.
2025-12-11 20:00:12 - Ensuring compose stack is running...
2025-12-11 20:00:12 - Ensuring compose stack is running...
2025-12-11 20:00:23 - Service vinted-notifications is not running; attempting to start it.
2025-12-11 20:00:23 - Service vinted-notifications is not running; attempting to start it.
2025-12-11 20:00:23 - Ensuring compose stack is running...
2025-12-11 20:00:23 - Ensuring compose stack is running...
2025-12-11 20:00:33 - Service vinted-notifications is not running; attempting to start it.
2025-12-11 20:00:33 - Service vinted-notifications is not running; attempting to start it.
2025-12-11 20:00:33 - Ensuring compose stack is running...
2025-12-11 20:00:33 - Ensuring compose stack is running...
2025-12-11 20:00:43 - Service vinted-notifications is not running; attempting to start it.
2025-12-11 20:00:43 - Service vinted-notifications is not running; attempting to start it.
2025-12-11 20:00:43 - Ensuring compose stack is running...
2025-12-11 20:00:43 - Ensuring compose stack is running...
2025-12-11 20:00:53 - Service vinted-notifications is not running; attempting to start it.
2025-12-11 20:00:53 - Service vinted-notifications is not running; attempting to start it.
2025-12-11 20:00:53 - Ensuring compose stack is running...
2025-12-11 20:00:53 - Ensuring compose stack is running...
2025-12-11 20:01:03 - Service vinted-notifications is not running; attempting to start it.
2025-12-11 20:01:03 - Service vinted-notifications is not running; attempting to start it.
2025-12-11 20:01:03 - Ensuring compose stack is running...
2025-12-11 20:01:03 - Ensuring compose stack is running...
2025-12-11 20:01:13 - Service vinted-notifications is not running; attempting to start it.
2025-12-11 20:01:13 - Service vinted-notifications is not running; attempting to start it.
2025-12-11 20:01:13 - Ensuring compose stack is running...
2025-12-11 20:01:13 - Ensuring compose stack is running...
2025-12-11 20:01:23 - Service vinted-notifications is not running; attempting to start it.
2025-12-11 20:01:23 - Service vinted-notifications is not running; attempting to start it.
2025-12-11 20:01:23 - Ensuring compose stack is running...
2025-12-11 20:01:23 - Ensuring compose stack is running...
2025-12-11 20:01:33 - Service vinted-notifications is not running; attempting to start it.
2025-12-11 20:01:33 - Service vinted-notifications is not running; attempting to start it.
2025-12-11 20:01:33 - Ensuring compose stack is running...
2025-12-11 20:01:33 - Ensuring compose stack is running...
2025-12-11 20:01:43 - Service vinted-notifications is not running; attempting to start it.
2025-12-11 20:01:43 - Service vinted-notifications is not running; attempting to start it.
2025-12-11 20:01:43 - Ensuring compose stack is running...
2025-12-11 20:01:43 - Ensuring compose stack is running...
2025-12-11 20:01:53 - Service vinted-notifications is not running; attempting to start it.
2025-12-11 20:01:53 - Service vinted-notifications is not running; attempting to start it.
2025-12-11 20:01:53 - Ensuring compose stack is running...
2025-12-11 20:01:53 - Ensuring compose stack is running...
2025-12-11 20:02:04 - Service vinted-notifications is not running; attempting to start it.
2025-12-11 20:02:04 - Service vinted-notifications is not running; attempting to start it.
2025-12-11 20:02:04 - Ensuring compose stack is running...
2025-12-11 20:02:04 - Ensuring compose stack is running...
2025-12-11 20:02:14 - Service vinted-notifications is not running; attempting to start it.
2025-12-11 20:02:14 - Service vinted-notifications is not running; attempting to start it.
2025-12-11 20:02:14 - Ensuring compose stack is running...
2025-12-11 20:02:14 - Ensuring compose stack is running...
2025-12-11 20:02:24 - Service vinted-notifications is not running; attempting to start it.
2025-12-11 20:02:24 - Service vinted-notifications is not running; attempting to start it.
2025-12-11 20:02:24 - Ensuring compose stack is running...
2025-12-11 20:02:24 - Ensuring compose stack is running...
2025-12-11 20:02:34 - Service vinted-notifications is not running; attempting to start it.
2025-12-11 20:02:34 - Service vinted-notifications is not running; attempting to start it.
2025-12-11 20:02:34 - Ensuring compose stack is running...
2025-12-11 20:02:34 - Ensuring compose stack is running...
2025-12-11 20:02:44 - Service vinted-notifications is not running; attempting to start it.
2025-12-11 20:02:44 - Service vinted-notifications is not running; attempting to start it.
2025-12-11 20:02:44 - Ensuring compose stack is running...
2025-12-11 20:02:44 - Ensuring compose stack is running...
2025-12-11 20:02:54 - Service vinted-notifications is not running; attempting to start it.
2025-12-11 20:02:54 - Service vinted-notifications is not running; attempting to start it.
2025-12-11 20:02:54 - Ensuring compose stack is running...
2025-12-11 20:02:54 - Ensuring compose stack is running...
2025-12-11 20:03:04 - Service vinted-notifications is not running; attempting to start it.
2025-12-11 20:03:04 - Service vinted-notifications is not running; attempting to start it.
2025-12-11 20:03:04 - Ensuring compose stack is running...
2025-12-11 20:03:04 - Ensuring compose stack is running...
2025-12-11 20:03:14 - Service vinted-notifications is not running; attempting to start it.
2025-12-11 20:03:14 - Service vinted-notifications is not running; attempting to start it.
2025-12-11 20:03:14 - Ensuring compose stack is running...
2025-12-11 20:03:14 - Ensuring compose stack is running...
2025-12-11 20:03:24 - Service vinted-notifications is not running; attempting to start it.
2025-12-11 20:03:24 - Service vinted-notifications is not running; attempting to start it.
2025-12-11 20:03:24 - Ensuring compose stack is running...
2025-12-11 20:03:24 - Ensuring compose stack is running...
2025-12-11 20:03:35 - Service vinted-notifications is not running; attempting to start it.
2025-12-11 20:03:35 - Service vinted-notifications is not running; attempting to start it.
2025-12-11 20:03:35 - Ensuring compose stack is running...
2025-12-11 20:03:35 - Ensuring compose stack is running...
2025-12-11 20:03:45 - Service vinted-notifications is not running; attempting to start it.
2025-12-11 20:03:45 - Service vinted-notifications is not running; attempting to start it.
2025-12-11 20:03:45 - Ensuring compose stack is running...
2025-12-11 20:03:45 - Ensuring compose stack is running...
2025-12-11 20:03:55 - Service vinted-notifications is not running; attempting to start it.
2025-12-11 20:03:55 - Service vinted-notifications is not running; attempting to start it.
2025-12-11 20:03:55 - Ensuring compose stack is running...
2025-12-11 20:03:55 - Ensuring compose stack is running...
2025-12-11 20:04:05 - Service vinted-notifications is not running; attempting to start it.
2025-12-11 20:04:05 - Service vinted-notifications is not running; attempting to start it.
2025-12-11 20:04:05 - Ensuring compose stack is running...
2025-12-11 20:04:05 - Ensuring compose stack is running...
2025-12-11 20:04:15 - Service vinted-notifications is not running; attempting to start it.
2025-12-11 20:04:15 - Service vinted-notifications is not running; attempting to start it.
2025-12-11 20:04:15 - Ensuring compose stack is running...
2025-12-11 20:04:15 - Ensuring compose stack is running...
2025-12-11 20:04:25 - Service vinted-notifications is not running; attempting to start it.
2025-12-11 20:04:25 - Service vinted-notifications is not running; attempting to start it.
2025-12-11 20:04:25 - Ensuring compose stack is running...
2025-12-11 20:04:25 - Ensuring compose stack is running...
2025-12-11 20:04:35 - Service vinted-notifications is not running; attempting to start it.
2025-12-11 20:04:35 - Service vinted-notifications is not running; attempting to start it.
2025-12-11 20:04:35 - Ensuring compose stack is running...
2025-12-11 20:04:35 - Ensuring compose stack is running...
2025-12-11 20:04:45 - Service vinted-notifications is not running; attempting to start it.
2025-12-11 20:04:45 - Service vinted-notifications is not running; attempting to start it.
2025-12-11 20:04:45 - Ensuring compose stack is running...
2025-12-11 20:04:45 - Ensuring compose stack is running...
2025-12-11 20:04:55 - Service vinted-notifications is not running; attempting to start it.
2025-12-11 20:04:55 - Service vinted-notifications is not running; attempting to start it.
2025-12-11 20:04:55 - Ensuring compose stack is running...
2025-12-11 20:04:55 - Ensuring compose stack is running...
2025-12-11 20:05:05 - Service vinted-notifications is not running; attempting to start it.
2025-12-11 20:05:05 - Service vinted-notifications is not running; attempting to start it.
2025-12-11 20:05:05 - Ensuring compose stack is running...
2025-12-11 20:05:05 - Ensuring compose stack is running...
2025-12-11 20:05:16 - Service vinted-notifications is not running; attempting to start it.
2025-12-11 20:05:16 - Service vinted-notifications is not running; attempting to start it.
2025-12-11 20:05:16 - Ensuring compose stack is running...
2025-12-11 20:05:16 - Ensuring compose stack is running...
2025-12-11 20:05:26 - Service vinted-notifications is not running; attempting to start it.
2025-12-11 20:05:26 - Service vinted-notifications is not running; attempting to start it.
2025-12-11 20:05:26 - Ensuring compose stack is running...
2025-12-11 20:05:26 - Ensuring compose stack is running...
2025-12-11 20:05:36 - Service vinted-notifications is not running; attempting to start it.
2025-12-11 20:05:36 - Service vinted-notifications is not running; attempting to start it.
2025-12-11 20:05:36 - Ensuring compose stack is running...
2025-12-11 20:05:36 - Ensuring compose stack is running...
2025-12-11 20:05:46 - Service vinted-notifications is not running; attempting to start it.
2025-12-11 20:05:46 - Service vinted-notifications is not running; attempting to start it.
2025-12-11 20:05:46 - Ensuring compose stack is running...
2025-12-11 20:05:46 - Ensuring compose stack is running...
2025-12-11 20:05:56 - Service vinted-notifications is not running; attempting to start it.
2025-12-11 20:05:56 - Service vinted-notifications is not running; attempting to start it.
2025-12-11 20:05:56 - Ensuring compose stack is running...
2025-12-11 20:05:56 - Ensuring compose stack is running...
2025-12-11 20:06:06 - Service vinted-notifications is not running; attempting to start it.
2025-12-11 20:06:06 - Service vinted-notifications is not running; attempting to start it.
2025-12-11 20:06:06 - Ensuring compose stack is running...
2025-12-11 20:06:06 - Ensuring compose stack is running...
2025-12-11 20:06:16 - Service vinted-notifications is not running; attempting to start it.
2025-12-11 20:06:16 - Service vinted-notifications is not running; attempting to start it.
2025-12-11 20:06:16 - Ensuring compose stack is running...
2025-12-11 20:06:16 - Ensuring compose stack is running...
2025-12-11 20:06:26 - Service vinted-notifications is not running; attempting to start it.
2025-12-11 20:06:26 - Service vinted-notifications is not running; attempting to start it.
2025-12-11 20:06:26 - Ensuring compose stack is running...
2025-12-11 20:06:26 - Ensuring compose stack is running...
2025-12-11 20:06:37 - Service vinted-notifications is not running; attempting to start it.
2025-12-11 20:06:37 - Service vinted-notifications is not running; attempting to start it.
2025-12-11 20:06:37 - Ensuring compose stack is running...
2025-12-11 20:06:37 - Ensuring compose stack is running...
2025-12-11 20:06:47 - Service vinted-notifications is not running; attempting to start it.
2025-12-11 20:06:47 - Service vinted-notifications is not running; attempting to start it.
2025-12-11 20:06:47 - Ensuring compose stack is running...
2025-12-11 20:06:47 - Ensuring compose stack is running...
2025-12-11 20:06:57 - Service vinted-notifications is not running; attempting to start it.
2025-12-11 20:06:57 - Service vinted-notifications is not running; attempting to start it.
2025-12-11 20:06:57 - Ensuring compose stack is running...
2025-12-11 20:06:57 - Ensuring compose stack is running...
2025-12-11 20:07:07 - Service vinted-notifications is not running; attempting to start it.
2025-12-11 20:07:07 - Service vinted-notifications is not running; attempting to start it.
2025-12-11 20:07:07 - Ensuring compose stack is running...
2025-12-11 20:07:07 - Ensuring compose stack is running...
2025-12-11 20:07:17 - Service vinted-notifications is not running; attempting to start it.
2025-12-11 20:07:17 - Service vinted-notifications is not running; attempting to start it.
2025-12-11 20:07:17 - Ensuring compose stack is running...
2025-12-11 20:07:17 - Ensuring compose stack is running...
2025-12-11 20:07:27 - Service vinted-notifications is not running; attempting to start it.
2025-12-11 20:07:27 - Service vinted-notifications is not running; attempting to start it.
2025-12-11 20:07:27 - Ensuring compose stack is running...
2025-12-11 20:07:27 - Ensuring compose stack is running...
2025-12-11 20:07:37 - Service vinted-notifications is not running; attempting to start it.
2025-12-11 20:07:37 - Service vinted-notifications is not running; attempting to start it.
2025-12-11 20:07:37 - Ensuring compose stack is running...
2025-12-11 20:07:37 - Ensuring compose stack is running...
2025-12-11 20:07:47 - Service vinted-notifications is not running; attempting to start it.
2025-12-11 20:07:47 - Service vinted-notifications is not running; attempting to start it.
2025-12-11 20:07:47 - Ensuring compose stack is running...
2025-12-11 20:07:47 - Ensuring compose stack is running...
2025-12-11 20:07:57 - Service vinted-notifications is not running; attempting to start it.
2025-12-11 20:07:57 - Service vinted-notifications is not running; attempting to start it.
2025-12-11 20:07:57 - Ensuring compose stack is running...
2025-12-11 20:07:57 - Ensuring compose stack is running...
2025-12-11 20:08:07 - Service vinted-notifications is not running; attempting to start it.
2025-12-11 20:08:07 - Service vinted-notifications is not running; attempting to start it.
2025-12-11 20:08:07 - Ensuring compose stack is running...
2025-12-11 20:08:07 - Ensuring compose stack is running...
2025-12-11 20:08:18 - Service vinted-notifications is not running; attempting to start it.
2025-12-11 20:08:18 - Service vinted-notifications is not running; attempting to start it.
2025-12-11 20:08:18 - Ensuring compose stack is running...
2025-12-11 20:08:18 - Ensuring compose stack is running...
2025-12-11 20:08:28 - Service vinted-notifications is not running; attempting to start it.
2025-12-11 20:08:28 - Service vinted-notifications is not running; attempting to start it.
2025-12-11 20:08:28 - Ensuring compose stack is running...
2025-12-11 20:08:28 - Ensuring compose stack is running...
2025-12-11 20:08:38 - Service vinted-notifications is not running; attempting to start it.
2025-12-11 20:08:38 - Service vinted-notifications is not running; attempting to start it.
2025-12-11 20:08:38 - Ensuring compose stack is running...
2025-12-11 20:08:38 - Ensuring compose stack is running...
2025-12-11 20:08:48 - Service vinted-notifications is not running; attempting to start it.
2025-12-11 20:08:48 - Service vinted-notifications is not running; attempting to start it.
2025-12-11 20:08:48 - Ensuring compose stack is running...
2025-12-11 20:08:48 - Ensuring compose stack is running...
2025-12-11 20:08:58 - Service vinted-notifications is not running; attempting to start it.
2025-12-11 20:08:58 - Service vinted-notifications is not running; attempting to start it.
2025-12-11 20:08:58 - Ensuring compose stack is running...
2025-12-11 20:08:58 - Ensuring compose stack is running...
2025-12-11 20:09:08 - Service vinted-notifications is not running; attempting to start it.
2025-12-11 20:09:08 - Service vinted-notifications is not running; attempting to start it.
2025-12-11 20:09:08 - Ensuring compose stack is running...
2025-12-11 20:09:08 - Ensuring compose stack is running...
2025-12-11 20:09:18 - Service vinted-notifications is not running; attempting to start it.
2025-12-11 20:09:18 - Service vinted-notifications is not running; attempting to start it.
2025-12-11 20:09:18 - Ensuring compose stack is running...
2025-12-11 20:09:18 - Ensuring compose stack is running...
2025-12-11 20:09:28 - Service vinted-notifications is not running; attempting to start it.
2025-12-11 20:09:28 - Service vinted-notifications is not running; attempting to start it.
2025-12-11 20:09:28 - Ensuring compose stack is running...
2025-12-11 20:09:28 - Ensuring compose stack is running...
2025-12-11 20:09:38 - Service vinted-notifications is not running; attempting to start it.
2025-12-11 20:09:38 - Service vinted-notifications is not running; attempting to start it.
2025-12-11 20:09:38 - Ensuring compose stack is running...
2025-12-11 20:09:38 - Ensuring compose stack is running...
2025-12-11 20:09:49 - Service vinted-notifications is not running; attempting to start it.
2025-12-11 20:09:49 - Service vinted-notifications is not running; attempting to start it.
2025-12-11 20:09:49 - Ensuring compose stack is running...
2025-12-11 20:09:49 - Ensuring compose stack is running...
2025-12-11 20:09:59 - Service vinted-notifications is not running; attempting to start it.
2025-12-11 20:09:59 - Service vinted-notifications is not running; attempting to start it.
2025-12-11 20:09:59 - Ensuring compose stack is running...
2025-12-11 20:09:59 - Ensuring compose stack is running...
2025-12-11 20:10:09 - Service vinted-notifications is not running; attempting to start it.
2025-12-11 20:10:09 - Service vinted-notifications is not running; attempting to start it.
2025-12-11 20:10:09 - Ensuring compose stack is running...
2025-12-11 20:10:09 - Ensuring compose stack is running...
2025-12-11 20:10:19 - Service vinted-notifications is not running; attempting to start it.
2025-12-11 20:10:19 - Service vinted-notifications is not running; attempting to start it.
2025-12-11 20:10:19 - Ensuring compose stack is running...
2025-12-11 20:10:19 - Ensuring compose stack is running...
2025-12-11 20:10:29 - Service vinted-notifications is not running; attempting to start it.
2025-12-11 20:10:29 - Service vinted-notifications is not running; attempting to start it.
2025-12-11 20:10:29 - Ensuring compose stack is running...
2025-12-11 20:10:29 - Ensuring compose stack is running...
2025-12-11 20:10:39 - Service vinted-notifications is not running; attempting to start it.
2025-12-11 20:10:39 - Service vinted-notifications is not running; attempting to start it.
2025-12-11 20:10:39 - Ensuring compose stack is running...
2025-12-11 20:10:39 - Ensuring compose stack is running...
2025-12-11 20:10:49 - Service vinted-notifications is not running; attempting to start it.
2025-12-11 20:10:49 - Service vinted-notifications is not running; attempting to start it.
2025-12-11 20:10:49 - Ensuring compose stack is running...
2025-12-11 20:10:49 - Ensuring compose stack is running...
2025-12-11 20:10:59 - Service vinted-notifications is not running; attempting to start it.
2025-12-11 20:10:59 - Service vinted-notifications is not running; attempting to start it.
2025-12-11 20:10:59 - Ensuring compose stack is running...
2025-12-11 20:10:59 - Ensuring compose stack is running...
2025-12-11 20:11:10 - Service vinted-notifications is not running; attempting to start it.
2025-12-11 20:11:10 - Service vinted-notifications is not running; attempting to start it.
2025-12-11 20:11:10 - Ensuring compose stack is running...
2025-12-11 20:11:10 - Ensuring compose stack is running...
2025-12-11 20:11:20 - Service vinted-notifications is not running; attempting to start it.
2025-12-11 20:11:20 - Service vinted-notifications is not running; attempting to start it.
2025-12-11 20:11:20 - Ensuring compose stack is running...
2025-12-11 20:11:20 - Ensuring compose stack is running...
2025-12-11 20:11:30 - Service vinted-notifications is not running; attempting to start it.
2025-12-11 20:11:30 - Service vinted-notifications is not running; attempting to start it.
2025-12-11 20:11:30 - Ensuring compose stack is running...
2025-12-11 20:11:30 - Ensuring compose stack is running...
2025-12-11 20:11:40 - Service vinted-notifications is not running; attempting to start it.
2025-12-11 20:11:40 - Service vinted-notifications is not running; attempting to start it.
2025-12-11 20:11:40 - Ensuring compose stack is running...
2025-12-11 20:11:40 - Ensuring compose stack is running...
2025-12-11 20:11:50 - Service vinted-notifications is not running; attempting to start it.
2025-12-11 20:11:50 - Service vinted-notifications is not running; attempting to start it.
2025-12-11 20:11:50 - Ensuring compose stack is running...
2025-12-11 20:11:50 - Ensuring compose stack is running...
2025-12-11 20:12:00 - Service vinted-notifications is not running; attempting to start it.
2025-12-11 20:12:00 - Service vinted-notifications is not running; attempting to start it.
2025-12-11 20:12:00 - Ensuring compose stack is running...
2025-12-11 20:12:00 - Ensuring compose stack is running...
2025-12-11 20:12:10 - Service vinted-notifications is not running; attempting to start it.
2025-12-11 20:12:10 - Service vinted-notifications is not running; attempting to start it.
2025-12-11 20:12:10 - Ensuring compose stack is running...
2025-12-11 20:12:10 - Ensuring compose stack is running...
2025-12-11 20:12:20 - Service vinted-notifications is not running; attempting to start it.
2025-12-11 20:12:20 - Service vinted-notifications is not running; attempting to start it.
2025-12-11 20:12:20 - Ensuring compose stack is running...
2025-12-11 20:12:20 - Ensuring compose stack is running...
2025-12-11 20:12:30 - Service vinted-notifications is not running; attempting to start it.
2025-12-11 20:12:30 - Service vinted-notifications is not running; attempting to start it.
2025-12-11 20:12:30 - Ensuring compose stack is running...
2025-12-11 20:12:30 - Ensuring compose stack is running...
2025-12-11 20:12:40 - Service vinted-notifications is not running; attempting to start it.
2025-12-11 20:12:40 - Service vinted-notifications is not running; attempting to start it.
2025-12-11 20:12:40 - Ensuring compose stack is running...
2025-12-11 20:12:40 - Ensuring compose stack is running...
2025-12-11 20:12:51 - Service vinted-notifications is not running; attempting to start it.
2025-12-11 20:12:51 - Service vinted-notifications is not running; attempting to start it.
2025-12-11 20:12:51 - Ensuring compose stack is running...
2025-12-11 20:12:51 - Ensuring compose stack is running...
2025-12-11 20:13:01 - Service vinted-notifications is not running; attempting to start it.
2025-12-11 20:13:01 - Service vinted-notifications is not running; attempting to start it.
2025-12-11 20:13:01 - Ensuring compose stack is running...
2025-12-11 20:13:01 - Ensuring compose stack is running...
2025-12-11 20:13:11 - Service vinted-notifications is not running; attempting to start it.
2025-12-11 20:13:11 - Service vinted-notifications is not running; attempting to start it.
2025-12-11 20:13:11 - Ensuring compose stack is running...
2025-12-11 20:13:11 - Ensuring compose stack is running...
2025-12-11 20:13:21 - Service vinted-notifications is not running; attempting to start it.
2025-12-11 20:13:21 - Service vinted-notifications is not running; attempting to start it.
2025-12-11 20:13:21 - Ensuring compose stack is running...
2025-12-11 20:13:21 - Ensuring compose stack is running...
2025-12-11 20:13:31 - Service vinted-notifications is not running; attempting to start it.
2025-12-11 20:13:31 - Service vinted-notifications is not running; attempting to start it.
2025-12-11 20:13:31 - Ensuring compose stack is running...
2025-12-11 20:13:31 - Ensuring compose stack is running...
2025-12-11 20:13:41 - Service vinted-notifications is not running; attempting to start it.
2025-12-11 20:13:41 - Service vinted-notifications is not running; attempting to start it.
2025-12-11 20:13:41 - Ensuring compose stack is running...
2025-12-11 20:13:41 - Ensuring compose stack is running...
2025-12-11 20:13:51 - Service vinted-notifications is not running; attempting to start it.
2025-12-11 20:13:51 - Service vinted-notifications is not running; attempting to start it.
2025-12-11 20:13:51 - Ensuring compose stack is running...
2025-12-11 20:13:51 - Ensuring compose stack is running...
2025-12-11 20:14:01 - Service vinted-notifications is not running; attempting to start it.
2025-12-11 20:14:01 - Service vinted-notifications is not running; attempting to start it.
2025-12-11 20:14:01 - Ensuring compose stack is running...
2025-12-11 20:14:01 - Ensuring compose stack is running...
2025-12-11 20:14:11 - Service vinted-notifications is not running; attempting to start it.
2025-12-11 20:14:11 - Service vinted-notifications is not running; attempting to start it.
2025-12-11 20:14:11 - Ensuring compose stack is running...
2025-12-11 20:14:11 - Ensuring compose stack is running...
2025-12-11 20:14:22 - Service vinted-notifications is not running; attempting to start it.
2025-12-11 20:14:22 - Service vinted-notifications is not running; attempting to start it.
2025-12-11 20:14:22 - Ensuring compose stack is running...
2025-12-11 20:14:22 - Ensuring compose stack is running...
2025-12-11 20:14:32 - Service vinted-notifications is not running; attempting to start it.
2025-12-11 20:14:32 - Service vinted-notifications is not running; attempting to start it.
2025-12-11 20:14:32 - Ensuring compose stack is running...
2025-12-11 20:14:32 - Ensuring compose stack is running...
2025-12-11 20:14:42 - Service vinted-notifications is not running; attempting to start it.
2025-12-11 20:14:42 - Service vinted-notifications is not running; attempting to start it.
2025-12-11 20:14:42 - Ensuring compose stack is running...
2025-12-11 20:14:42 - Ensuring compose stack is running...
2025-12-11 20:14:52 - Service vinted-notifications is not running; attempting to start it.
2025-12-11 20:14:52 - Service vinted-notifications is not running; attempting to start it.
2025-12-11 20:14:52 - Ensuring compose stack is running...
2025-12-11 20:14:52 - Ensuring compose stack is running...
2025-12-11 20:15:02 - Service vinted-notifications is not running; attempting to start it.
2025-12-11 20:15:02 - Service vinted-notifications is not running; attempting to start it.
2025-12-11 20:15:02 - Ensuring compose stack is running...
2025-12-11 20:15:02 - Ensuring compose stack is running...
2025-12-11 20:15:12 - Service vinted-notifications is not running; attempting to start it.
2025-12-11 20:15:12 - Service vinted-notifications is not running; attempting to start it.
2025-12-11 20:15:12 - Ensuring compose stack is running...
2025-12-11 20:15:12 - Ensuring compose stack is running...
2025-12-11 20:15:22 - Service vinted-notifications is not running; attempting to start it.
2025-12-11 20:15:22 - Service vinted-notifications is not running; attempting to start it.
2025-12-11 20:15:22 - Ensuring compose stack is running...
2025-12-11 20:15:22 - Ensuring compose stack is running...
2025-12-11 20:15:32 - Service vinted-notifications is not running; attempting to start it.
2025-12-11 20:15:32 - Service vinted-notifications is not running; attempting to start it.
2025-12-11 20:15:32 - Ensuring compose stack is running...
2025-12-11 20:15:32 - Ensuring compose stack is running...
2025-12-11 20:15:42 - Service vinted-notifications is not running; attempting to start it.
2025-12-11 20:15:42 - Service vinted-notifications is not running; attempting to start it.
2025-12-11 20:15:42 - Ensuring compose stack is running...
2025-12-11 20:15:42 - Ensuring compose stack is running...
2025-12-11 20:15:52 - Service vinted-notifications is not running; attempting to start it.
2025-12-11 20:15:52 - Service vinted-notifications is not running; attempting to start it.
2025-12-11 20:15:52 - Ensuring compose stack is running...
2025-12-11 20:15:52 - Ensuring compose stack is running...
2025-12-11 20:16:03 - Service vinted-notifications is not running; attempting to start it.
2025-12-11 20:16:03 - Service vinted-notifications is not running; attempting to start it.
2025-12-11 20:16:03 - Ensuring compose stack is running...
2025-12-11 20:16:03 - Ensuring compose stack is running...
2025-12-11 20:16:13 - Service vinted-notifications is not running; attempting to start it.
2025-12-11 20:16:13 - Service vinted-notifications is not running; attempting to start it.
2025-12-11 20:16:13 - Ensuring compose stack is running...
2025-12-11 20:16:13 - Ensuring compose stack is running...
2025-12-11 20:16:23 - Service vinted-notifications is not running; attempting to start it.
2025-12-11 20:16:23 - Service vinted-notifications is not running; attempting to start it.
2025-12-11 20:16:23 - Ensuring compose stack is running...
2025-12-11 20:16:23 - Ensuring compose stack is running...
2025-12-11 20:16:34 - Service vinted-notifications is not running; attempting to start it.
2025-12-11 20:16:34 - Service vinted-notifications is not running; attempting to start it.
2025-12-11 20:16:34 - Ensuring compose stack is running...
2025-12-11 20:16:34 - Ensuring compose stack is running...
2025-12-11 20:16:44 - Service vinted-notifications is not running; attempting to start it.
2025-12-11 20:16:44 - Service vinted-notifications is not running; attempting to start it.
2025-12-11 20:16:44 - Ensuring compose stack is running...
2025-12-11 20:16:44 - Ensuring compose stack is running...
2025-12-11 20:16:54 - Service vinted-notifications is not running; attempting to start it.
2025-12-11 20:16:54 - Service vinted-notifications is not running; attempting to start it.
2025-12-11 20:16:54 - Ensuring compose stack is running...
2025-12-11 20:16:54 - Ensuring compose stack is running...
2025-12-11 20:17:04 - Service vinted-notifications is not running; attempting to start it.
2025-12-11 20:17:04 - Service vinted-notifications is not running; attempting to start it.
2025-12-11 20:17:04 - Ensuring compose stack is running...
2025-12-11 20:17:04 - Ensuring compose stack is running...
2025-12-11 20:17:14 - Service vinted-notifications is not running; attempting to start it.
2025-12-11 20:17:14 - Service vinted-notifications is not running; attempting to start it.
2025-12-11 20:17:14 - Ensuring compose stack is running...
2025-12-11 20:17:14 - Ensuring compose stack is running...
2025-12-11 20:17:25 - Service vinted-notifications is not running; attempting to start it.
2025-12-11 20:17:25 - Service vinted-notifications is not running; attempting to start it.
2025-12-11 20:17:25 - Ensuring compose stack is running...
2025-12-11 20:17:25 - Ensuring compose stack is running...
2025-12-11 20:17:35 - Service vinted-notifications is not running; attempting to start it.
2025-12-11 20:17:35 - Service vinted-notifications is not running; attempting to start it.
2025-12-11 20:17:35 - Ensuring compose stack is running...
2025-12-11 20:17:35 - Ensuring compose stack is running...
2025-12-11 20:17:45 - Service vinted-notifications is not running; attempting to start it.
2025-12-11 20:17:45 - Service vinted-notifications is not running; attempting to start it.
2025-12-11 20:17:45 - Ensuring compose stack is running...
2025-12-11 20:17:45 - Ensuring compose stack is running...
2025-12-11 20:17:55 - Service vinted-notifications is not running; attempting to start it.
2025-12-11 20:17:55 - Service vinted-notifications is not running; attempting to start it.
2025-12-11 20:17:55 - Ensuring compose stack is running...
2025-12-11 20:17:55 - Ensuring compose stack is running...
2025-12-11 20:18:05 - Service vinted-notifications is not running; attempting to start it.
2025-12-11 20:18:05 - Service vinted-notifications is not running; attempting to start it.
2025-12-11 20:18:05 - Ensuring compose stack is running...
2025-12-11 20:18:05 - Ensuring compose stack is running...
2025-12-11 20:18:15 - Service vinted-notifications is not running; attempting to start it.
2025-12-11 20:18:15 - Service vinted-notifications is not running; attempting to start it.
2025-12-11 20:18:15 - Ensuring compose stack is running...
2025-12-11 20:18:15 - Ensuring compose stack is running...
2025-12-11 20:18:25 - Service vinted-notifications is not running; attempting to start it.
2025-12-11 20:18:25 - Service vinted-notifications is not running; attempting to start it.
2025-12-11 20:18:25 - Ensuring compose stack is running...
2025-12-11 20:18:25 - Ensuring compose stack is running...
2025-12-11 20:18:35 - Service vinted-notifications is not running; attempting to start it.
2025-12-11 20:18:35 - Service vinted-notifications is not running; attempting to start it.
2025-12-11 20:18:35 - Ensuring compose stack is running...
2025-12-11 20:18:35 - Ensuring compose stack is running...
2025-12-11 20:18:46 - Service vinted-notifications is not running; attempting to start it.
2025-12-11 20:18:46 - Service vinted-notifications is not running; attempting to start it.
2025-12-11 20:18:46 - Ensuring compose stack is running...
2025-12-11 20:18:46 - Ensuring compose stack is running...
2025-12-11 20:18:56 - Service vinted-notifications is not running; attempting to start it.
2025-12-11 20:18:56 - Service vinted-notifications is not running; attempting to start it.
2025-12-11 20:18:56 - Ensuring compose stack is running...
2025-12-11 20:18:56 - Ensuring compose stack is running...
2025-12-11 20:19:06 - Service vinted-notifications is not running; attempting to start it.
2025-12-11 20:19:06 - Service vinted-notifications is not running; attempting to start it.
2025-12-11 20:19:06 - Ensuring compose stack is running...
2025-12-11 20:19:06 - Ensuring compose stack is running...
2025-12-11 20:19:16 - Service vinted-notifications is not running; attempting to start it.
2025-12-11 20:19:16 - Service vinted-notifications is not running; attempting to start it.
2025-12-11 20:19:16 - Ensuring compose stack is running...
2025-12-11 20:19:16 - Ensuring compose stack is running...
2025-12-11 20:19:26 - Service vinted-notifications is not running; attempting to start it.
2025-12-11 20:19:26 - Service vinted-notifications is not running; attempting to start it.
2025-12-11 20:19:26 - Ensuring compose stack is running...
2025-12-11 20:19:26 - Ensuring compose stack is running...
2025-12-11 20:19:36 - Service vinted-notifications is not running; attempting to start it.
2025-12-11 20:19:36 - Service vinted-notifications is not running; attempting to start it.
2025-12-11 20:19:36 - Ensuring compose stack is running...
2025-12-11 20:19:36 - Ensuring compose stack is running...
2025-12-11 20:19:47 - Service vinted-notifications is not running; attempting to start it.
2025-12-11 20:19:47 - Service vinted-notifications is not running; attempting to start it.
2025-12-11 20:19:47 - Ensuring compose stack is running...
2025-12-11 20:19:47 - Ensuring compose stack is running...
2025-12-11 20:19:57 - Service vinted-notifications is not running; attempting to start it.
2025-12-11 20:19:57 - Service vinted-notifications is not running; attempting to start it.
2025-12-11 20:19:57 - Ensuring compose stack is running...
2025-12-11 20:19:57 - Ensuring compose stack is running...
2025-12-11 20:20:07 - Service vinted-notifications is not running; attempting to start it.
2025-12-11 20:20:07 - Service vinted-notifications is not running; attempting to start it.
2025-12-11 20:20:07 - Ensuring compose stack is running...
2025-12-11 20:20:07 - Ensuring compose stack is running...
2025-12-11 20:20:17 - Service vinted-notifications is not running; attempting to start it.
2025-12-11 20:20:17 - Service vinted-notifications is not running; attempting to start it.
2025-12-11 20:20:17 - Ensuring compose stack is running...
2025-12-11 20:20:17 - Ensuring compose stack is running...
2025-12-11 20:20:27 - Service vinted-notifications is not running; attempting to start it.
2025-12-11 20:20:27 - Service vinted-notifications is not running; attempting to start it.
2025-12-11 20:20:27 - Ensuring compose stack is running...
2025-12-11 20:20:27 - Ensuring compose stack is running...
2025-12-11 20:20:38 - Service vinted-notifications is not running; attempting to start it.
2025-12-11 20:20:38 - Service vinted-notifications is not running; attempting to start it.
2025-12-11 20:20:38 - Ensuring compose stack is running...
2025-12-11 20:20:38 - Ensuring compose stack is running...
2025-12-11 20:20:48 - Service vinted-notifications is not running; attempting to start it.
2025-12-11 20:20:48 - Service vinted-notifications is not running; attempting to start it.
2025-12-11 20:20:48 - Ensuring compose stack is running...
2025-12-11 20:20:48 - Ensuring compose stack is running...
2025-12-11 20:20:58 - Service vinted-notifications is not running; attempting to start it.
2025-12-11 20:20:58 - Service vinted-notifications is not running; attempting to start it.
2025-12-11 20:20:58 - Ensuring compose stack is running...
2025-12-11 20:20:58 - Ensuring compose stack is running...
2025-12-11 20:21:08 - Service vinted-notifications is not running; attempting to start it.
2025-12-11 20:21:08 - Service vinted-notifications is not running; attempting to start it.
2025-12-11 20:21:08 - Ensuring compose stack is running...
2025-12-11 20:21:08 - Ensuring compose stack is running...
2025-12-11 20:21:18 - Service vinted-notifications is not running; attempting to start it.
2025-12-11 20:21:18 - Service vinted-notifications is not running; attempting to start it.
2025-12-11 20:21:18 - Ensuring compose stack is running...
2025-12-11 20:21:18 - Ensuring compose stack is running...
2025-12-11 20:21:28 - Service vinted-notifications is not running; attempting to start it.
2025-12-11 20:21:28 - Service vinted-notifications is not running; attempting to start it.
2025-12-11 20:21:28 - Ensuring compose stack is running...
2025-12-11 20:21:28 - Ensuring compose stack is running...
2025-12-11 20:21:39 - Service vinted-notifications is not running; attempting to start it.
2025-12-11 20:21:39 - Service vinted-notifications is not running; attempting to start it.
2025-12-11 20:21:39 - Ensuring compose stack is running...
2025-12-11 20:21:39 - Ensuring compose stack is running...
2025-12-11 20:21:49 - Service vinted-notifications is not running; attempting to start it.
2025-12-11 20:21:49 - Service vinted-notifications is not running; attempting to start it.
2025-12-11 20:21:49 - Ensuring compose stack is running...
2025-12-11 20:21:49 - Ensuring compose stack is running...
2025-12-11 20:21:59 - Service vinted-notifications is not running; attempting to start it.
2025-12-11 20:21:59 - Service vinted-notifications is not running; attempting to start it.
2025-12-11 20:21:59 - Ensuring compose stack is running...
2025-12-11 20:21:59 - Ensuring compose stack is running...
2025-12-11 20:22:09 - Service vinted-notifications is not running; attempting to start it.
2025-12-11 20:22:09 - Service vinted-notifications is not running; attempting to start it.
2025-12-11 20:22:09 - Ensuring compose stack is running...
2025-12-11 20:22:09 - Ensuring compose stack is running...
2025-12-11 20:22:19 - Service vinted-notifications is not running; attempting to start it.
2025-12-11 20:22:19 - Service vinted-notifications is not running; attempting to start it.
2025-12-11 20:22:19 - Ensuring compose stack is running...
2025-12-11 20:22:19 - Ensuring compose stack is running...
2025-12-11 20:22:29 - Service vinted-notifications is not running; attempting to start it.
2025-12-11 20:22:29 - Service vinted-notifications is not running; attempting to start it.
2025-12-11 20:22:29 - Ensuring compose stack is running...
2025-12-11 20:22:29 - Ensuring compose stack is running...
2025-12-11 20:22:39 - Service vinted-notifications is not running; attempting to start it.
2025-12-11 20:22:39 - Service vinted-notifications is not running; attempting to start it.
2025-12-11 20:22:39 - Ensuring compose stack is running...
2025-12-11 20:22:39 - Ensuring compose stack is running...
2025-12-11 20:22:50 - Service vinted-notifications is not running; attempting to start it.
2025-12-11 20:22:50 - Service vinted-notifications is not running; attempting to start it.
2025-12-11 20:22:50 - Ensuring compose stack is running...
2025-12-11 20:22:50 - Ensuring compose stack is running...
2025-12-11 20:23:00 - Service vinted-notifications is not running; attempting to start it.
2025-12-11 20:23:00 - Service vinted-notifications is not running; attempting to start it.
2025-12-11 20:23:00 - Ensuring compose stack is running...
2025-12-11 20:23:00 - Ensuring compose stack is running...
2025-12-11 20:23:10 - Service vinted-notifications is not running; attempting to start it.
2025-12-11 20:23:10 - Service vinted-notifications is not running; attempting to start it.
2025-12-11 20:23:10 - Ensuring compose stack is running...
2025-12-11 20:23:10 - Ensuring compose stack is running...
2025-12-11 20:23:20 - Service vinted-notifications is not running; attempting to start it.
2025-12-11 20:23:20 - Service vinted-notifications is not running; attempting to start it.
2025-12-11 20:23:20 - Ensuring compose stack is running...
2025-12-11 20:23:20 - Ensuring compose stack is running...
2025-12-11 20:23:30 - Service vinted-notifications is not running; attempting to start it.
2025-12-11 20:23:30 - Service vinted-notifications is not running; attempting to start it.
2025-12-11 20:23:31 - Ensuring compose stack is running...
2025-12-11 20:23:31 - Ensuring compose stack is running...
2025-12-11 20:23:41 - Service vinted-notifications is not running; attempting to start it.
2025-12-11 20:23:41 - Service vinted-notifications is not running; attempting to start it.
2025-12-11 20:23:41 - Ensuring compose stack is running...
2025-12-11 20:23:41 - Ensuring compose stack is running...
2025-12-11 20:23:51 - Service vinted-notifications is not running; attempting to start it.
2025-12-11 20:23:51 - Service vinted-notifications is not running; attempting to start it.
2025-12-11 20:23:51 - Ensuring compose stack is running...
2025-12-11 20:23:51 - Ensuring compose stack is running...
2025-12-11 20:24:01 - Service vinted-notifications is not running; attempting to start it.
2025-12-11 20:24:01 - Service vinted-notifications is not running; attempting to start it.
2025-12-11 20:24:01 - Ensuring compose stack is running...
2025-12-11 20:24:01 - Ensuring compose stack is running...
2025-12-11 20:24:11 - Service vinted-notifications is not running; attempting to start it.
2025-12-11 20:24:11 - Service vinted-notifications is not running; attempting to start it.
2025-12-11 20:24:11 - Ensuring compose stack is running...
2025-12-11 20:24:11 - Ensuring compose stack is running...
2025-12-11 20:24:21 - Service vinted-notifications is not running; attempting to start it.
2025-12-11 20:24:21 - Service vinted-notifications is not running; attempting to start it.
2025-12-11 20:24:21 - Ensuring compose stack is running...
2025-12-11 20:24:21 - Ensuring compose stack is running...
2025-12-11 20:24:32 - Service vinted-notifications is not running; attempting to start it.
2025-12-11 20:24:32 - Service vinted-notifications is not running; attempting to start it.
2025-12-11 20:24:32 - Ensuring compose stack is running...
2025-12-11 20:24:32 - Ensuring compose stack is running...
2025-12-11 20:24:42 - Service vinted-notifications is not running; attempting to start it.
2025-12-11 20:24:42 - Service vinted-notifications is not running; attempting to start it.
2025-12-11 20:24:42 - Ensuring compose stack is running...
2025-12-11 20:24:42 - Ensuring compose stack is running...
2025-12-11 20:24:52 - Service vinted-notifications is not running; attempting to start it.
2025-12-11 20:24:52 - Service vinted-notifications is not running; attempting to start it.
2025-12-11 20:24:52 - Ensuring compose stack is running...
2025-12-11 20:24:52 - Ensuring compose stack is running...
2025-12-11 20:25:02 - Service vinted-notifications is not running; attempting to start it.
2025-12-11 20:25:02 - Service vinted-notifications is not running; attempting to start it.
2025-12-11 20:25:02 - Ensuring compose stack is running...
2025-12-11 20:25:02 - Ensuring compose stack is running...
2025-12-11 20:25:12 - Service vinted-notifications is not running; attempting to start it.
2025-12-11 20:25:12 - Service vinted-notifications is not running; attempting to start it.
2025-12-11 20:25:12 - Ensuring compose stack is running...
2025-12-11 20:25:12 - Ensuring compose stack is running...
2025-12-11 20:25:23 - Service vinted-notifications is not running; attempting to start it.
2025-12-11 20:25:23 - Service vinted-notifications is not running; attempting to start it.
2025-12-11 20:25:23 - Ensuring compose stack is running...
2025-12-11 20:25:23 - Ensuring compose stack is running...
2025-12-11 20:25:33 - Service vinted-notifications is not running; attempting to start it.
2025-12-11 20:25:33 - Service vinted-notifications is not running; attempting to start it.
2025-12-11 20:25:33 - Ensuring compose stack is running...
2025-12-11 20:25:33 - Ensuring compose stack is running...
2025-12-11 20:25:43 - Service vinted-notifications is not running; attempting to start it.
2025-12-11 20:25:43 - Service vinted-notifications is not running; attempting to start it.
2025-12-11 20:25:43 - Ensuring compose stack is running...
2025-12-11 20:25:43 - Ensuring compose stack is running...
2025-12-11 20:25:53 - Service vinted-notifications is not running; attempting to start it.
2025-12-11 20:25:53 - Service vinted-notifications is not running; attempting to start it.
2025-12-11 20:25:53 - Ensuring compose stack is running...
2025-12-11 20:25:53 - Ensuring compose stack is running...
2025-12-11 20:26:04 - Service vinted-notifications is not running; attempting to start it.
2025-12-11 20:26:04 - Service vinted-notifications is not running; attempting to start it.
2025-12-11 20:26:04 - Ensuring compose stack is running...
2025-12-11 20:26:04 - Ensuring compose stack is running...
2025-12-11 20:26:14 - Service vinted-notifications is not running; attempting to start it.
2025-12-11 20:26:14 - Service vinted-notifications is not running; attempting to start it.
2025-12-11 20:26:14 - Ensuring compose stack is running...
2025-12-11 20:26:14 - Ensuring compose stack is running...
2025-12-11 20:26:24 - Service vinted-notifications is not running; attempting to start it.
2025-12-11 20:26:24 - Service vinted-notifications is not running; attempting to start it.
2025-12-11 20:26:24 - Ensuring compose stack is running...
2025-12-11 20:26:24 - Ensuring compose stack is running...
2025-12-11 20:26:34 - Service vinted-notifications is not running; attempting to start it.
2025-12-11 20:26:34 - Service vinted-notifications is not running; attempting to start it.
2025-12-11 20:26:34 - Ensuring compose stack is running...
2025-12-11 20:26:34 - Ensuring compose stack is running...
2025-12-11 20:26:44 - Service vinted-notifications is not running; attempting to start it.
2025-12-11 20:26:44 - Service vinted-notifications is not running; attempting to start it.
2025-12-11 20:26:44 - Ensuring compose stack is running...
2025-12-11 20:26:44 - Ensuring compose stack is running...
2025-12-11 20:26:54 - Service vinted-notifications is not running; attempting to start it.
2025-12-11 20:26:54 - Service vinted-notifications is not running; attempting to start it.
2025-12-11 20:26:54 - Ensuring compose stack is running...
2025-12-11 20:26:54 - Ensuring compose stack is running...
2025-12-11 20:27:04 - Service vinted-notifications is not running; attempting to start it.
2025-12-11 20:27:04 - Service vinted-notifications is not running; attempting to start it.
2025-12-11 20:27:04 - Ensuring compose stack is running...
2025-12-11 20:27:04 - Ensuring compose stack is running...
2025-12-11 20:27:14 - Service vinted-notifications is not running; attempting to start it.
2025-12-11 20:27:14 - Service vinted-notifications is not running; attempting to start it.
2025-12-11 20:27:14 - Ensuring compose stack is running...
2025-12-11 20:27:14 - Ensuring compose stack is running...
2025-12-11 20:27:24 - Service vinted-notifications is not running; attempting to start it.
2025-12-11 20:27:24 - Service vinted-notifications is not running; attempting to start it.
2025-12-11 20:27:24 - Ensuring compose stack is running...
2025-12-11 20:27:24 - Ensuring compose stack is running...
2025-12-11 20:27:35 - Service vinted-notifications is not running; attempting to start it.
2025-12-11 20:27:35 - Service vinted-notifications is not running; attempting to start it.
2025-12-11 20:27:35 - Ensuring compose stack is running...
2025-12-11 20:27:35 - Ensuring compose stack is running...
2025-12-11 20:27:45 - Service vinted-notifications is not running; attempting to start it.
2025-12-11 20:27:45 - Service vinted-notifications is not running; attempting to start it.
2025-12-11 20:27:45 - Ensuring compose stack is running...
2025-12-11 20:27:45 - Ensuring compose stack is running...
2025-12-11 20:27:55 - Service vinted-notifications is not running; attempting to start it.
2025-12-11 20:27:55 - Service vinted-notifications is not running; attempting to start it.
2025-12-11 20:27:55 - Ensuring compose stack is running...
2025-12-11 20:27:55 - Ensuring compose stack is running...
2025-12-11 20:28:05 - Service vinted-notifications is not running; attempting to start it.
2025-12-11 20:28:05 - Service vinted-notifications is not running; attempting to start it.
2025-12-11 20:28:05 - Ensuring compose stack is running...
2025-12-11 20:28:05 - Ensuring compose stack is running...
2025-12-11 20:28:15 - Service vinted-notifications is not running; attempting to start it.
2025-12-11 20:28:15 - Service vinted-notifications is not running; attempting to start it.
2025-12-11 20:28:15 - Ensuring compose stack is running...
2025-12-11 20:28:15 - Ensuring compose stack is running...
2025-12-11 20:28:25 - Service vinted-notifications is not running; attempting to start it.
2025-12-11 20:28:25 - Service vinted-notifications is not running; attempting to start it.
2025-12-11 20:28:25 - Ensuring compose stack is running...
2025-12-11 20:28:25 - Ensuring compose stack is running...
2025-12-11 20:28:35 - Service vinted-notifications is not running; attempting to start it.
2025-12-11 20:28:35 - Service vinted-notifications is not running; attempting to start it.
2025-12-11 20:28:35 - Ensuring compose stack is running...
2025-12-11 20:28:35 - Ensuring compose stack is running...
2025-12-11 20:28:45 - Service vinted-notifications is not running; attempting to start it.
2025-12-11 20:28:45 - Service vinted-notifications is not running; attempting to start it.
2025-12-11 20:28:45 - Ensuring compose stack is running...
2025-12-11 20:28:45 - Ensuring compose stack is running...
2025-12-11 20:28:56 - Service vinted-notifications is not running; attempting to start it.
2025-12-11 20:28:56 - Service vinted-notifications is not running; attempting to start it.
2025-12-11 20:28:56 - Ensuring compose stack is running...
2025-12-11 20:28:56 - Ensuring compose stack is running...
2025-12-11 20:29:06 - Service vinted-notifications is not running; attempting to start it.
2025-12-11 20:29:06 - Service vinted-notifications is not running; attempting to start it.
2025-12-11 20:29:06 - Ensuring compose stack is running...
2025-12-11 20:29:06 - Ensuring compose stack is running...
2025-12-11 20:29:16 - Service vinted-notifications is not running; attempting to start it.
2025-12-11 20:29:16 - Service vinted-notifications is not running; attempting to start it.
2025-12-11 20:29:16 - Ensuring compose stack is running...
2025-12-11 20:29:16 - Ensuring compose stack is running...
2025-12-11 20:29:26 - Service vinted-notifications is not running; attempting to start it.
2025-12-11 20:29:26 - Service vinted-notifications is not running; attempting to start it.
2025-12-11 20:29:26 - Ensuring compose stack is running...
2025-12-11 20:29:26 - Ensuring compose stack is running...
2025-12-11 20:29:36 - Service vinted-notifications is not running; attempting to start it.
2025-12-11 20:29:36 - Service vinted-notifications is not running; attempting to start it.
2025-12-11 20:29:36 - Ensuring compose stack is running...
2025-12-11 20:29:36 - Ensuring compose stack is running...
2025-12-11 20:29:46 - Service vinted-notifications is not running; attempting to start it.
2025-12-11 20:29:46 - Service vinted-notifications is not running; attempting to start it.
2025-12-11 20:29:46 - Ensuring compose stack is running...
2025-12-11 20:29:46 - Ensuring compose stack is running...
2025-12-11 20:29:56 - Service vinted-notifications is not running; attempting to start it.
2025-12-11 20:29:56 - Service vinted-notifications is not running; attempting to start it.
2025-12-11 20:29:56 - Ensuring compose stack is running...
2025-12-11 20:29:56 - Ensuring compose stack is running...
2025-12-11 20:30:06 - Service vinted-notifications is not running; attempting to start it.
2025-12-11 20:30:06 - Service vinted-notifications is not running; attempting to start it.
2025-12-11 20:30:06 - Ensuring compose stack is running...
2025-12-11 20:30:06 - Ensuring compose stack is running...
2025-12-11 20:30:16 - Service vinted-notifications is not running; attempting to start it.
2025-12-11 20:30:16 - Service vinted-notifications is not running; attempting to start it.
2025-12-11 20:30:16 - Ensuring compose stack is running...
2025-12-11 20:30:16 - Ensuring compose stack is running...
2025-12-11 20:30:27 - Service vinted-notifications is not running; attempting to start it.
2025-12-11 20:30:27 - Service vinted-notifications is not running; attempting to start it.
2025-12-11 20:30:27 - Ensuring compose stack is running...
2025-12-11 20:30:27 - Ensuring compose stack is running...
2025-12-11 20:30:37 - Service vinted-notifications is not running; attempting to start it.
2025-12-11 20:30:37 - Service vinted-notifications is not running; attempting to start it.
2025-12-11 20:30:37 - Ensuring compose stack is running...
2025-12-11 20:30:37 - Ensuring compose stack is running...
2025-12-11 20:30:47 - Service vinted-notifications is not running; attempting to start it.
2025-12-11 20:30:47 - Service vinted-notifications is not running; attempting to start it.
2025-12-11 20:30:47 - Ensuring compose stack is running...
2025-12-11 20:30:47 - Ensuring compose stack is running...
2025-12-11 20:30:57 - Service vinted-notifications is not running; attempting to start it.
2025-12-11 20:30:57 - Service vinted-notifications is not running; attempting to start it.
2025-12-11 20:30:57 - Ensuring compose stack is running...
2025-12-11 20:30:57 - Ensuring compose stack is running...
2025-12-11 20:31:07 - Service vinted-notifications is not running; attempting to start it.
2025-12-11 20:31:07 - Service vinted-notifications is not running; attempting to start it.
2025-12-11 20:31:07 - Ensuring compose stack is running...
2025-12-11 20:31:07 - Ensuring compose stack is running...
2025-12-11 20:31:17 - Service vinted-notifications is not running; attempting to start it.
2025-12-11 20:31:17 - Service vinted-notifications is not running; attempting to start it.
2025-12-11 20:31:17 - Ensuring compose stack is running...
2025-12-11 20:31:17 - Ensuring compose stack is running...
2025-12-11 20:31:27 - Service vinted-notifications is not running; attempting to start it.
2025-12-11 20:31:27 - Service vinted-notifications is not running; attempting to start it.
2025-12-11 20:31:27 - Ensuring compose stack is running...
2025-12-11 20:31:27 - Ensuring compose stack is running...
2025-12-11 20:31:37 - Service vinted-notifications is not running; attempting to start it.
2025-12-11 20:31:37 - Service vinted-notifications is not running; attempting to start it.
2025-12-11 20:31:37 - Ensuring compose stack is running...
2025-12-11 20:31:37 - Ensuring compose stack is running...
2025-12-11 20:31:47 - Service vinted-notifications is not running; attempting to start it.
2025-12-11 20:31:47 - Service vinted-notifications is not running; attempting to start it.
2025-12-11 20:31:47 - Ensuring compose stack is running...
2025-12-11 20:31:47 - Ensuring compose stack is running...
2025-12-11 20:31:58 - Service vinted-notifications is not running; attempting to start it.
2025-12-11 20:31:58 - Service vinted-notifications is not running; attempting to start it.
2025-12-11 20:31:58 - Ensuring compose stack is running...
2025-12-11 20:31:58 - Ensuring compose stack is running...
2025-12-11 20:32:08 - Service vinted-notifications is not running; attempting to start it.
2025-12-11 20:32:08 - Service vinted-notifications is not running; attempting to start it.
2025-12-11 20:32:08 - Ensuring compose stack is running...
2025-12-11 20:32:08 - Ensuring compose stack is running...
2025-12-11 20:32:18 - Service vinted-notifications is not running; attempting to start it.
2025-12-11 20:32:18 - Service vinted-notifications is not running; attempting to start it.
2025-12-11 20:32:18 - Ensuring compose stack is running...
2025-12-11 20:32:18 - Ensuring compose stack is running...
2025-12-11 20:32:28 - Service vinted-notifications is not running; attempting to start it.
2025-12-11 20:32:28 - Service vinted-notifications is not running; attempting to start it.
2025-12-11 20:32:28 - Ensuring compose stack is running...
2025-12-11 20:32:28 - Ensuring compose stack is running...
2025-12-11 20:32:38 - Service vinted-notifications is not running; attempting to start it.
2025-12-11 20:32:38 - Service vinted-notifications is not running; attempting to start it.
2025-12-11 20:32:38 - Ensuring compose stack is running...
2025-12-11 20:32:38 - Ensuring compose stack is running...
2025-12-11 20:32:49 - Service vinted-notifications is not running; attempting to start it.
2025-12-11 20:32:49 - Service vinted-notifications is not running; attempting to start it.
2025-12-11 20:32:49 - Ensuring compose stack is running...
2025-12-11 20:32:49 - Ensuring compose stack is running...
2025-12-11 20:32:59 - Service vinted-notifications is not running; attempting to start it.
2025-12-11 20:32:59 - Service vinted-notifications is not running; attempting to start it.
2025-12-11 20:32:59 - Ensuring compose stack is running...
2025-12-11 20:32:59 - Ensuring compose stack is running...
2025-12-11 20:33:09 - Service vinted-notifications is not running; attempting to start it.
2025-12-11 20:33:09 - Service vinted-notifications is not running; attempting to start it.
2025-12-11 20:33:09 - Ensuring compose stack is running...
2025-12-11 20:33:09 - Ensuring compose stack is running...
2025-12-11 20:33:19 - Service vinted-notifications is not running; attempting to start it.
2025-12-11 20:33:19 - Service vinted-notifications is not running; attempting to start it.
2025-12-11 20:33:19 - Ensuring compose stack is running...
2025-12-11 20:33:19 - Ensuring compose stack is running...
2025-12-11 20:33:29 - Service vinted-notifications is not running; attempting to start it.
2025-12-11 20:33:29 - Service vinted-notifications is not running; attempting to start it.
2025-12-11 20:33:29 - Ensuring compose stack is running...
2025-12-11 20:33:29 - Ensuring compose stack is running...
2025-12-11 20:33:39 - Service vinted-notifications is not running; attempting to start it.
2025-12-11 20:33:39 - Service vinted-notifications is not running; attempting to start it.
2025-12-11 20:33:39 - Ensuring compose stack is running...
2025-12-11 20:33:39 - Ensuring compose stack is running...
2025-12-11 20:33:49 - Service vinted-notifications is not running; attempting to start it.
2025-12-11 20:33:49 - Service vinted-notifications is not running; attempting to start it.
2025-12-11 20:33:49 - Ensuring compose stack is running...
2025-12-11 20:33:49 - Ensuring compose stack is running...
2025-12-11 20:34:00 - Service vinted-notifications is not running; attempting to start it.
2025-12-11 20:34:00 - Service vinted-notifications is not running; attempting to start it.
2025-12-11 20:34:00 - Ensuring compose stack is running...
2025-12-11 20:34:00 - Ensuring compose stack is running...
2025-12-11 20:34:10 - Service vinted-notifications is not running; attempting to start it.
2025-12-11 20:34:10 - Service vinted-notifications is not running; attempting to start it.
2025-12-11 20:34:10 - Ensuring compose stack is running...
2025-12-11 20:34:10 - Ensuring compose stack is running...
2025-12-11 20:34:20 - Service vinted-notifications is not running; attempting to start it.
2025-12-11 20:34:20 - Service vinted-notifications is not running; attempting to start it.
2025-12-11 20:34:20 - Ensuring compose stack is running...
2025-12-11 20:34:20 - Ensuring compose stack is running...
2025-12-11 20:34:30 - Service vinted-notifications is not running; attempting to start it.
2025-12-11 20:34:30 - Service vinted-notifications is not running; attempting to start it.
2025-12-11 20:34:30 - Ensuring compose stack is running...
2025-12-11 20:34:30 - Ensuring compose stack is running...
2025-12-11 20:34:40 - Service vinted-notifications is not running; attempting to start it.
2025-12-11 20:34:40 - Service vinted-notifications is not running; attempting to start it.
2025-12-11 20:34:40 - Ensuring compose stack is running...
2025-12-11 20:34:40 - Ensuring compose stack is running...
2025-12-11 20:34:50 - Service vinted-notifications is not running; attempting to start it.
2025-12-11 20:34:50 - Service vinted-notifications is not running; attempting to start it.
2025-12-11 20:34:50 - Ensuring compose stack is running...
2025-12-11 20:34:50 - Ensuring compose stack is running...
2025-12-11 20:35:00 - Service vinted-notifications is not running; attempting to start it.
2025-12-11 20:35:00 - Service vinted-notifications is not running; attempting to start it.
2025-12-11 20:35:00 - Ensuring compose stack is running...
2025-12-11 20:35:00 - Ensuring compose stack is running...
2025-12-11 20:35:11 - Service vinted-notifications is not running; attempting to start it.
2025-12-11 20:35:11 - Service vinted-notifications is not running; attempting to start it.
2025-12-11 20:35:11 - Ensuring compose stack is running...
2025-12-11 20:35:11 - Ensuring compose stack is running...
2025-12-11 20:35:21 - Service vinted-notifications is not running; attempting to start it.
2025-12-11 20:35:21 - Service vinted-notifications is not running; attempting to start it.
2025-12-11 20:35:21 - Ensuring compose stack is running...
2025-12-11 20:35:21 - Ensuring compose stack is running...
2025-12-11 20:35:31 - Service vinted-notifications is not running; attempting to start it.
2025-12-11 20:35:31 - Service vinted-notifications is not running; attempting to start it.
2025-12-11 20:35:31 - Ensuring compose stack is running...
2025-12-11 20:35:31 - Ensuring compose stack is running...
2025-12-11 20:35:41 - Service vinted-notifications is not running; attempting to start it.
2025-12-11 20:35:41 - Service vinted-notifications is not running; attempting to start it.
2025-12-11 20:35:41 - Ensuring compose stack is running...
2025-12-11 20:35:41 - Ensuring compose stack is running...
2025-12-11 20:35:51 - Service vinted-notifications is not running; attempting to start it.
2025-12-11 20:35:51 - Service vinted-notifications is not running; attempting to start it.
2025-12-11 20:35:51 - Ensuring compose stack is running...
2025-12-11 20:35:51 - Ensuring compose stack is running...
2025-12-11 20:36:01 - Service vinted-notifications is not running; attempting to start it.
2025-12-11 20:36:01 - Service vinted-notifications is not running; attempting to start it.
2025-12-11 20:36:01 - Ensuring compose stack is running...
2025-12-11 20:36:01 - Ensuring compose stack is running...
2025-12-11 20:36:11 - Service vinted-notifications is not running; attempting to start it.
2025-12-11 20:36:11 - Service vinted-notifications is not running; attempting to start it.
2025-12-11 20:36:11 - Ensuring compose stack is running...
2025-12-11 20:36:11 - Ensuring compose stack is running...
2025-12-11 20:36:21 - Service vinted-notifications is not running; attempting to start it.
2025-12-11 20:36:21 - Service vinted-notifications is not running; attempting to start it.
2025-12-11 20:36:21 - Ensuring compose stack is running...
2025-12-11 20:36:21 - Ensuring compose stack is running...
2025-12-11 20:36:32 - Service vinted-notifications is not running; attempting to start it.
2025-12-11 20:36:32 - Service vinted-notifications is not running; attempting to start it.
2025-12-11 20:36:32 - Ensuring compose stack is running...
2025-12-11 20:36:32 - Ensuring compose stack is running...
2025-12-11 20:36:42 - Service vinted-notifications is not running; attempting to start it.
2025-12-11 20:36:42 - Service vinted-notifications is not running; attempting to start it.
2025-12-11 20:36:42 - Ensuring compose stack is running...
2025-12-11 20:36:42 - Ensuring compose stack is running...
2025-12-11 20:36:52 - Service vinted-notifications is not running; attempting to start it.
2025-12-11 20:36:52 - Service vinted-notifications is not running; attempting to start it.
2025-12-11 20:36:52 - Ensuring compose stack is running...
2025-12-11 20:36:52 - Ensuring compose stack is running...
2025-12-11 20:37:02 - Service vinted-notifications is not running; attempting to start it.
2025-12-11 20:37:02 - Service vinted-notifications is not running; attempting to start it.
2025-12-11 20:37:02 - Ensuring compose stack is running...
2025-12-11 20:37:02 - Ensuring compose stack is running...
2025-12-11 20:37:12 - Service vinted-notifications is not running; attempting to start it.
2025-12-11 20:37:12 - Service vinted-notifications is not running; attempting to start it.
2025-12-11 20:37:12 - Ensuring compose stack is running...
2025-12-11 20:37:12 - Ensuring compose stack is running...
2025-12-11 20:37:22 - Service vinted-notifications is not running; attempting to start it.
2025-12-11 20:37:22 - Service vinted-notifications is not running; attempting to start it.
2025-12-11 20:37:22 - Ensuring compose stack is running...
2025-12-11 20:37:22 - Ensuring compose stack is running...
2025-12-11 20:37:32 - Service vinted-notifications is not running; attempting to start it.
2025-12-11 20:37:32 - Service vinted-notifications is not running; attempting to start it.
2025-12-11 20:37:32 - Ensuring compose stack is running...
2025-12-11 20:37:32 - Ensuring compose stack is running...
2025-12-11 20:37:42 - Service vinted-notifications is not running; attempting to start it.
2025-12-11 20:37:42 - Service vinted-notifications is not running; attempting to start it.
2025-12-11 20:37:42 - Ensuring compose stack is running...
2025-12-11 20:37:42 - Ensuring compose stack is running...
2025-12-11 20:37:52 - Service vinted-notifications is not running; attempting to start it.
2025-12-11 20:37:52 - Service vinted-notifications is not running; attempting to start it.
2025-12-11 20:37:52 - Ensuring compose stack is running...
2025-12-11 20:37:52 - Ensuring compose stack is running...
2025-12-11 20:38:03 - Service vinted-notifications is not running; attempting to start it.
2025-12-11 20:38:03 - Service vinted-notifications is not running; attempting to start it.
2025-12-11 20:38:03 - Ensuring compose stack is running...
2025-12-11 20:38:03 - Ensuring compose stack is running...
2025-12-11 20:38:13 - Service vinted-notifications is not running; attempting to start it.
2025-12-11 20:38:13 - Service vinted-notifications is not running; attempting to start it.
2025-12-11 20:38:13 - Ensuring compose stack is running...
2025-12-11 20:38:13 - Ensuring compose stack is running...
2025-12-11 20:38:23 - Service vinted-notifications is not running; attempting to start it.
2025-12-11 20:38:23 - Service vinted-notifications is not running; attempting to start it.
2025-12-11 20:38:23 - Ensuring compose stack is running...
2025-12-11 20:38:23 - Ensuring compose stack is running...
2025-12-11 20:38:33 - Service vinted-notifications is not running; attempting to start it.
2025-12-11 20:38:33 - Service vinted-notifications is not running; attempting to start it.
2025-12-11 20:38:33 - Ensuring compose stack is running...
2025-12-11 20:38:33 - Ensuring compose stack is running...
2025-12-11 20:38:43 - Service vinted-notifications is not running; attempting to start it.
2025-12-11 20:38:43 - Service vinted-notifications is not running; attempting to start it.
2025-12-11 20:38:43 - Ensuring compose stack is running...
2025-12-11 20:38:43 - Ensuring compose stack is running...
2025-12-11 20:38:53 - Service vinted-notifications is not running; attempting to start it.
2025-12-11 20:38:53 - Service vinted-notifications is not running; attempting to start it.
2025-12-11 20:38:53 - Ensuring compose stack is running...
2025-12-11 20:38:53 - Ensuring compose stack is running...
2025-12-11 20:39:03 - Service vinted-notifications is not running; attempting to start it.
2025-12-11 20:39:03 - Service vinted-notifications is not running; attempting to start it.
2025-12-11 20:39:03 - Ensuring compose stack is running...
2025-12-11 20:39:03 - Ensuring compose stack is running...
2025-12-11 20:39:13 - Service vinted-notifications is not running; attempting to start it.
2025-12-11 20:39:13 - Service vinted-notifications is not running; attempting to start it.
2025-12-11 20:39:13 - Ensuring compose stack is running...
2025-12-11 20:39:13 - Ensuring compose stack is running...
2025-12-11 20:39:23 - Service vinted-notifications is not running; attempting to start it.
2025-12-11 20:39:23 - Service vinted-notifications is not running; attempting to start it.
2025-12-11 20:39:23 - Ensuring compose stack is running...
2025-12-11 20:39:23 - Ensuring compose stack is running...
2025-12-11 20:39:33 - Service vinted-notifications is not running; attempting to start it.
2025-12-11 20:39:33 - Service vinted-notifications is not running; attempting to start it.
2025-12-11 20:39:33 - Ensuring compose stack is running...
2025-12-11 20:39:33 - Ensuring compose stack is running...
2025-12-11 20:39:44 - Service vinted-notifications is not running; attempting to start it.
2025-12-11 20:39:44 - Service vinted-notifications is not running; attempting to start it.
2025-12-11 20:39:44 - Ensuring compose stack is running...
2025-12-11 20:39:44 - Ensuring compose stack is running...
2025-12-11 20:39:54 - Service vinted-notifications is not running; attempting to start it.
2025-12-11 20:39:54 - Service vinted-notifications is not running; attempting to start it.
2025-12-11 20:39:54 - Ensuring compose stack is running...
2025-12-11 20:39:54 - Ensuring compose stack is running...
2025-12-11 20:40:04 - Service vinted-notifications is not running; attempting to start it.
2025-12-11 20:40:04 - Service vinted-notifications is not running; attempting to start it.
2025-12-11 20:40:04 - Ensuring compose stack is running...
2025-12-11 20:40:04 - Ensuring compose stack is running...
2025-12-11 20:40:14 - Service vinted-notifications is not running; attempting to start it.
2025-12-11 20:40:14 - Service vinted-notifications is not running; attempting to start it.
2025-12-11 20:40:14 - Ensuring compose stack is running...
2025-12-11 20:40:14 - Ensuring compose stack is running...
2025-12-11 20:40:24 - Service vinted-notifications is not running; attempting to start it.
2025-12-11 20:40:24 - Service vinted-notifications is not running; attempting to start it.
2025-12-11 20:40:24 - Ensuring compose stack is running...
2025-12-11 20:40:24 - Ensuring compose stack is running...
2025-12-11 20:40:34 - Service vinted-notifications is not running; attempting to start it.
2025-12-11 20:40:34 - Service vinted-notifications is not running; attempting to start it.
2025-12-11 20:40:34 - Ensuring compose stack is running...
2025-12-11 20:40:34 - Ensuring compose stack is running...
2025-12-11 20:40:44 - Service vinted-notifications is not running; attempting to start it.
2025-12-11 20:40:44 - Service vinted-notifications is not running; attempting to start it.
2025-12-11 20:40:44 - Ensuring compose stack is running...
2025-12-11 20:40:44 - Ensuring compose stack is running...
2025-12-11 20:40:54 - Service vinted-notifications is not running; attempting to start it.
2025-12-11 20:40:54 - Service vinted-notifications is not running; attempting to start it.
2025-12-11 20:40:54 - Ensuring compose stack is running...
2025-12-11 20:40:54 - Ensuring compose stack is running...
2025-12-11 20:41:04 - Service vinted-notifications is not running; attempting to start it.
2025-12-11 20:41:04 - Service vinted-notifications is not running; attempting to start it.
2025-12-11 20:41:04 - Ensuring compose stack is running...
2025-12-11 20:41:04 - Ensuring compose stack is running...
2025-12-11 20:41:15 - Service vinted-notifications is not running; attempting to start it.
2025-12-11 20:41:15 - Service vinted-notifications is not running; attempting to start it.
2025-12-11 20:41:15 - Ensuring compose stack is running...
2025-12-11 20:41:15 - Ensuring compose stack is running...
2025-12-11 20:41:25 - Service vinted-notifications is not running; attempting to start it.
2025-12-11 20:41:25 - Service vinted-notifications is not running; attempting to start it.
2025-12-11 20:41:25 - Ensuring compose stack is running...
2025-12-11 20:41:25 - Ensuring compose stack is running...
2025-12-11 20:41:35 - Service vinted-notifications is not running; attempting to start it.
2025-12-11 20:41:35 - Service vinted-notifications is not running; attempting to start it.
2025-12-11 20:41:35 - Ensuring compose stack is running...
2025-12-11 20:41:35 - Ensuring compose stack is running...
2025-12-11 20:41:45 - Service vinted-notifications is not running; attempting to start it.
2025-12-11 20:41:45 - Service vinted-notifications is not running; attempting to start it.
2025-12-11 20:41:45 - Ensuring compose stack is running...
2025-12-11 20:41:45 - Ensuring compose stack is running...
2025-12-11 20:41:55 - Service vinted-notifications is not running; attempting to start it.
2025-12-11 20:41:55 - Service vinted-notifications is not running; attempting to start it.
2025-12-11 20:41:55 - Ensuring compose stack is running...
2025-12-11 20:41:55 - Ensuring compose stack is running...
2025-12-11 20:42:05 - Service vinted-notifications is not running; attempting to start it.
2025-12-11 20:42:05 - Service vinted-notifications is not running; attempting to start it.
2025-12-11 20:42:05 - Ensuring compose stack is running...
2025-12-11 20:42:05 - Ensuring compose stack is running...
2025-12-11 20:42:15 - Service vinted-notifications is not running; attempting to start it.
2025-12-11 20:42:15 - Service vinted-notifications is not running; attempting to start it.
2025-12-11 20:42:15 - Ensuring compose stack is running...
2025-12-11 20:42:15 - Ensuring compose stack is running...
2025-12-11 20:42:25 - Service vinted-notifications is not running; attempting to start it.
2025-12-11 20:42:25 - Service vinted-notifications is not running; attempting to start it.
2025-12-11 20:42:25 - Ensuring compose stack is running...
2025-12-11 20:42:25 - Ensuring compose stack is running...
2025-12-11 20:42:35 - Service vinted-notifications is not running; attempting to start it.
2025-12-11 20:42:35 - Service vinted-notifications is not running; attempting to start it.
2025-12-11 20:42:35 - Ensuring compose stack is running...
2025-12-11 20:42:35 - Ensuring compose stack is running...
2025-12-11 20:42:46 - Service vinted-notifications is not running; attempting to start it.
2025-12-11 20:42:46 - Service vinted-notifications is not running; attempting to start it.
2025-12-11 20:42:46 - Ensuring compose stack is running...
2025-12-11 20:42:46 - Ensuring compose stack is running...
2025-12-11 20:42:56 - Service vinted-notifications is not running; attempting to start it.
2025-12-11 20:42:56 - Service vinted-notifications is not running; attempting to start it.
2025-12-11 20:42:56 - Ensuring compose stack is running...
2025-12-11 20:42:56 - Ensuring compose stack is running...
2025-12-11 20:43:06 - Service vinted-notifications is not running; attempting to start it.
2025-12-11 20:43:06 - Service vinted-notifications is not running; attempting to start it.
2025-12-11 20:43:06 - Ensuring compose stack is running...
2025-12-11 20:43:06 - Ensuring compose stack is running...
2025-12-11 20:43:16 - Service vinted-notifications is not running; attempting to start it.
2025-12-11 20:43:16 - Service vinted-notifications is not running; attempting to start it.
2025-12-11 20:43:16 - Ensuring compose stack is running...
2025-12-11 20:43:16 - Ensuring compose stack is running...
2025-12-11 20:43:26 - Service vinted-notifications is not running; attempting to start it.
2025-12-11 20:43:26 - Service vinted-notifications is not running; attempting to start it.
2025-12-11 20:43:26 - Ensuring compose stack is running...
2025-12-11 20:43:26 - Ensuring compose stack is running...
2025-12-11 20:43:36 - Service vinted-notifications is not running; attempting to start it.
2025-12-11 20:43:36 - Service vinted-notifications is not running; attempting to start it.
2025-12-11 20:43:36 - Ensuring compose stack is running...
2025-12-11 20:43:36 - Ensuring compose stack is running...
2025-12-11 20:43:46 - Service vinted-notifications is not running; attempting to start it.
2025-12-11 20:43:46 - Service vinted-notifications is not running; attempting to start it.
2025-12-11 20:43:46 - Ensuring compose stack is running...
2025-12-11 20:43:46 - Ensuring compose stack is running...
2025-12-11 20:43:56 - Service vinted-notifications is not running; attempting to start it.
2025-12-11 20:43:56 - Service vinted-notifications is not running; attempting to start it.
2025-12-11 20:43:56 - Ensuring compose stack is running...
2025-12-11 20:43:56 - Ensuring compose stack is running...
2025-12-11 20:44:06 - Service vinted-notifications is not running; attempting to start it.
2025-12-11 20:44:06 - Service vinted-notifications is not running; attempting to start it.
2025-12-11 20:44:06 - Ensuring compose stack is running...
2025-12-11 20:44:06 - Ensuring compose stack is running...
2025-12-11 20:44:17 - Service vinted-notifications is not running; attempting to start it.
2025-12-11 20:44:17 - Service vinted-notifications is not running; attempting to start it.
2025-12-11 20:44:17 - Ensuring compose stack is running...
2025-12-11 20:44:17 - Ensuring compose stack is running...
2025-12-11 20:44:27 - Service vinted-notifications is not running; attempting to start it.
2025-12-11 20:44:27 - Service vinted-notifications is not running; attempting to start it.
2025-12-11 20:44:27 - Ensuring compose stack is running...
2025-12-11 20:44:27 - Ensuring compose stack is running...
2025-12-11 20:44:37 - Service vinted-notifications is not running; attempting to start it.
2025-12-11 20:44:37 - Service vinted-notifications is not running; attempting to start it.
2025-12-11 20:44:37 - Ensuring compose stack is running...
2025-12-11 20:44:37 - Ensuring compose stack is running...
2025-12-11 20:44:47 - Service vinted-notifications is not running; attempting to start it.
2025-12-11 20:44:47 - Service vinted-notifications is not running; attempting to start it.
2025-12-11 20:44:47 - Ensuring compose stack is running...
2025-12-11 20:44:47 - Ensuring compose stack is running...
2025-12-11 20:44:57 - Service vinted-notifications is not running; attempting to start it.
2025-12-11 20:44:57 - Service vinted-notifications is not running; attempting to start it.
2025-12-11 20:44:57 - Ensuring compose stack is running...
2025-12-11 20:44:57 - Ensuring compose stack is running...
2025-12-11 20:45:07 - Service vinted-notifications is not running; attempting to start it.
2025-12-11 20:45:07 - Service vinted-notifications is not running; attempting to start it.
2025-12-11 20:45:07 - Ensuring compose stack is running...
2025-12-11 20:45:07 - Ensuring compose stack is running...
2025-12-11 20:45:17 - Service vinted-notifications is not running; attempting to start it.
2025-12-11 20:45:17 - Service vinted-notifications is not running; attempting to start it.
2025-12-11 20:45:17 - Ensuring compose stack is running...
2025-12-11 20:45:17 - Ensuring compose stack is running...
2025-12-11 20:45:27 - Service vinted-notifications is not running; attempting to start it.
2025-12-11 20:45:27 - Service vinted-notifications is not running; attempting to start it.
2025-12-11 20:45:27 - Ensuring compose stack is running...
2025-12-11 20:45:27 - Ensuring compose stack is running...
2025-12-11 20:45:38 - Service vinted-notifications is not running; attempting to start it.
2025-12-11 20:45:38 - Service vinted-notifications is not running; attempting to start it.
2025-12-11 20:45:38 - Ensuring compose stack is running...
2025-12-11 20:45:38 - Ensuring compose stack is running...
2025-12-11 20:45:48 - Service vinted-notifications is not running; attempting to start it.
2025-12-11 20:45:48 - Service vinted-notifications is not running; attempting to start it.
2025-12-11 20:45:48 - Ensuring compose stack is running...
2025-12-11 20:45:48 - Ensuring compose stack is running...
2025-12-11 20:45:58 - Service vinted-notifications is not running; attempting to start it.
2025-12-11 20:45:58 - Service vinted-notifications is not running; attempting to start it.
2025-12-11 20:45:58 - Ensuring compose stack is running...
2025-12-11 20:45:58 - Ensuring compose stack is running...
2025-12-11 20:46:08 - Service vinted-notifications is not running; attempting to start it.
2025-12-11 20:46:08 - Service vinted-notifications is not running; attempting to start it.
2025-12-11 20:46:08 - Ensuring compose stack is running...
2025-12-11 20:46:08 - Ensuring compose stack is running...
2025-12-11 20:46:18 - Service vinted-notifications is not running; attempting to start it.
2025-12-11 20:46:18 - Service vinted-notifications is not running; attempting to start it.
2025-12-11 20:46:18 - Ensuring compose stack is running...
2025-12-11 20:46:18 - Ensuring compose stack is running...
2025-12-11 20:46:28 - Service vinted-notifications is not running; attempting to start it.
2025-12-11 20:46:28 - Service vinted-notifications is not running; attempting to start it.
2025-12-11 20:46:28 - Ensuring compose stack is running...
2025-12-11 20:46:28 - Ensuring compose stack is running...
2025-12-11 20:46:38 - Service vinted-notifications is not running; attempting to start it.
2025-12-11 20:46:38 - Service vinted-notifications is not running; attempting to start it.
2025-12-11 20:46:38 - Ensuring compose stack is running...
2025-12-11 20:46:38 - Ensuring compose stack is running...
2025-12-11 20:46:48 - Service vinted-notifications is not running; attempting to start it.
2025-12-11 20:46:48 - Service vinted-notifications is not running; attempting to start it.
2025-12-11 20:46:48 - Ensuring compose stack is running...
2025-12-11 20:46:48 - Ensuring compose stack is running...
2025-12-11 20:46:58 - Service vinted-notifications is not running; attempting to start it.
2025-12-11 20:46:58 - Service vinted-notifications is not running; attempting to start it.
2025-12-11 20:46:58 - Ensuring compose stack is running...
2025-12-11 20:46:58 - Ensuring compose stack is running...
2025-12-11 20:47:09 - Service vinted-notifications is not running; attempting to start it.
2025-12-11 20:47:09 - Service vinted-notifications is not running; attempting to start it.
2025-12-11 20:47:09 - Ensuring compose stack is running...
2025-12-11 20:47:09 - Ensuring compose stack is running...
2025-12-11 20:47:19 - Service vinted-notifications is not running; attempting to start it.
2025-12-11 20:47:19 - Service vinted-notifications is not running; attempting to start it.
2025-12-11 20:47:19 - Ensuring compose stack is running...
2025-12-11 20:47:19 - Ensuring compose stack is running...
2025-12-11 20:47:29 - Service vinted-notifications is not running; attempting to start it.
2025-12-11 20:47:29 - Service vinted-notifications is not running; attempting to start it.
2025-12-11 20:47:29 - Ensuring compose stack is running...
2025-12-11 20:47:29 - Ensuring compose stack is running...
2025-12-11 20:47:39 - Service vinted-notifications is not running; attempting to start it.
2025-12-11 20:47:39 - Service vinted-notifications is not running; attempting to start it.
2025-12-11 20:47:39 - Ensuring compose stack is running...
2025-12-11 20:47:39 - Ensuring compose stack is running...
2025-12-11 20:47:49 - Service vinted-notifications is not running; attempting to start it.
2025-12-11 20:47:49 - Service vinted-notifications is not running; attempting to start it.
2025-12-11 20:47:49 - Ensuring compose stack is running...
2025-12-11 20:47:49 - Ensuring compose stack is running...
2025-12-11 20:47:59 - Service vinted-notifications is not running; attempting to start it.
2025-12-11 20:47:59 - Service vinted-notifications is not running; attempting to start it.
2025-12-11 20:47:59 - Ensuring compose stack is running...
2025-12-11 20:47:59 - Ensuring compose stack is running...
2025-12-11 20:48:09 - Service vinted-notifications is not running; attempting to start it.
2025-12-11 20:48:09 - Service vinted-notifications is not running; attempting to start it.
2025-12-11 20:48:09 - Ensuring compose stack is running...
2025-12-11 20:48:09 - Ensuring compose stack is running...
2025-12-11 20:48:19 - Service vinted-notifications is not running; attempting to start it.
2025-12-11 20:48:19 - Service vinted-notifications is not running; attempting to start it.
2025-12-11 20:48:19 - Ensuring compose stack is running...
2025-12-11 20:48:19 - Ensuring compose stack is running...
2025-12-11 20:48:29 - Service vinted-notifications is not running; attempting to start it.
2025-12-11 20:48:29 - Service vinted-notifications is not running; attempting to start it.
2025-12-11 20:48:29 - Ensuring compose stack is running...
2025-12-11 20:48:29 - Ensuring compose stack is running...
2025-12-11 20:48:40 - Service vinted-notifications is not running; attempting to start it.
2025-12-11 20:48:40 - Service vinted-notifications is not running; attempting to start it.
2025-12-11 20:48:40 - Ensuring compose stack is running...
2025-12-11 20:48:40 - Ensuring compose stack is running...
2025-12-11 20:48:50 - Service vinted-notifications is not running; attempting to start it.
2025-12-11 20:48:50 - Service vinted-notifications is not running; attempting to start it.
2025-12-11 20:48:50 - Ensuring compose stack is running...
2025-12-11 20:48:50 - Ensuring compose stack is running...
2025-12-11 20:49:00 - Service vinted-notifications is not running; attempting to start it.
2025-12-11 20:49:00 - Service vinted-notifications is not running; attempting to start it.
2025-12-11 20:49:00 - Ensuring compose stack is running...
2025-12-11 20:49:00 - Ensuring compose stack is running...
2025-12-11 20:49:10 - Service vinted-notifications is not running; attempting to start it.
2025-12-11 20:49:10 - Service vinted-notifications is not running; attempting to start it.
2025-12-11 20:49:10 - Ensuring compose stack is running...
2025-12-11 20:49:10 - Ensuring compose stack is running...
2025-12-11 20:49:20 - Service vinted-notifications is not running; attempting to start it.
2025-12-11 20:49:20 - Service vinted-notifications is not running; attempting to start it.
2025-12-11 20:49:20 - Ensuring compose stack is running...
2025-12-11 20:49:20 - Ensuring compose stack is running...
2025-12-11 20:49:30 - Service vinted-notifications is not running; attempting to start it.
2025-12-11 20:49:30 - Service vinted-notifications is not running; attempting to start it.
2025-12-11 20:49:30 - Ensuring compose stack is running...
2025-12-11 20:49:30 - Ensuring compose stack is running...
2025-12-11 20:49:40 - Service vinted-notifications is not running; attempting to start it.
2025-12-11 20:49:40 - Service vinted-notifications is not running; attempting to start it.
2025-12-11 20:49:40 - Ensuring compose stack is running...
2025-12-11 20:49:40 - Ensuring compose stack is running...
2025-12-11 20:49:50 - Service vinted-notifications is not running; attempting to start it.
2025-12-11 20:49:50 - Service vinted-notifications is not running; attempting to start it.
2025-12-11 20:49:50 - Ensuring compose stack is running...
2025-12-11 20:49:50 - Ensuring compose stack is running...
2025-12-11 20:50:00 - Service vinted-notifications is not running; attempting to start it.
2025-12-11 20:50:00 - Service vinted-notifications is not running; attempting to start it.
2025-12-11 20:50:00 - Ensuring compose stack is running...
2025-12-11 20:50:00 - Ensuring compose stack is running...
2025-12-11 20:50:11 - Service vinted-notifications is not running; attempting to start it.
2025-12-11 20:50:11 - Service vinted-notifications is not running; attempting to start it.
2025-12-11 20:50:11 - Ensuring compose stack is running...
2025-12-11 20:50:11 - Ensuring compose stack is running...
2025-12-11 20:50:21 - Service vinted-notifications is not running; attempting to start it.
2025-12-11 20:50:21 - Service vinted-notifications is not running; attempting to start it.
2025-12-11 20:50:21 - Ensuring compose stack is running...
2025-12-11 20:50:21 - Ensuring compose stack is running...
2025-12-11 20:50:31 - Service vinted-notifications is not running; attempting to start it.
2025-12-11 20:50:31 - Service vinted-notifications is not running; attempting to start it.
2025-12-11 20:50:31 - Ensuring compose stack is running...
2025-12-11 20:50:31 - Ensuring compose stack is running...
2025-12-11 20:50:41 - Service vinted-notifications is not running; attempting to start it.
2025-12-11 20:50:41 - Service vinted-notifications is not running; attempting to start it.
2025-12-11 20:50:41 - Ensuring compose stack is running...
2025-12-11 20:50:41 - Ensuring compose stack is running...
2025-12-11 20:50:51 - Service vinted-notifications is not running; attempting to start it.
2025-12-11 20:50:51 - Service vinted-notifications is not running; attempting to start it.
2025-12-11 20:50:51 - Ensuring compose stack is running...
2025-12-11 20:50:51 - Ensuring compose stack is running...
2025-12-11 20:51:01 - Service vinted-notifications is not running; attempting to start it.
2025-12-11 20:51:01 - Service vinted-notifications is not running; attempting to start it.
2025-12-11 20:51:01 - Ensuring compose stack is running...
2025-12-11 20:51:01 - Ensuring compose stack is running...
2025-12-11 20:51:11 - Service vinted-notifications is not running; attempting to start it.
2025-12-11 20:51:11 - Service vinted-notifications is not running; attempting to start it.
2025-12-11 20:51:11 - Ensuring compose stack is running...
2025-12-11 20:51:11 - Ensuring compose stack is running...
2025-12-11 20:51:21 - Service vinted-notifications is not running; attempting to start it.
2025-12-11 20:51:21 - Service vinted-notifications is not running; attempting to start it.
2025-12-11 20:51:21 - Ensuring compose stack is running...
2025-12-11 20:51:21 - Ensuring compose stack is running...
2025-12-11 20:51:32 - Service vinted-notifications is not running; attempting to start it.
2025-12-11 20:51:32 - Service vinted-notifications is not running; attempting to start it.
2025-12-11 20:51:32 - Ensuring compose stack is running...
2025-12-11 20:51:32 - Ensuring compose stack is running...
2025-12-11 20:51:42 - Service vinted-notifications is not running; attempting to start it.
2025-12-11 20:51:42 - Service vinted-notifications is not running; attempting to start it.
2025-12-11 20:51:42 - Ensuring compose stack is running...
2025-12-11 20:51:42 - Ensuring compose stack is running...
2025-12-11 20:51:52 - Service vinted-notifications is not running; attempting to start it.
2025-12-11 20:51:52 - Service vinted-notifications is not running; attempting to start it.
2025-12-11 20:51:52 - Ensuring compose stack is running...
2025-12-11 20:51:52 - Ensuring compose stack is running...
2025-12-11 20:52:02 - Service vinted-notifications is not running; attempting to start it.
2025-12-11 20:52:02 - Service vinted-notifications is not running; attempting to start it.
2025-12-11 20:52:02 - Ensuring compose stack is running...
2025-12-11 20:52:02 - Ensuring compose stack is running...
2025-12-11 20:52:12 - Service vinted-notifications is not running; attempting to start it.
2025-12-11 20:52:12 - Service vinted-notifications is not running; attempting to start it.
2025-12-11 20:52:12 - Ensuring compose stack is running...
2025-12-11 20:52:12 - Ensuring compose stack is running...
2025-12-11 20:52:22 - Service vinted-notifications is not running; attempting to start it.
2025-12-11 20:52:22 - Service vinted-notifications is not running; attempting to start it.
2025-12-11 20:52:22 - Ensuring compose stack is running...
2025-12-11 20:52:22 - Ensuring compose stack is running...
2025-12-11 20:52:32 - Service vinted-notifications is not running; attempting to start it.
2025-12-11 20:52:32 - Service vinted-notifications is not running; attempting to start it.
2025-12-11 20:52:32 - Ensuring compose stack is running...
2025-12-11 20:52:32 - Ensuring compose stack is running...
2025-12-11 20:52:42 - Service vinted-notifications is not running; attempting to start it.
2025-12-11 20:52:42 - Service vinted-notifications is not running; attempting to start it.
2025-12-11 20:52:42 - Ensuring compose stack is running...
2025-12-11 20:52:42 - Ensuring compose stack is running...
2025-12-11 20:52:52 - Service vinted-notifications is not running; attempting to start it.
2025-12-11 20:52:52 - Service vinted-notifications is not running; attempting to start it.
2025-12-11 20:52:52 - Ensuring compose stack is running...
2025-12-11 20:52:52 - Ensuring compose stack is running...
2025-12-11 20:53:03 - Service vinted-notifications is not running; attempting to start it.
2025-12-11 20:53:03 - Service vinted-notifications is not running; attempting to start it.
2025-12-11 20:53:03 - Ensuring compose stack is running...
2025-12-11 20:53:03 - Ensuring compose stack is running...
2025-12-11 20:53:13 - Service vinted-notifications is not running; attempting to start it.
2025-12-11 20:53:13 - Service vinted-notifications is not running; attempting to start it.
2025-12-11 20:53:13 - Ensuring compose stack is running...
2025-12-11 20:53:13 - Ensuring compose stack is running...
2025-12-11 20:53:23 - Service vinted-notifications is not running; attempting to start it.
2025-12-11 20:53:23 - Service vinted-notifications is not running; attempting to start it.
2025-12-11 20:53:23 - Ensuring compose stack is running...
2025-12-11 20:53:23 - Ensuring compose stack is running...
2025-12-11 20:53:33 - Service vinted-notifications is not running; attempting to start it.
2025-12-11 20:53:33 - Service vinted-notifications is not running; attempting to start it.
2025-12-11 20:53:33 - Ensuring compose stack is running...
2025-12-11 20:53:33 - Ensuring compose stack is running...
2025-12-11 20:53:43 - Service vinted-notifications is not running; attempting to start it.
2025-12-11 20:53:43 - Service vinted-notifications is not running; attempting to start it.
2025-12-11 20:53:43 - Ensuring compose stack is running...
2025-12-11 20:53:43 - Ensuring compose stack is running...
2025-12-11 20:53:53 - Service vinted-notifications is not running; attempting to start it.
2025-12-11 20:53:53 - Service vinted-notifications is not running; attempting to start it.
2025-12-11 20:53:53 - Ensuring compose stack is running...
2025-12-11 20:53:53 - Ensuring compose stack is running...
2025-12-11 20:54:03 - Service vinted-notifications is not running; attempting to start it.
2025-12-11 20:54:03 - Service vinted-notifications is not running; attempting to start it.
2025-12-11 20:54:03 - Ensuring compose stack is running...
2025-12-11 20:54:03 - Ensuring compose stack is running...
2025-12-11 20:54:13 - Service vinted-notifications is not running; attempting to start it.
2025-12-11 20:54:13 - Service vinted-notifications is not running; attempting to start it.
2025-12-11 20:54:13 - Ensuring compose stack is running...
2025-12-11 20:54:13 - Ensuring compose stack is running...
2025-12-11 20:54:23 - Service vinted-notifications is not running; attempting to start it.
2025-12-11 20:54:23 - Service vinted-notifications is not running; attempting to start it.
2025-12-11 20:54:23 - Ensuring compose stack is running...
2025-12-11 20:54:23 - Ensuring compose stack is running...
2025-12-11 20:54:34 - Service vinted-notifications is not running; attempting to start it.
2025-12-11 20:54:34 - Service vinted-notifications is not running; attempting to start it.
2025-12-11 20:54:34 - Ensuring compose stack is running...
2025-12-11 20:54:34 - Ensuring compose stack is running...
2025-12-11 20:54:44 - Service vinted-notifications is not running; attempting to start it.
2025-12-11 20:54:44 - Service vinted-notifications is not running; attempting to start it.
2025-12-11 20:54:44 - Ensuring compose stack is running...
2025-12-11 20:54:44 - Ensuring compose stack is running...
2025-12-11 20:54:54 - Service vinted-notifications is not running; attempting to start it.
2025-12-11 20:54:54 - Service vinted-notifications is not running; attempting to start it.
2025-12-11 20:54:54 - Ensuring compose stack is running...
2025-12-11 20:54:54 - Ensuring compose stack is running...
2025-12-11 20:55:04 - Service vinted-notifications is not running; attempting to start it.
2025-12-11 20:55:04 - Service vinted-notifications is not running; attempting to start it.
2025-12-11 20:55:04 - Ensuring compose stack is running...
2025-12-11 20:55:04 - Ensuring compose stack is running...
2025-12-11 20:55:14 - Service vinted-notifications is not running; attempting to start it.
2025-12-11 20:55:14 - Service vinted-notifications is not running; attempting to start it.
2025-12-11 20:55:14 - Ensuring compose stack is running...
2025-12-11 20:55:14 - Ensuring compose stack is running...
2025-12-11 20:55:24 - Service vinted-notifications is not running; attempting to start it.
2025-12-11 20:55:24 - Service vinted-notifications is not running; attempting to start it.
2025-12-11 20:55:24 - Ensuring compose stack is running...
2025-12-11 20:55:24 - Ensuring compose stack is running...
2025-12-11 20:55:34 - Service vinted-notifications is not running; attempting to start it.
2025-12-11 20:55:34 - Service vinted-notifications is not running; attempting to start it.
2025-12-11 20:55:34 - Ensuring compose stack is running...
2025-12-11 20:55:34 - Ensuring compose stack is running...
2025-12-11 20:55:44 - Service vinted-notifications is not running; attempting to start it.
2025-12-11 20:55:44 - Service vinted-notifications is not running; attempting to start it.
2025-12-11 20:55:44 - Ensuring compose stack is running...
2025-12-11 20:55:44 - Ensuring compose stack is running...
2025-12-11 20:55:54 - Service vinted-notifications is not running; attempting to start it.
2025-12-11 20:55:54 - Service vinted-notifications is not running; attempting to start it.
2025-12-11 20:55:54 - Ensuring compose stack is running...
2025-12-11 20:55:54 - Ensuring compose stack is running...
2025-12-11 20:56:05 - Service vinted-notifications is not running; attempting to start it.
2025-12-11 20:56:05 - Service vinted-notifications is not running; attempting to start it.
2025-12-11 20:56:05 - Ensuring compose stack is running...
2025-12-11 20:56:05 - Ensuring compose stack is running...
2025-12-11 20:56:15 - Service vinted-notifications is not running; attempting to start it.
2025-12-11 20:56:15 - Service vinted-notifications is not running; attempting to start it.
2025-12-11 20:56:15 - Ensuring compose stack is running...
2025-12-11 20:56:15 - Ensuring compose stack is running...
2025-12-11 20:56:25 - Service vinted-notifications is not running; attempting to start it.
2025-12-11 20:56:25 - Service vinted-notifications is not running; attempting to start it.
2025-12-11 20:56:25 - Ensuring compose stack is running...
2025-12-11 20:56:25 - Ensuring compose stack is running...
2025-12-11 20:56:35 - Service vinted-notifications is not running; attempting to start it.
2025-12-11 20:56:35 - Service vinted-notifications is not running; attempting to start it.
2025-12-11 20:56:35 - Ensuring compose stack is running...
2025-12-11 20:56:35 - Ensuring compose stack is running...
2025-12-11 20:56:45 - Service vinted-notifications is not running; attempting to start it.
2025-12-11 20:56:45 - Service vinted-notifications is not running; attempting to start it.
2025-12-11 20:56:45 - Ensuring compose stack is running...
2025-12-11 20:56:45 - Ensuring compose stack is running...
2025-12-11 20:56:55 - Service vinted-notifications is not running; attempting to start it.
2025-12-11 20:56:55 - Service vinted-notifications is not running; attempting to start it.
2025-12-11 20:56:55 - Ensuring compose stack is running...
2025-12-11 20:56:55 - Ensuring compose stack is running...
2025-12-11 20:57:05 - Service vinted-notifications is not running; attempting to start it.
2025-12-11 20:57:05 - Service vinted-notifications is not running; attempting to start it.
2025-12-11 20:57:05 - Ensuring compose stack is running...
2025-12-11 20:57:05 - Ensuring compose stack is running...
2025-12-11 20:57:15 - Service vinted-notifications is not running; attempting to start it.
2025-12-11 20:57:15 - Service vinted-notifications is not running; attempting to start it.
2025-12-11 20:57:15 - Ensuring compose stack is running...
2025-12-11 20:57:15 - Ensuring compose stack is running...
2025-12-11 20:57:25 - Service vinted-notifications is not running; attempting to start it.
2025-12-11 20:57:25 - Service vinted-notifications is not running; attempting to start it.
2025-12-11 20:57:25 - Ensuring compose stack is running...
2025-12-11 20:57:25 - Ensuring compose stack is running...
2025-12-11 20:57:36 - Service vinted-notifications is not running; attempting to start it.
2025-12-11 20:57:36 - Service vinted-notifications is not running; attempting to start it.
2025-12-11 20:57:36 - Ensuring compose stack is running...
2025-12-11 20:57:36 - Ensuring compose stack is running...
2025-12-11 20:57:46 - Service vinted-notifications is not running; attempting to start it.
2025-12-11 20:57:46 - Service vinted-notifications is not running; attempting to start it.
2025-12-11 20:57:46 - Ensuring compose stack is running...
2025-12-11 20:57:46 - Ensuring compose stack is running...
2025-12-11 20:57:56 - Service vinted-notifications is not running; attempting to start it.
2025-12-11 20:57:56 - Service vinted-notifications is not running; attempting to start it.
2025-12-11 20:57:56 - Ensuring compose stack is running...
2025-12-11 20:57:56 - Ensuring compose stack is running...
2025-12-11 20:58:06 - Service vinted-notifications is not running; attempting to start it.
2025-12-11 20:58:06 - Service vinted-notifications is not running; attempting to start it.
2025-12-11 20:58:06 - Ensuring compose stack is running...
2025-12-11 20:58:06 - Ensuring compose stack is running...
2025-12-11 20:58:16 - Service vinted-notifications is not running; attempting to start it.
2025-12-11 20:58:16 - Service vinted-notifications is not running; attempting to start it.
2025-12-11 20:58:16 - Ensuring compose stack is running...
2025-12-11 20:58:16 - Ensuring compose stack is running...
2025-12-11 20:58:26 - Service vinted-notifications is not running; attempting to start it.
2025-12-11 20:58:26 - Service vinted-notifications is not running; attempting to start it.
2025-12-11 20:58:26 - Ensuring compose stack is running...
2025-12-11 20:58:26 - Ensuring compose stack is running...
2025-12-11 20:58:36 - Service vinted-notifications is not running; attempting to start it.
2025-12-11 20:58:36 - Service vinted-notifications is not running; attempting to start it.
2025-12-11 20:58:36 - Ensuring compose stack is running...
2025-12-11 20:58:36 - Ensuring compose stack is running...
2025-12-11 20:58:46 - Service vinted-notifications is not running; attempting to start it.
2025-12-11 20:58:46 - Service vinted-notifications is not running; attempting to start it.
2025-12-11 20:58:46 - Ensuring compose stack is running...
2025-12-11 20:58:46 - Ensuring compose stack is running...
2025-12-11 20:58:57 - Service vinted-notifications is not running; attempting to start it.
2025-12-11 20:58:57 - Service vinted-notifications is not running; attempting to start it.
2025-12-11 20:58:57 - Ensuring compose stack is running...
2025-12-11 20:58:57 - Ensuring compose stack is running...
2025-12-11 20:59:07 - Service vinted-notifications is not running; attempting to start it.
2025-12-11 20:59:07 - Service vinted-notifications is not running; attempting to start it.
2025-12-11 20:59:07 - Ensuring compose stack is running...
2025-12-11 20:59:07 - Ensuring compose stack is running...
2025-12-11 20:59:17 - Service vinted-notifications is not running; attempting to start it.
2025-12-11 20:59:17 - Service vinted-notifications is not running; attempting to start it.
2025-12-11 20:59:17 - Ensuring compose stack is running...
2025-12-11 20:59:17 - Ensuring compose stack is running...
2025-12-11 20:59:27 - Service vinted-notifications is not running; attempting to start it.
2025-12-11 20:59:27 - Service vinted-notifications is not running; attempting to start it.
2025-12-11 20:59:27 - Ensuring compose stack is running...
2025-12-11 20:59:27 - Ensuring compose stack is running...
2025-12-11 20:59:38 - Service vinted-notifications is not running; attempting to start it.
2025-12-11 20:59:38 - Service vinted-notifications is not running; attempting to start it.
2025-12-11 20:59:38 - Ensuring compose stack is running...
2025-12-11 20:59:38 - Ensuring compose stack is running...
2025-12-11 20:59:48 - Service vinted-notifications is not running; attempting to start it.
2025-12-11 20:59:48 - Service vinted-notifications is not running; attempting to start it.
2025-12-11 20:59:48 - Ensuring compose stack is running...
2025-12-11 20:59:48 - Ensuring compose stack is running...
2025-12-11 20:59:59 - Service vinted-notifications is not running; attempting to start it.
2025-12-11 20:59:59 - Service vinted-notifications is not running; attempting to start it.
2025-12-11 20:59:59 - Ensuring compose stack is running...
2025-12-11 20:59:59 - Ensuring compose stack is running...
2025-12-11 21:00:09 - Service vinted-notifications is not running; attempting to start it.
2025-12-11 21:00:09 - Service vinted-notifications is not running; attempting to start it.
2025-12-11 21:00:09 - Ensuring compose stack is running...
2025-12-11 21:00:09 - Ensuring compose stack is running...
2025-12-11 21:00:19 - Service vinted-notifications is not running; attempting to start it.
2025-12-11 21:00:19 - Service vinted-notifications is not running; attempting to start it.
2025-12-11 21:00:19 - Ensuring compose stack is running...
2025-12-11 21:00:19 - Ensuring compose stack is running...
2025-12-11 21:00:29 - Service vinted-notifications is not running; attempting to start it.
2025-12-11 21:00:29 - Service vinted-notifications is not running; attempting to start it.
2025-12-11 21:00:29 - Ensuring compose stack is running...
2025-12-11 21:00:29 - Ensuring compose stack is running...
2025-12-11 21:00:39 - Service vinted-notifications is not running; attempting to start it.
2025-12-11 21:00:39 - Service vinted-notifications is not running; attempting to start it.
2025-12-11 21:00:39 - Ensuring compose stack is running...
2025-12-11 21:00:39 - Ensuring compose stack is running...
2025-12-11 21:00:49 - Service vinted-notifications is not running; attempting to start it.
2025-12-11 21:00:49 - Service vinted-notifications is not running; attempting to start it.
2025-12-11 21:00:49 - Ensuring compose stack is running...
2025-12-11 21:00:49 - Ensuring compose stack is running...
2025-12-11 21:01:00 - Service vinted-notifications is not running; attempting to start it.
2025-12-11 21:01:00 - Service vinted-notifications is not running; attempting to start it.
2025-12-11 21:01:00 - Ensuring compose stack is running...
2025-12-11 21:01:00 - Ensuring compose stack is running...
2025-12-11 21:01:10 - Service vinted-notifications is not running; attempting to start it.
2025-12-11 21:01:10 - Service vinted-notifications is not running; attempting to start it.
2025-12-11 21:01:10 - Ensuring compose stack is running...
2025-12-11 21:01:10 - Ensuring compose stack is running...
2025-12-11 21:01:20 - Service vinted-notifications is not running; attempting to start it.
2025-12-11 21:01:20 - Service vinted-notifications is not running; attempting to start it.
2025-12-11 21:01:20 - Ensuring compose stack is running...
2025-12-11 21:01:20 - Ensuring compose stack is running...
2025-12-11 21:01:30 - Service vinted-notifications is not running; attempting to start it.
2025-12-11 21:01:30 - Service vinted-notifications is not running; attempting to start it.
2025-12-11 21:01:30 - Ensuring compose stack is running...
2025-12-11 21:01:30 - Ensuring compose stack is running...
2025-12-11 21:01:40 - Service vinted-notifications is not running; attempting to start it.
2025-12-11 21:01:40 - Service vinted-notifications is not running; attempting to start it.
2025-12-11 21:01:40 - Ensuring compose stack is running...
2025-12-11 21:01:40 - Ensuring compose stack is running...
2025-12-11 21:01:50 - Service vinted-notifications is not running; attempting to start it.
2025-12-11 21:01:50 - Service vinted-notifications is not running; attempting to start it.
2025-12-11 21:01:50 - Ensuring compose stack is running...
2025-12-11 21:01:50 - Ensuring compose stack is running...
2025-12-11 21:02:01 - Service vinted-notifications is not running; attempting to start it.
2025-12-11 21:02:01 - Service vinted-notifications is not running; attempting to start it.
2025-12-11 21:02:01 - Ensuring compose stack is running...
2025-12-11 21:02:01 - Ensuring compose stack is running...
2025-12-11 21:02:12 - Service vinted-notifications is not running; attempting to start it.
2025-12-11 21:02:12 - Service vinted-notifications is not running; attempting to start it.
2025-12-11 21:02:12 - Ensuring compose stack is running...
2025-12-11 21:02:12 - Ensuring compose stack is running...
2025-12-11 21:02:22 - Service vinted-notifications is not running; attempting to start it.
2025-12-11 21:02:22 - Service vinted-notifications is not running; attempting to start it.
2025-12-11 21:02:22 - Ensuring compose stack is running...
2025-12-11 21:02:22 - Ensuring compose stack is running...
2025-12-11 21:02:32 - Service vinted-notifications is not running; attempting to start it.
2025-12-11 21:02:32 - Service vinted-notifications is not running; attempting to start it.
2025-12-11 21:02:32 - Ensuring compose stack is running...
2025-12-11 21:02:32 - Ensuring compose stack is running...
2025-12-11 21:02:43 - Service vinted-notifications is not running; attempting to start it.
2025-12-11 21:02:43 - Service vinted-notifications is not running; attempting to start it.
2025-12-11 21:02:43 - Ensuring compose stack is running...
2025-12-11 21:02:43 - Ensuring compose stack is running...
2025-12-11 21:02:53 - Service vinted-notifications is not running; attempting to start it.
2025-12-11 21:02:53 - Service vinted-notifications is not running; attempting to start it.
2025-12-11 21:02:53 - Ensuring compose stack is running...
2025-12-11 21:02:53 - Ensuring compose stack is running...
2025-12-11 21:03:03 - Service vinted-notifications is not running; attempting to start it.
2025-12-11 21:03:03 - Service vinted-notifications is not running; attempting to start it.
2025-12-11 21:03:03 - Ensuring compose stack is running...
2025-12-11 21:03:03 - Ensuring compose stack is running...
2025-12-11 21:03:13 - Service vinted-notifications is not running; attempting to start it.
2025-12-11 21:03:13 - Service vinted-notifications is not running; attempting to start it.
2025-12-11 21:03:13 - Ensuring compose stack is running...
2025-12-11 21:03:13 - Ensuring compose stack is running...
2025-12-11 21:03:24 - Service vinted-notifications is not running; attempting to start it.
2025-12-11 21:03:24 - Service vinted-notifications is not running; attempting to start it.
2025-12-11 21:03:24 - Ensuring compose stack is running...
2025-12-11 21:03:24 - Ensuring compose stack is running...
2025-12-11 21:03:34 - Service vinted-notifications is not running; attempting to start it.
2025-12-11 21:03:34 - Service vinted-notifications is not running; attempting to start it.
2025-12-11 21:03:34 - Ensuring compose stack is running...
2025-12-11 21:03:34 - Ensuring compose stack is running...
2025-12-11 21:03:44 - Service vinted-notifications is not running; attempting to start it.
2025-12-11 21:03:44 - Service vinted-notifications is not running; attempting to start it.
2025-12-11 21:03:44 - Ensuring compose stack is running...
2025-12-11 21:03:44 - Ensuring compose stack is running...
2025-12-11 21:03:54 - Service vinted-notifications is not running; attempting to start it.
2025-12-11 21:03:54 - Service vinted-notifications is not running; attempting to start it.
2025-12-11 21:03:54 - Ensuring compose stack is running...
2025-12-11 21:03:54 - Ensuring compose stack is running...
2025-12-11 21:04:05 - Service vinted-notifications is not running; attempting to start it.
2025-12-11 21:04:05 - Service vinted-notifications is not running; attempting to start it.
2025-12-11 21:04:05 - Ensuring compose stack is running...
2025-12-11 21:04:05 - Ensuring compose stack is running...
2025-12-11 21:04:15 - Service vinted-notifications is not running; attempting to start it.
2025-12-11 21:04:15 - Service vinted-notifications is not running; attempting to start it.
2025-12-11 21:04:15 - Ensuring compose stack is running...
2025-12-11 21:04:15 - Ensuring compose stack is running...
2025-12-11 21:04:25 - Service vinted-notifications is not running; attempting to start it.
2025-12-11 21:04:25 - Service vinted-notifications is not running; attempting to start it.
2025-12-11 21:04:25 - Ensuring compose stack is running...
2025-12-11 21:04:25 - Ensuring compose stack is running...
2025-12-11 21:04:36 - Service vinted-notifications is not running; attempting to start it.
2025-12-11 21:04:36 - Service vinted-notifications is not running; attempting to start it.
2025-12-11 21:04:36 - Ensuring compose stack is running...
2025-12-11 21:04:36 - Ensuring compose stack is running...
2025-12-11 21:04:46 - Service vinted-notifications is not running; attempting to start it.
2025-12-11 21:04:46 - Service vinted-notifications is not running; attempting to start it.
2025-12-11 21:04:46 - Ensuring compose stack is running...
2025-12-11 21:04:46 - Ensuring compose stack is running...
2025-12-11 21:04:57 - Service vinted-notifications is not running; attempting to start it.
2025-12-11 21:04:57 - Service vinted-notifications is not running; attempting to start it.
2025-12-11 21:04:57 - Ensuring compose stack is running...
2025-12-11 21:04:57 - Ensuring compose stack is running...
2025-12-11 21:05:07 - Service vinted-notifications is not running; attempting to start it.
2025-12-11 21:05:07 - Service vinted-notifications is not running; attempting to start it.
2025-12-11 21:05:07 - Ensuring compose stack is running...
2025-12-11 21:05:07 - Ensuring compose stack is running...
2025-12-11 21:05:17 - Service vinted-notifications is not running; attempting to start it.
2025-12-11 21:05:17 - Service vinted-notifications is not running; attempting to start it.
2025-12-11 21:05:17 - Ensuring compose stack is running...
2025-12-11 21:05:17 - Ensuring compose stack is running...
2025-12-11 21:05:28 - Service vinted-notifications is not running; attempting to start it.
2025-12-11 21:05:28 - Service vinted-notifications is not running; attempting to start it.
2025-12-11 21:05:28 - Ensuring compose stack is running...
2025-12-11 21:05:28 - Ensuring compose stack is running...
2025-12-11 21:05:38 - Service vinted-notifications is not running; attempting to start it.
2025-12-11 21:05:38 - Service vinted-notifications is not running; attempting to start it.
2025-12-11 21:05:38 - Ensuring compose stack is running...
2025-12-11 21:05:38 - Ensuring compose stack is running...
2025-12-11 21:05:49 - Service vinted-notifications is not running; attempting to start it.
2025-12-11 21:05:49 - Service vinted-notifications is not running; attempting to start it.
2025-12-11 21:05:49 - Ensuring compose stack is running...
2025-12-11 21:05:49 - Ensuring compose stack is running...
2025-12-11 21:05:59 - Service vinted-notifications is not running; attempting to start it.
2025-12-11 21:05:59 - Service vinted-notifications is not running; attempting to start it.
2025-12-11 21:05:59 - Ensuring compose stack is running...
2025-12-11 21:05:59 - Ensuring compose stack is running...
2025-12-11 21:06:09 - Service vinted-notifications is not running; attempting to start it.
2025-12-11 21:06:09 - Service vinted-notifications is not running; attempting to start it.
2025-12-11 21:06:09 - Ensuring compose stack is running...
2025-12-11 21:06:09 - Ensuring compose stack is running...
2025-12-11 21:06:19 - Service vinted-notifications is not running; attempting to start it.
2025-12-11 21:06:19 - Service vinted-notifications is not running; attempting to start it.
2025-12-11 21:06:19 - Ensuring compose stack is running...
2025-12-11 21:06:19 - Ensuring compose stack is running...
2025-12-11 21:06:29 - Service vinted-notifications is not running; attempting to start it.
2025-12-11 21:06:29 - Service vinted-notifications is not running; attempting to start it.
2025-12-11 21:06:29 - Ensuring compose stack is running...
2025-12-11 21:06:29 - Ensuring compose stack is running...
2025-12-11 21:06:41 - Service vinted-notifications is not running; attempting to start it.
2025-12-11 21:06:41 - Service vinted-notifications is not running; attempting to start it.
2025-12-11 21:06:41 - Ensuring compose stack is running...
2025-12-11 21:06:41 - Ensuring compose stack is running...
2025-12-11 21:06:51 - Service vinted-notifications is not running; attempting to start it.
2025-12-11 21:06:51 - Service vinted-notifications is not running; attempting to start it.
2025-12-11 21:06:51 - Ensuring compose stack is running...
2025-12-11 21:06:51 - Ensuring compose stack is running...
2025-12-11 21:07:01 - Service vinted-notifications is not running; attempting to start it.
2025-12-11 21:07:01 - Service vinted-notifications is not running; attempting to start it.
2025-12-11 21:07:01 - Ensuring compose stack is running...
2025-12-11 21:07:01 - Ensuring compose stack is running...
2025-12-11 21:07:11 - Service vinted-notifications is not running; attempting to start it.
2025-12-11 21:07:11 - Service vinted-notifications is not running; attempting to start it.
2025-12-11 21:07:11 - Ensuring compose stack is running...
2025-12-11 21:07:11 - Ensuring compose stack is running...
2025-12-11 21:07:22 - Service vinted-notifications is not running; attempting to start it.
2025-12-11 21:07:22 - Service vinted-notifications is not running; attempting to start it.
2025-12-11 21:07:22 - Ensuring compose stack is running...
2025-12-11 21:07:22 - Ensuring compose stack is running...
2025-12-11 21:07:32 - Service vinted-notifications is not running; attempting to start it.
2025-12-11 21:07:32 - Service vinted-notifications is not running; attempting to start it.
2025-12-11 21:07:32 - Ensuring compose stack is running...
2025-12-11 21:07:32 - Ensuring compose stack is running...
2025-12-11 21:07:42 - Service vinted-notifications is not running; attempting to start it.
2025-12-11 21:07:42 - Service vinted-notifications is not running; attempting to start it.
2025-12-11 21:07:42 - Ensuring compose stack is running...
2025-12-11 21:07:42 - Ensuring compose stack is running...
2025-12-11 21:07:52 - Service vinted-notifications is not running; attempting to start it.
2025-12-11 21:07:52 - Service vinted-notifications is not running; attempting to start it.
2025-12-11 21:07:52 - Ensuring compose stack is running...
2025-12-11 21:07:52 - Ensuring compose stack is running...
2025-12-11 21:08:02 - Service vinted-notifications is not running; attempting to start it.
2025-12-11 21:08:02 - Service vinted-notifications is not running; attempting to start it.
2025-12-11 21:08:02 - Ensuring compose stack is running...
2025-12-11 21:08:02 - Ensuring compose stack is running...
2025-12-11 21:08:12 - Service vinted-notifications is not running; attempting to start it.
2025-12-11 21:08:12 - Service vinted-notifications is not running; attempting to start it.
2025-12-11 21:08:12 - Ensuring compose stack is running...
2025-12-11 21:08:12 - Ensuring compose stack is running...
2025-12-11 21:08:23 - Service vinted-notifications is not running; attempting to start it.
2025-12-11 21:08:23 - Service vinted-notifications is not running; attempting to start it.
2025-12-11 21:08:23 - Ensuring compose stack is running...
2025-12-11 21:08:23 - Ensuring compose stack is running...
2025-12-11 21:08:33 - Service vinted-notifications is not running; attempting to start it.
2025-12-11 21:08:33 - Service vinted-notifications is not running; attempting to start it.
2025-12-11 21:08:33 - Ensuring compose stack is running...
2025-12-11 21:08:33 - Ensuring compose stack is running...
2025-12-11 21:08:43 - Service vinted-notifications is not running; attempting to start it.
2025-12-11 21:08:43 - Service vinted-notifications is not running; attempting to start it.
2025-12-11 21:08:43 - Ensuring compose stack is running...
2025-12-11 21:08:43 - Ensuring compose stack is running...
2025-12-11 21:08:54 - Service vinted-notifications is not running; attempting to start it.
2025-12-11 21:08:54 - Service vinted-notifications is not running; attempting to start it.
2025-12-11 21:08:54 - Ensuring compose stack is running...
2025-12-11 21:08:54 - Ensuring compose stack is running...
2025-12-11 21:09:04 - Service vinted-notifications is not running; attempting to start it.
2025-12-11 21:09:04 - Service vinted-notifications is not running; attempting to start it.
2025-12-11 21:09:04 - Ensuring compose stack is running...
2025-12-11 21:09:04 - Ensuring compose stack is running...
2025-12-11 21:09:14 - Service vinted-notifications is not running; attempting to start it.
2025-12-11 21:09:14 - Service vinted-notifications is not running; attempting to start it.
2025-12-11 21:09:14 - Ensuring compose stack is running...
2025-12-11 21:09:14 - Ensuring compose stack is running...
2025-12-11 21:09:25 - Service vinted-notifications is not running; attempting to start it.
2025-12-11 21:09:25 - Service vinted-notifications is not running; attempting to start it.
2025-12-11 21:09:25 - Ensuring compose stack is running...
2025-12-11 21:09:25 - Ensuring compose stack is running...
2025-12-11 21:09:36 - Service vinted-notifications is not running; attempting to start it.
2025-12-11 21:09:36 - Service vinted-notifications is not running; attempting to start it.
2025-12-11 21:09:36 - Ensuring compose stack is running...
2025-12-11 21:09:36 - Ensuring compose stack is running...
2025-12-11 21:09:46 - Service vinted-notifications is not running; attempting to start it.
2025-12-11 21:09:46 - Service vinted-notifications is not running; attempting to start it.
2025-12-11 21:09:46 - Ensuring compose stack is running...
2025-12-11 21:09:46 - Ensuring compose stack is running...
2025-12-11 21:09:56 - Service vinted-notifications is not running; attempting to start it.
2025-12-11 21:09:56 - Service vinted-notifications is not running; attempting to start it.
2025-12-11 21:09:56 - Ensuring compose stack is running...
2025-12-11 21:09:56 - Ensuring compose stack is running...
2025-12-11 21:10:06 - Service vinted-notifications is not running; attempting to start it.
2025-12-11 21:10:06 - Service vinted-notifications is not running; attempting to start it.
2025-12-11 21:10:06 - Ensuring compose stack is running...
2025-12-11 21:10:06 - Ensuring compose stack is running...
2025-12-11 21:10:17 - Service vinted-notifications is not running; attempting to start it.
2025-12-11 21:10:17 - Service vinted-notifications is not running; attempting to start it.
2025-12-11 21:10:17 - Ensuring compose stack is running...
2025-12-11 21:10:17 - Ensuring compose stack is running...
2025-12-11 21:50:04 - Service vinted-notifications is not running; attempting to start it.
2025-12-11 21:50:04 - Service vinted-notifications is not running; attempting to start it.
2025-12-11 21:50:04 - Ensuring compose stack is running...
2025-12-11 21:50:04 - Ensuring compose stack is running...
2025-12-11 21:50:15 - Service vinted-notifications is not running; attempting to start it.
2025-12-11 21:50:15 - Service vinted-notifications is not running; attempting to start it.
2025-12-11 21:50:15 - Ensuring compose stack is running...
2025-12-11 21:50:15 - Ensuring compose stack is running...
2025-12-11 21:50:25 - Service vinted-notifications is not running; attempting to start it.
2025-12-11 21:50:25 - Service vinted-notifications is not running; attempting to start it.
2025-12-11 21:50:25 - Ensuring compose stack is running...
2025-12-11 21:50:25 - Ensuring compose stack is running...
2025-12-11 21:50:35 - Service vinted-notifications is not running; attempting to start it.
2025-12-11 21:50:35 - Service vinted-notifications is not running; attempting to start it.
2025-12-11 21:50:35 - Ensuring compose stack is running...
2025-12-11 21:50:35 - Ensuring compose stack is running...
2025-12-11 21:50:47 - Service vinted-notifications is not running; attempting to start it.
2025-12-11 21:50:47 - Service vinted-notifications is not running; attempting to start it.
2025-12-11 21:50:47 - Ensuring compose stack is running...
2025-12-11 21:50:47 - Ensuring compose stack is running...
2025-12-11 21:50:56 - Service vinted-notifications is not running; attempting to start it.
2025-12-11 21:50:56 - Service vinted-notifications is not running; attempting to start it.
2025-12-11 21:50:56 - Ensuring compose stack is running...
2025-12-11 21:50:56 - Ensuring compose stack is running...
2025-12-11 21:51:07 - Service vinted-notifications is not running; attempting to start it.
2025-12-11 21:51:07 - Service vinted-notifications is not running; attempting to start it.
2025-12-11 21:51:07 - Ensuring compose stack is running...
2025-12-11 21:51:07 - Ensuring compose stack is running...
2025-12-11 21:51:17 - Service vinted-notifications is not running; attempting to start it.
2025-12-11 21:51:17 - Service vinted-notifications is not running; attempting to start it.
2025-12-11 21:51:17 - Ensuring compose stack is running...
2025-12-11 21:51:17 - Ensuring compose stack is running...
2025-12-11 21:51:27 - Service vinted-notifications is not running; attempting to start it.
2025-12-11 21:51:27 - Service vinted-notifications is not running; attempting to start it.
2025-12-11 21:51:27 - Ensuring compose stack is running...
2025-12-11 21:51:27 - Ensuring compose stack is running...
2025-12-11 21:51:37 - Service vinted-notifications is not running; attempting to start it.
2025-12-11 21:51:37 - Service vinted-notifications is not running; attempting to start it.
2025-12-11 21:51:37 - Ensuring compose stack is running...
2025-12-11 21:51:37 - Ensuring compose stack is running...
2025-12-11 21:51:47 - Service vinted-notifications is not running; attempting to start it.
2025-12-11 21:51:47 - Service vinted-notifications is not running; attempting to start it.
2025-12-11 21:51:47 - Ensuring compose stack is running...
2025-12-11 21:51:47 - Ensuring compose stack is running...
2025-12-11 21:51:57 - Service vinted-notifications is not running; attempting to start it.
2025-12-11 21:51:57 - Service vinted-notifications is not running; attempting to start it.
2025-12-11 21:51:57 - Ensuring compose stack is running...
2025-12-11 21:51:57 - Ensuring compose stack is running...
2025-12-11 21:52:08 - Service vinted-notifications is not running; attempting to start it.
2025-12-11 21:52:08 - Service vinted-notifications is not running; attempting to start it.
2025-12-11 21:52:08 - Ensuring compose stack is running...
2025-12-11 21:52:08 - Ensuring compose stack is running...
2025-12-11 21:52:18 - Service vinted-notifications is not running; attempting to start it.
2025-12-11 21:52:18 - Service vinted-notifications is not running; attempting to start it.
2025-12-11 21:52:18 - Ensuring compose stack is running...
2025-12-11 21:52:18 - Ensuring compose stack is running...
2025-12-11 21:52:28 - Service vinted-notifications is not running; attempting to start it.
2025-12-11 21:52:28 - Service vinted-notifications is not running; attempting to start it.
2025-12-11 21:52:28 - Ensuring compose stack is running...
2025-12-11 21:52:28 - Ensuring compose stack is running...
2025-12-11 21:52:38 - Service vinted-notifications is not running; attempting to start it.
2025-12-11 21:52:38 - Service vinted-notifications is not running; attempting to start it.
2025-12-11 21:52:38 - Ensuring compose stack is running...
2025-12-11 21:52:38 - Ensuring compose stack is running...
2025-12-11 21:52:48 - Service vinted-notifications is not running; attempting to start it.
2025-12-11 21:52:48 - Service vinted-notifications is not running; attempting to start it.
2025-12-11 21:52:48 - Ensuring compose stack is running...
2025-12-11 21:52:48 - Ensuring compose stack is running...
2025-12-11 21:53:00 - Service vinted-notifications is not running; attempting to start it.
2025-12-11 21:53:00 - Service vinted-notifications is not running; attempting to start it.
2025-12-11 21:53:00 - Ensuring compose stack is running...
2025-12-11 21:53:00 - Ensuring compose stack is running...
2025-12-11 21:53:09 - Service vinted-notifications is not running; attempting to start it.
2025-12-11 21:53:09 - Service vinted-notifications is not running; attempting to start it.
2025-12-11 21:53:09 - Ensuring compose stack is running...
2025-12-11 21:53:09 - Ensuring compose stack is running...
2025-12-11 21:53:19 - Service vinted-notifications is not running; attempting to start it.
2025-12-11 21:53:19 - Service vinted-notifications is not running; attempting to start it.
2025-12-11 21:53:19 - Ensuring compose stack is running...
2025-12-11 21:53:19 - Ensuring compose stack is running...
2025-12-11 21:53:29 - Service vinted-notifications is not running; attempting to start it.
2025-12-11 21:53:29 - Service vinted-notifications is not running; attempting to start it.
2025-12-11 21:53:29 - Ensuring compose stack is running...
2025-12-11 21:53:29 - Ensuring compose stack is running...
2025-12-11 21:53:39 - Service vinted-notifications is not running; attempting to start it.
2025-12-11 21:53:39 - Service vinted-notifications is not running; attempting to start it.
2025-12-11 21:53:39 - Ensuring compose stack is running...
2025-12-11 21:53:39 - Ensuring compose stack is running...
2025-12-11 21:53:49 - Service vinted-notifications is not running; attempting to start it.
2025-12-11 21:53:49 - Service vinted-notifications is not running; attempting to start it.
2025-12-11 21:53:49 - Ensuring compose stack is running...
2025-12-11 21:53:49 - Ensuring compose stack is running...
2025-12-11 21:53:59 - Service vinted-notifications is not running; attempting to start it.
2025-12-11 21:53:59 - Service vinted-notifications is not running; attempting to start it.
2025-12-11 21:53:59 - Ensuring compose stack is running...
2025-12-11 21:53:59 - Ensuring compose stack is running...
2025-12-11 21:54:10 - Service vinted-notifications is not running; attempting to start it.
2025-12-11 21:54:10 - Service vinted-notifications is not running; attempting to start it.
2025-12-11 21:54:10 - Ensuring compose stack is running...
2025-12-11 21:54:10 - Ensuring compose stack is running...
2025-12-11 21:54:20 - Service vinted-notifications is not running; attempting to start it.
2025-12-11 21:54:20 - Service vinted-notifications is not running; attempting to start it.
2025-12-11 21:54:20 - Ensuring compose stack is running...
2025-12-11 21:54:20 - Ensuring compose stack is running...
2025-12-11 21:54:30 - Service vinted-notifications is not running; attempting to start it.
2025-12-11 21:54:30 - Service vinted-notifications is not running; attempting to start it.
2025-12-11 21:54:30 - Ensuring compose stack is running...
2025-12-11 21:54:30 - Ensuring compose stack is running...
2025-12-11 21:54:40 - Service vinted-notifications is not running; attempting to start it.
2025-12-11 21:54:40 - Service vinted-notifications is not running; attempting to start it.
2025-12-11 21:54:40 - Ensuring compose stack is running...
2025-12-11 21:54:40 - Ensuring compose stack is running...
2025-12-11 21:54:50 - Service vinted-notifications is not running; attempting to start it.
2025-12-11 21:54:50 - Service vinted-notifications is not running; attempting to start it.
2025-12-11 21:54:50 - Ensuring compose stack is running...
2025-12-11 21:54:50 - Ensuring compose stack is running...
2025-12-11 21:55:00 - Service vinted-notifications is not running; attempting to start it.
2025-12-11 21:55:00 - Service vinted-notifications is not running; attempting to start it.
2025-12-11 21:55:00 - Ensuring compose stack is running...
2025-12-11 21:55:00 - Ensuring compose stack is running...
2025-12-11 21:55:10 - Service vinted-notifications is not running; attempting to start it.
2025-12-11 21:55:10 - Service vinted-notifications is not running; attempting to start it.
2025-12-11 21:55:10 - Ensuring compose stack is running...
2025-12-11 21:55:10 - Ensuring compose stack is running...
2025-12-11 21:55:20 - Service vinted-notifications is not running; attempting to start it.
2025-12-11 21:55:20 - Service vinted-notifications is not running; attempting to start it.
2025-12-11 21:55:20 - Ensuring compose stack is running...
2025-12-11 21:55:20 - Ensuring compose stack is running...
2025-12-11 21:55:30 - Service vinted-notifications is not running; attempting to start it.
2025-12-11 21:55:30 - Service vinted-notifications is not running; attempting to start it.
2025-12-11 21:55:30 - Ensuring compose stack is running...
2025-12-11 21:55:30 - Ensuring compose stack is running...
2025-12-11 21:55:41 - Service vinted-notifications is not running; attempting to start it.
2025-12-11 21:55:41 - Service vinted-notifications is not running; attempting to start it.
2025-12-11 21:55:41 - Ensuring compose stack is running...
2025-12-11 21:55:41 - Ensuring compose stack is running...
2025-12-11 21:55:51 - Service vinted-notifications is not running; attempting to start it.
2025-12-11 21:55:51 - Service vinted-notifications is not running; attempting to start it.
2025-12-11 21:55:51 - Ensuring compose stack is running...
2025-12-11 21:55:51 - Ensuring compose stack is running...
2025-12-11 21:56:01 - Service vinted-notifications is not running; attempting to start it.
2025-12-11 21:56:01 - Service vinted-notifications is not running; attempting to start it.
2025-12-11 21:56:01 - Ensuring compose stack is running...
2025-12-11 21:56:01 - Ensuring compose stack is running...
2025-12-11 21:56:11 - Service vinted-notifications is not running; attempting to start it.
2025-12-11 21:56:11 - Service vinted-notifications is not running; attempting to start it.
2025-12-11 21:56:11 - Ensuring compose stack is running...
2025-12-11 21:56:11 - Ensuring compose stack is running...
2025-12-11 21:56:21 - Service vinted-notifications is not running; attempting to start it.
2025-12-11 21:56:21 - Service vinted-notifications is not running; attempting to start it.
2025-12-11 21:56:21 - Ensuring compose stack is running...
2025-12-11 21:56:21 - Ensuring compose stack is running...
2025-12-11 21:56:31 - Service vinted-notifications is not running; attempting to start it.
2025-12-11 21:56:31 - Service vinted-notifications is not running; attempting to start it.
2025-12-11 21:56:31 - Ensuring compose stack is running...
2025-12-11 21:56:31 - Ensuring compose stack is running...
2025-12-11 21:56:41 - Service vinted-notifications is not running; attempting to start it.
2025-12-11 21:56:41 - Service vinted-notifications is not running; attempting to start it.
2025-12-11 21:56:41 - Ensuring compose stack is running...
2025-12-11 21:56:41 - Ensuring compose stack is running...
2025-12-11 21:56:51 - Service vinted-notifications is not running; attempting to start it.
2025-12-11 21:56:51 - Service vinted-notifications is not running; attempting to start it.
2025-12-11 21:56:51 - Ensuring compose stack is running...
2025-12-11 21:56:51 - Ensuring compose stack is running...
2025-12-11 21:57:01 - Service vinted-notifications is not running; attempting to start it.
2025-12-11 21:57:01 - Service vinted-notifications is not running; attempting to start it.
2025-12-11 21:57:01 - Ensuring compose stack is running...
2025-12-11 21:57:01 - Ensuring compose stack is running...
2025-12-11 21:57:12 - Service vinted-notifications is not running; attempting to start it.
2025-12-11 21:57:12 - Service vinted-notifications is not running; attempting to start it.
2025-12-11 21:57:12 - Ensuring compose stack is running...
2025-12-11 21:57:12 - Ensuring compose stack is running...
2025-12-11 21:57:22 - Service vinted-notifications is not running; attempting to start it.
2025-12-11 21:57:22 - Service vinted-notifications is not running; attempting to start it.
2025-12-11 21:57:22 - Ensuring compose stack is running...
2025-12-11 21:57:22 - Ensuring compose stack is running...
2025-12-11 21:57:32 - Service vinted-notifications is not running; attempting to start it.
2025-12-11 21:57:32 - Service vinted-notifications is not running; attempting to start it.
2025-12-11 21:57:32 - Ensuring compose stack is running...
2025-12-11 21:57:32 - Ensuring compose stack is running...
2025-12-11 21:57:42 - Service vinted-notifications is not running; attempting to start it.
2025-12-11 21:57:42 - Service vinted-notifications is not running; attempting to start it.
2025-12-11 21:57:42 - Ensuring compose stack is running...
2025-12-11 21:57:42 - Ensuring compose stack is running...
2025-12-11 21:57:52 - Service vinted-notifications is not running; attempting to start it.
2025-12-11 21:57:52 - Service vinted-notifications is not running; attempting to start it.
2025-12-11 21:57:52 - Ensuring compose stack is running...
2025-12-11 21:57:52 - Ensuring compose stack is running...
2025-12-11 21:58:02 - Service vinted-notifications is not running; attempting to start it.
2025-12-11 21:58:02 - Service vinted-notifications is not running; attempting to start it.
2025-12-11 21:58:02 - Ensuring compose stack is running...
2025-12-11 21:58:02 - Ensuring compose stack is running...
2025-12-11 21:58:12 - Service vinted-notifications is not running; attempting to start it.
2025-12-11 21:58:12 - Service vinted-notifications is not running; attempting to start it.
2025-12-11 21:58:12 - Ensuring compose stack is running...
2025-12-11 21:58:12 - Ensuring compose stack is running...
2025-12-11 21:58:22 - Service vinted-notifications is not running; attempting to start it.
2025-12-11 21:58:22 - Service vinted-notifications is not running; attempting to start it.
2025-12-11 21:58:22 - Ensuring compose stack is running...
2025-12-11 21:58:22 - Ensuring compose stack is running...
2025-12-11 21:58:33 - Service vinted-notifications is not running; attempting to start it.
2025-12-11 21:58:33 - Service vinted-notifications is not running; attempting to start it.
2025-12-11 21:58:33 - Ensuring compose stack is running...
2025-12-11 21:58:33 - Ensuring compose stack is running...
2025-12-11 21:58:43 - Service vinted-notifications is not running; attempting to start it.
2025-12-11 21:58:43 - Service vinted-notifications is not running; attempting to start it.
2025-12-11 21:58:43 - Ensuring compose stack is running...
2025-12-11 21:58:43 - Ensuring compose stack is running...
2025-12-11 21:58:53 - Service vinted-notifications is not running; attempting to start it.
2025-12-11 21:58:53 - Service vinted-notifications is not running; attempting to start it.
2025-12-11 21:58:53 - Ensuring compose stack is running...
2025-12-11 21:58:53 - Ensuring compose stack is running...
2025-12-11 21:59:03 - Service vinted-notifications is not running; attempting to start it.
2025-12-11 21:59:03 - Service vinted-notifications is not running; attempting to start it.
2025-12-11 21:59:03 - Ensuring compose stack is running...
2025-12-11 21:59:03 - Ensuring compose stack is running...
2025-12-11 21:59:13 - Service vinted-notifications is not running; attempting to start it.
2025-12-11 21:59:13 - Service vinted-notifications is not running; attempting to start it.
2025-12-11 21:59:13 - Ensuring compose stack is running...
2025-12-11 21:59:13 - Ensuring compose stack is running...
2025-12-11 21:59:23 - Service vinted-notifications is not running; attempting to start it.
2025-12-11 21:59:23 - Service vinted-notifications is not running; attempting to start it.
2025-12-11 21:59:23 - Ensuring compose stack is running...
2025-12-11 21:59:23 - Ensuring compose stack is running...
2025-12-11 21:59:33 - Service vinted-notifications is not running; attempting to start it.
2025-12-11 21:59:33 - Service vinted-notifications is not running; attempting to start it.
2025-12-11 21:59:33 - Ensuring compose stack is running...
2025-12-11 21:59:33 - Ensuring compose stack is running...
2025-12-11 21:59:43 - Service vinted-notifications is not running; attempting to start it.
2025-12-11 21:59:43 - Service vinted-notifications is not running; attempting to start it.
2025-12-11 21:59:43 - Ensuring compose stack is running...
2025-12-11 21:59:43 - Ensuring compose stack is running...
2025-12-11 21:59:53 - Service vinted-notifications is not running; attempting to start it.
2025-12-11 21:59:53 - Service vinted-notifications is not running; attempting to start it.
2025-12-11 21:59:54 - Ensuring compose stack is running...
2025-12-11 21:59:54 - Ensuring compose stack is running...
2025-12-11 22:00:04 - Service vinted-notifications is not running; attempting to start it.
2025-12-11 22:00:04 - Service vinted-notifications is not running; attempting to start it.
2025-12-11 22:00:04 - Ensuring compose stack is running...
2025-12-11 22:00:04 - Ensuring compose stack is running...
2025-12-11 22:00:14 - Service vinted-notifications is not running; attempting to start it.
2025-12-11 22:00:14 - Service vinted-notifications is not running; attempting to start it.
2025-12-11 22:00:14 - Ensuring compose stack is running...
2025-12-11 22:00:14 - Ensuring compose stack is running...
2025-12-11 22:00:24 - Service vinted-notifications is not running; attempting to start it.
2025-12-11 22:00:24 - Service vinted-notifications is not running; attempting to start it.
2025-12-11 22:00:24 - Ensuring compose stack is running...
2025-12-11 22:00:24 - Ensuring compose stack is running...
2025-12-11 22:00:34 - Service vinted-notifications is not running; attempting to start it.
2025-12-11 22:00:34 - Service vinted-notifications is not running; attempting to start it.
2025-12-11 22:00:34 - Ensuring compose stack is running...
2025-12-11 22:00:34 - Ensuring compose stack is running...
2025-12-11 22:00:44 - Service vinted-notifications is not running; attempting to start it.
2025-12-11 22:00:44 - Service vinted-notifications is not running; attempting to start it.
2025-12-11 22:00:44 - Ensuring compose stack is running...
2025-12-11 22:00:44 - Ensuring compose stack is running...
2025-12-11 22:00:54 - Service vinted-notifications is not running; attempting to start it.
2025-12-11 22:00:54 - Service vinted-notifications is not running; attempting to start it.
2025-12-11 22:00:54 - Ensuring compose stack is running...
2025-12-11 22:00:54 - Ensuring compose stack is running...
2025-12-11 22:01:04 - Service vinted-notifications is not running; attempting to start it.
2025-12-11 22:01:04 - Service vinted-notifications is not running; attempting to start it.
2025-12-11 22:01:04 - Ensuring compose stack is running...
2025-12-11 22:01:04 - Ensuring compose stack is running...
2025-12-11 22:01:14 - Service vinted-notifications is not running; attempting to start it.
2025-12-11 22:01:14 - Service vinted-notifications is not running; attempting to start it.
2025-12-11 22:01:14 - Ensuring compose stack is running...
2025-12-11 22:01:14 - Ensuring compose stack is running...
2025-12-11 22:01:24 - Service vinted-notifications is not running; attempting to start it.
2025-12-11 22:01:24 - Service vinted-notifications is not running; attempting to start it.
2025-12-11 22:01:24 - Ensuring compose stack is running...
2025-12-11 22:01:24 - Ensuring compose stack is running...
2025-12-11 22:01:35 - Service vinted-notifications is not running; attempting to start it.
2025-12-11 22:01:35 - Service vinted-notifications is not running; attempting to start it.
2025-12-11 22:01:35 - Ensuring compose stack is running...
2025-12-11 22:01:35 - Ensuring compose stack is running...
2025-12-11 22:01:45 - Service vinted-notifications is not running; attempting to start it.
2025-12-11 22:01:45 - Service vinted-notifications is not running; attempting to start it.
2025-12-11 22:01:45 - Ensuring compose stack is running...
2025-12-11 22:01:45 - Ensuring compose stack is running...
2025-12-11 22:01:55 - Service vinted-notifications is not running; attempting to start it.
2025-12-11 22:01:55 - Service vinted-notifications is not running; attempting to start it.
2025-12-11 22:01:55 - Ensuring compose stack is running...
2025-12-11 22:01:55 - Ensuring compose stack is running...
2025-12-11 22:02:05 - Service vinted-notifications is not running; attempting to start it.
2025-12-11 22:02:05 - Service vinted-notifications is not running; attempting to start it.
2025-12-11 22:02:05 - Ensuring compose stack is running...
2025-12-11 22:02:05 - Ensuring compose stack is running...
2025-12-11 22:02:15 - Service vinted-notifications is not running; attempting to start it.
2025-12-11 22:02:15 - Service vinted-notifications is not running; attempting to start it.
2025-12-11 22:02:15 - Ensuring compose stack is running...
2025-12-11 22:02:15 - Ensuring compose stack is running...
2025-12-11 22:02:25 - Service vinted-notifications is not running; attempting to start it.
2025-12-11 22:02:25 - Service vinted-notifications is not running; attempting to start it.
2025-12-11 22:02:25 - Ensuring compose stack is running...
2025-12-11 22:02:25 - Ensuring compose stack is running...
2025-12-11 22:02:35 - Service vinted-notifications is not running; attempting to start it.
2025-12-11 22:02:35 - Service vinted-notifications is not running; attempting to start it.
2025-12-11 22:02:35 - Ensuring compose stack is running...
2025-12-11 22:02:35 - Ensuring compose stack is running...
2025-12-11 22:02:45 - Service vinted-notifications is not running; attempting to start it.
2025-12-11 22:02:45 - Service vinted-notifications is not running; attempting to start it.
2025-12-11 22:02:45 - Ensuring compose stack is running...
2025-12-11 22:02:45 - Ensuring compose stack is running...
2025-12-11 22:02:55 - Service vinted-notifications is not running; attempting to start it.
2025-12-11 22:02:55 - Service vinted-notifications is not running; attempting to start it.
2025-12-11 22:02:55 - Ensuring compose stack is running...
2025-12-11 22:02:55 - Ensuring compose stack is running...
2025-12-11 22:03:06 - Service vinted-notifications is not running; attempting to start it.
2025-12-11 22:03:06 - Service vinted-notifications is not running; attempting to start it.
2025-12-11 22:03:06 - Ensuring compose stack is running...
2025-12-11 22:03:06 - Ensuring compose stack is running...
2025-12-11 22:03:16 - Service vinted-notifications is not running; attempting to start it.
2025-12-11 22:03:16 - Service vinted-notifications is not running; attempting to start it.
2025-12-11 22:03:16 - Ensuring compose stack is running...
2025-12-11 22:03:16 - Ensuring compose stack is running...
2025-12-11 22:03:26 - Service vinted-notifications is not running; attempting to start it.
2025-12-11 22:03:26 - Service vinted-notifications is not running; attempting to start it.
2025-12-11 22:03:26 - Ensuring compose stack is running...
2025-12-11 22:03:26 - Ensuring compose stack is running...
2025-12-11 22:03:36 - Service vinted-notifications is not running; attempting to start it.
2025-12-11 22:03:36 - Service vinted-notifications is not running; attempting to start it.
2025-12-11 22:03:36 - Ensuring compose stack is running...
2025-12-11 22:03:36 - Ensuring compose stack is running...
2025-12-11 22:03:46 - Service vinted-notifications is not running; attempting to start it.
2025-12-11 22:03:46 - Service vinted-notifications is not running; attempting to start it.
2025-12-11 22:03:46 - Ensuring compose stack is running...
2025-12-11 22:03:46 - Ensuring compose stack is running...
2025-12-11 22:03:56 - Service vinted-notifications is not running; attempting to start it.
2025-12-11 22:03:56 - Service vinted-notifications is not running; attempting to start it.
2025-12-11 22:03:56 - Ensuring compose stack is running...
2025-12-11 22:03:56 - Ensuring compose stack is running...
2025-12-11 22:04:06 - Service vinted-notifications is not running; attempting to start it.
2025-12-11 22:04:06 - Service vinted-notifications is not running; attempting to start it.
2025-12-11 22:04:06 - Ensuring compose stack is running...
2025-12-11 22:04:06 - Ensuring compose stack is running...
2025-12-11 22:04:16 - Service vinted-notifications is not running; attempting to start it.
2025-12-11 22:04:16 - Service vinted-notifications is not running; attempting to start it.
2025-12-11 22:04:16 - Ensuring compose stack is running...
2025-12-11 22:04:16 - Ensuring compose stack is running...
2025-12-11 22:04:26 - Service vinted-notifications is not running; attempting to start it.
2025-12-11 22:04:26 - Service vinted-notifications is not running; attempting to start it.
2025-12-11 22:04:26 - Ensuring compose stack is running...
2025-12-11 22:04:26 - Ensuring compose stack is running...
2025-12-11 22:04:36 - Service vinted-notifications is not running; attempting to start it.
2025-12-11 22:04:36 - Service vinted-notifications is not running; attempting to start it.
2025-12-11 22:04:36 - Ensuring compose stack is running...
2025-12-11 22:04:36 - Ensuring compose stack is running...
2025-12-11 22:04:47 - Service vinted-notifications is not running; attempting to start it.
2025-12-11 22:04:47 - Service vinted-notifications is not running; attempting to start it.
2025-12-11 22:04:47 - Ensuring compose stack is running...
2025-12-11 22:04:47 - Ensuring compose stack is running...
2025-12-11 22:04:57 - Service vinted-notifications is not running; attempting to start it.
2025-12-11 22:04:57 - Service vinted-notifications is not running; attempting to start it.
2025-12-11 22:04:57 - Ensuring compose stack is running...
2025-12-11 22:04:57 - Ensuring compose stack is running...
2025-12-11 22:05:07 - Service vinted-notifications is not running; attempting to start it.
2025-12-11 22:05:07 - Service vinted-notifications is not running; attempting to start it.
2025-12-11 22:05:07 - Ensuring compose stack is running...
2025-12-11 22:05:07 - Ensuring compose stack is running...
2025-12-11 22:05:17 - Service vinted-notifications is not running; attempting to start it.
2025-12-11 22:05:17 - Service vinted-notifications is not running; attempting to start it.
2025-12-11 22:05:17 - Ensuring compose stack is running...
2025-12-11 22:05:17 - Ensuring compose stack is running...
2025-12-11 22:05:27 - Service vinted-notifications is not running; attempting to start it.
2025-12-11 22:05:27 - Service vinted-notifications is not running; attempting to start it.
2025-12-11 22:05:27 - Ensuring compose stack is running...
2025-12-11 22:05:27 - Ensuring compose stack is running...
2025-12-11 22:05:37 - Service vinted-notifications is not running; attempting to start it.
2025-12-11 22:05:37 - Service vinted-notifications is not running; attempting to start it.
2025-12-11 22:05:37 - Ensuring compose stack is running...
2025-12-11 22:05:37 - Ensuring compose stack is running...
2025-12-11 22:05:47 - Service vinted-notifications is not running; attempting to start it.
2025-12-11 22:05:47 - Service vinted-notifications is not running; attempting to start it.
2025-12-11 22:05:47 - Ensuring compose stack is running...
2025-12-11 22:05:47 - Ensuring compose stack is running...
2025-12-11 22:05:57 - Service vinted-notifications is not running; attempting to start it.
2025-12-11 22:05:57 - Service vinted-notifications is not running; attempting to start it.
2025-12-11 22:05:57 - Ensuring compose stack is running...
2025-12-11 22:05:57 - Ensuring compose stack is running...
2025-12-11 22:06:07 - Service vinted-notifications is not running; attempting to start it.
2025-12-11 22:06:07 - Service vinted-notifications is not running; attempting to start it.
2025-12-11 22:06:07 - Ensuring compose stack is running...
2025-12-11 22:06:07 - Ensuring compose stack is running...
2025-12-11 22:06:18 - Service vinted-notifications is not running; attempting to start it.
2025-12-11 22:06:18 - Service vinted-notifications is not running; attempting to start it.
2025-12-11 22:06:18 - Ensuring compose stack is running...
2025-12-11 22:06:18 - Ensuring compose stack is running...
2025-12-11 22:06:28 - Service vinted-notifications is not running; attempting to start it.
2025-12-11 22:06:28 - Service vinted-notifications is not running; attempting to start it.
2025-12-11 22:06:28 - Ensuring compose stack is running...
2025-12-11 22:06:28 - Ensuring compose stack is running...
2025-12-11 22:06:38 - Service vinted-notifications is not running; attempting to start it.
2025-12-11 22:06:38 - Service vinted-notifications is not running; attempting to start it.
2025-12-11 22:06:38 - Ensuring compose stack is running...
2025-12-11 22:06:38 - Ensuring compose stack is running...
2025-12-11 22:06:48 - Service vinted-notifications is not running; attempting to start it.
2025-12-11 22:06:48 - Service vinted-notifications is not running; attempting to start it.
2025-12-11 22:06:48 - Ensuring compose stack is running...
2025-12-11 22:06:48 - Ensuring compose stack is running...
2025-12-11 22:06:58 - Service vinted-notifications is not running; attempting to start it.
2025-12-11 22:06:58 - Service vinted-notifications is not running; attempting to start it.
2025-12-11 22:06:58 - Ensuring compose stack is running...
2025-12-11 22:06:58 - Ensuring compose stack is running...
2025-12-11 22:07:08 - Service vinted-notifications is not running; attempting to start it.
2025-12-11 22:07:08 - Service vinted-notifications is not running; attempting to start it.
2025-12-11 22:07:08 - Ensuring compose stack is running...
2025-12-11 22:07:08 - Ensuring compose stack is running...
2025-12-11 22:07:18 - Service vinted-notifications is not running; attempting to start it.
2025-12-11 22:07:18 - Service vinted-notifications is not running; attempting to start it.
2025-12-11 22:07:18 - Ensuring compose stack is running...
2025-12-11 22:07:18 - Ensuring compose stack is running...
2025-12-11 22:07:28 - Service vinted-notifications is not running; attempting to start it.
2025-12-11 22:07:28 - Service vinted-notifications is not running; attempting to start it.
2025-12-11 22:07:28 - Ensuring compose stack is running...
2025-12-11 22:07:28 - Ensuring compose stack is running...
2025-12-11 22:07:38 - Service vinted-notifications is not running; attempting to start it.
2025-12-11 22:07:38 - Service vinted-notifications is not running; attempting to start it.
2025-12-11 22:07:38 - Ensuring compose stack is running...
2025-12-11 22:07:38 - Ensuring compose stack is running...
2025-12-11 22:07:49 - Service vinted-notifications is not running; attempting to start it.
2025-12-11 22:07:49 - Service vinted-notifications is not running; attempting to start it.
2025-12-11 22:07:49 - Ensuring compose stack is running...
2025-12-11 22:07:49 - Ensuring compose stack is running...
2025-12-11 22:08:52 - Service vinted-notifications is not running; attempting to start it.
2025-12-11 22:08:52 - Service vinted-notifications is not running; attempting to start it.
2025-12-11 22:08:53 - Ensuring compose stack is running...
2025-12-11 22:08:53 - Ensuring compose stack is running...
2025-12-11 22:09:03 - Service vinted-notifications is not running; attempting to start it.
2025-12-11 22:09:03 - Service vinted-notifications is not running; attempting to start it.
2025-12-11 22:09:03 - Ensuring compose stack is running...
2025-12-11 22:09:03 - Ensuring compose stack is running...
2025-12-11 22:09:13 - Service vinted-notifications is not running; attempting to start it.
2025-12-11 22:09:13 - Service vinted-notifications is not running; attempting to start it.
2025-12-11 22:09:13 - Ensuring compose stack is running...
2025-12-11 22:09:13 - Ensuring compose stack is running...
2025-12-11 22:09:23 - Service vinted-notifications is not running; attempting to start it.
2025-12-11 22:09:23 - Service vinted-notifications is not running; attempting to start it.
2025-12-11 22:09:23 - Ensuring compose stack is running...
2025-12-11 22:09:23 - Ensuring compose stack is running...
2025-12-11 22:10:32 - Service vinted-notifications is not running; attempting to start it.
2025-12-11 22:10:32 - Service vinted-notifications is not running; attempting to start it.
2025-12-11 22:10:32 - Ensuring compose stack is running...
2025-12-11 22:10:32 - Ensuring compose stack is running...
2025-12-11 22:10:42 - Service vinted-notifications is not running; attempting to start it.
2025-12-11 22:10:42 - Service vinted-notifications is not running; attempting to start it.
2025-12-11 22:10:42 - Ensuring compose stack is running...
2025-12-11 22:10:42 - Ensuring compose stack is running...
2025-12-11 22:10:52 - Service vinted-notifications is not running; attempting to start it.
2025-12-11 22:10:52 - Service vinted-notifications is not running; attempting to start it.
2025-12-11 22:10:52 - Ensuring compose stack is running...
2025-12-11 22:10:52 - Ensuring compose stack is running...
2025-12-11 22:11:02 - Service vinted-notifications is not running; attempting to start it.
2025-12-11 22:11:02 - Service vinted-notifications is not running; attempting to start it.
2025-12-11 22:11:02 - Ensuring compose stack is running...
2025-12-11 22:11:02 - Ensuring compose stack is running...
2025-12-11 22:11:12 - Service vinted-notifications is not running; attempting to start it.
2025-12-11 22:11:12 - Service vinted-notifications is not running; attempting to start it.
2025-12-11 22:11:12 - Ensuring compose stack is running...
2025-12-11 22:11:12 - Ensuring compose stack is running...
2025-12-11 22:11:22 - Service vinted-notifications is not running; attempting to start it.
2025-12-11 22:11:22 - Service vinted-notifications is not running; attempting to start it.
2025-12-11 22:11:22 - Ensuring compose stack is running...
2025-12-11 22:11:22 - Ensuring compose stack is running...
2025-12-11 22:11:32 - Service vinted-notifications is not running; attempting to start it.
2025-12-11 22:11:32 - Service vinted-notifications is not running; attempting to start it.
2025-12-11 22:11:32 - Ensuring compose stack is running...
2025-12-11 22:11:32 - Ensuring compose stack is running...
2025-12-11 22:11:42 - Service vinted-notifications is not running; attempting to start it.
2025-12-11 22:11:42 - Service vinted-notifications is not running; attempting to start it.
2025-12-11 22:11:42 - Ensuring compose stack is running...
2025-12-11 22:11:42 - Ensuring compose stack is running...
2025-12-11 22:11:53 - Service vinted-notifications is not running; attempting to start it.
2025-12-11 22:11:53 - Service vinted-notifications is not running; attempting to start it.
2025-12-11 22:11:53 - Ensuring compose stack is running...
2025-12-11 22:11:53 - Ensuring compose stack is running...
2025-12-11 22:12:03 - Service vinted-notifications is not running; attempting to start it.
2025-12-11 22:12:03 - Service vinted-notifications is not running; attempting to start it.
2025-12-11 22:12:03 - Ensuring compose stack is running...
2025-12-11 22:12:03 - Ensuring compose stack is running...
2025-12-11 22:12:13 - Service vinted-notifications is not running; attempting to start it.
2025-12-11 22:12:13 - Service vinted-notifications is not running; attempting to start it.
2025-12-11 22:12:13 - Ensuring compose stack is running...
2025-12-11 22:12:13 - Ensuring compose stack is running...
2025-12-11 22:12:23 - Service vinted-notifications is not running; attempting to start it.
2025-12-11 22:12:23 - Service vinted-notifications is not running; attempting to start it.
2025-12-11 22:12:23 - Ensuring compose stack is running...
2025-12-11 22:12:23 - Ensuring compose stack is running...
2025-12-11 22:12:33 - Service vinted-notifications is not running; attempting to start it.
2025-12-11 22:12:33 - Service vinted-notifications is not running; attempting to start it.
2025-12-11 22:12:33 - Ensuring compose stack is running...
2025-12-11 22:12:33 - Ensuring compose stack is running...
2025-12-11 22:12:43 - Service vinted-notifications is not running; attempting to start it.
2025-12-11 22:12:43 - Service vinted-notifications is not running; attempting to start it.
2025-12-11 22:12:43 - Ensuring compose stack is running...
2025-12-11 22:12:43 - Ensuring compose stack is running...
2025-12-11 22:12:53 - Service vinted-notifications is not running; attempting to start it.
2025-12-11 22:12:53 - Service vinted-notifications is not running; attempting to start it.
2025-12-11 22:12:53 - Ensuring compose stack is running...
2025-12-11 22:12:53 - Ensuring compose stack is running...
2025-12-11 22:13:03 - Service vinted-notifications is not running; attempting to start it.
2025-12-11 22:13:03 - Service vinted-notifications is not running; attempting to start it.
2025-12-11 22:13:03 - Ensuring compose stack is running...
2025-12-11 22:13:03 - Ensuring compose stack is running...
2025-12-11 22:13:14 - Service vinted-notifications is not running; attempting to start it.
2025-12-11 22:13:14 - Service vinted-notifications is not running; attempting to start it.
2025-12-11 22:13:14 - Ensuring compose stack is running...
2025-12-11 22:13:14 - Ensuring compose stack is running...
2025-12-11 22:13:24 - Service vinted-notifications is not running; attempting to start it.
2025-12-11 22:13:24 - Service vinted-notifications is not running; attempting to start it.
2025-12-11 22:13:24 - Ensuring compose stack is running...
2025-12-11 22:13:24 - Ensuring compose stack is running...
2025-12-11 22:13:34 - Service vinted-notifications is not running; attempting to start it.
2025-12-11 22:13:34 - Service vinted-notifications is not running; attempting to start it.
2025-12-11 22:13:34 - Ensuring compose stack is running...
2025-12-11 22:13:34 - Ensuring compose stack is running...
2025-12-11 22:13:44 - Service vinted-notifications is not running; attempting to start it.
2025-12-11 22:13:44 - Service vinted-notifications is not running; attempting to start it.
2025-12-11 22:13:44 - Ensuring compose stack is running...
2025-12-11 22:13:44 - Ensuring compose stack is running...
2025-12-11 22:13:54 - Service vinted-notifications is not running; attempting to start it.
2025-12-11 22:13:54 - Service vinted-notifications is not running; attempting to start it.
2025-12-11 22:13:54 - Ensuring compose stack is running...
2025-12-11 22:13:54 - Ensuring compose stack is running...
2025-12-11 22:14:04 - Service vinted-notifications is not running; attempting to start it.
2025-12-11 22:14:04 - Service vinted-notifications is not running; attempting to start it.
2025-12-11 22:14:04 - Ensuring compose stack is running...
2025-12-11 22:14:04 - Ensuring compose stack is running...
2025-12-11 22:14:14 - Service vinted-notifications is not running; attempting to start it.
2025-12-11 22:14:14 - Service vinted-notifications is not running; attempting to start it.
2025-12-11 22:14:14 - Ensuring compose stack is running...
2025-12-11 22:14:14 - Ensuring compose stack is running...
2025-12-11 22:14:24 - Service vinted-notifications is not running; attempting to start it.
2025-12-11 22:14:24 - Service vinted-notifications is not running; attempting to start it.
2025-12-11 22:14:24 - Ensuring compose stack is running...
2025-12-11 22:14:24 - Ensuring compose stack is running...
2025-12-11 22:14:34 - Service vinted-notifications is not running; attempting to start it.
2025-12-11 22:14:34 - Service vinted-notifications is not running; attempting to start it.
2025-12-11 22:14:34 - Ensuring compose stack is running...
2025-12-11 22:14:34 - Ensuring compose stack is running...
2025-12-11 22:14:44 - Service vinted-notifications is not running; attempting to start it.
2025-12-11 22:14:44 - Service vinted-notifications is not running; attempting to start it.
2025-12-11 22:14:44 - Ensuring compose stack is running...
2025-12-11 22:14:44 - Ensuring compose stack is running...
2025-12-11 22:14:55 - Service vinted-notifications is not running; attempting to start it.
2025-12-11 22:14:55 - Service vinted-notifications is not running; attempting to start it.
2025-12-11 22:14:55 - Ensuring compose stack is running...
2025-12-11 22:14:55 - Ensuring compose stack is running...
2025-12-11 22:15:05 - Service vinted-notifications is not running; attempting to start it.
2025-12-11 22:15:05 - Service vinted-notifications is not running; attempting to start it.
2025-12-11 22:15:05 - Ensuring compose stack is running...
2025-12-11 22:15:05 - Ensuring compose stack is running...
2025-12-11 22:15:15 - Service vinted-notifications is not running; attempting to start it.
2025-12-11 22:15:15 - Service vinted-notifications is not running; attempting to start it.
2025-12-11 22:15:15 - Ensuring compose stack is running...
2025-12-11 22:15:15 - Ensuring compose stack is running...
2025-12-11 22:15:25 - Service vinted-notifications is not running; attempting to start it.
2025-12-11 22:15:25 - Service vinted-notifications is not running; attempting to start it.
2025-12-11 22:15:25 - Ensuring compose stack is running...
2025-12-11 22:15:25 - Ensuring compose stack is running...
2025-12-11 22:15:35 - Service vinted-notifications is not running; attempting to start it.
2025-12-11 22:15:35 - Service vinted-notifications is not running; attempting to start it.
2025-12-11 22:15:35 - Ensuring compose stack is running...
2025-12-11 22:15:35 - Ensuring compose stack is running...
2025-12-11 22:15:45 - Service vinted-notifications is not running; attempting to start it.
2025-12-11 22:15:45 - Service vinted-notifications is not running; attempting to start it.
2025-12-11 22:15:45 - Ensuring compose stack is running...
2025-12-11 22:15:45 - Ensuring compose stack is running...
2025-12-11 22:15:55 - Service vinted-notifications is not running; attempting to start it.
2025-12-11 22:15:55 - Service vinted-notifications is not running; attempting to start it.
2025-12-11 22:15:55 - Ensuring compose stack is running...
2025-12-11 22:15:55 - Ensuring compose stack is running...
2025-12-11 22:16:05 - Service vinted-notifications is not running; attempting to start it.
2025-12-11 22:16:05 - Service vinted-notifications is not running; attempting to start it.
2025-12-11 22:16:05 - Ensuring compose stack is running...
2025-12-11 22:16:05 - Ensuring compose stack is running...
2025-12-11 22:16:15 - Service vinted-notifications is not running; attempting to start it.
2025-12-11 22:16:15 - Service vinted-notifications is not running; attempting to start it.
2025-12-11 22:16:15 - Ensuring compose stack is running...
2025-12-11 22:16:15 - Ensuring compose stack is running...
2025-12-11 22:16:25 - Service vinted-notifications is not running; attempting to start it.
2025-12-11 22:16:25 - Service vinted-notifications is not running; attempting to start it.
2025-12-11 22:16:25 - Ensuring compose stack is running...
2025-12-11 22:16:25 - Ensuring compose stack is running...
2025-12-11 22:16:36 - Service vinted-notifications is not running; attempting to start it.
2025-12-11 22:16:36 - Service vinted-notifications is not running; attempting to start it.
2025-12-11 22:16:36 - Ensuring compose stack is running...
2025-12-11 22:16:36 - Ensuring compose stack is running...
2025-12-11 22:16:46 - Service vinted-notifications is not running; attempting to start it.
2025-12-11 22:16:46 - Service vinted-notifications is not running; attempting to start it.
2025-12-11 22:16:46 - Ensuring compose stack is running...
2025-12-11 22:16:46 - Ensuring compose stack is running...
2025-12-11 22:16:56 - Service vinted-notifications is not running; attempting to start it.
2025-12-11 22:16:56 - Service vinted-notifications is not running; attempting to start it.
2025-12-11 22:16:56 - Ensuring compose stack is running...
2025-12-11 22:16:56 - Ensuring compose stack is running...
2025-12-11 22:17:06 - Service vinted-notifications is not running; attempting to start it.
2025-12-11 22:17:06 - Service vinted-notifications is not running; attempting to start it.
2025-12-11 22:17:06 - Ensuring compose stack is running...
2025-12-11 22:17:06 - Ensuring compose stack is running...
2025-12-11 22:17:16 - Service vinted-notifications is not running; attempting to start it.
2025-12-11 22:17:16 - Service vinted-notifications is not running; attempting to start it.
2025-12-11 22:17:16 - Ensuring compose stack is running...
2025-12-11 22:17:16 - Ensuring compose stack is running...
2025-12-11 22:17:26 - Service vinted-notifications is not running; attempting to start it.
2025-12-11 22:17:26 - Service vinted-notifications is not running; attempting to start it.
2025-12-11 22:17:26 - Ensuring compose stack is running...
2025-12-11 22:17:26 - Ensuring compose stack is running...
2025-12-11 22:17:36 - Service vinted-notifications is not running; attempting to start it.
2025-12-11 22:17:36 - Service vinted-notifications is not running; attempting to start it.
2025-12-11 22:17:36 - Ensuring compose stack is running...
2025-12-11 22:17:36 - Ensuring compose stack is running...
2025-12-11 22:17:46 - Service vinted-notifications is not running; attempting to start it.
2025-12-11 22:17:46 - Service vinted-notifications is not running; attempting to start it.
2025-12-11 22:17:46 - Ensuring compose stack is running...
2025-12-11 22:17:46 - Ensuring compose stack is running...
2025-12-11 22:17:56 - Service vinted-notifications is not running; attempting to start it.
2025-12-11 22:17:56 - Service vinted-notifications is not running; attempting to start it.
2025-12-11 22:17:56 - Ensuring compose stack is running...
2025-12-11 22:17:56 - Ensuring compose stack is running...
2025-12-11 22:18:07 - Service vinted-notifications is not running; attempting to start it.
2025-12-11 22:18:07 - Service vinted-notifications is not running; attempting to start it.
2025-12-11 22:18:07 - Ensuring compose stack is running...
2025-12-11 22:18:07 - Ensuring compose stack is running...
2025-12-11 22:18:17 - Service vinted-notifications is not running; attempting to start it.
2025-12-11 22:18:17 - Service vinted-notifications is not running; attempting to start it.
2025-12-11 22:18:17 - Ensuring compose stack is running...
2025-12-11 22:18:17 - Ensuring compose stack is running...
2025-12-11 22:18:27 - Service vinted-notifications is not running; attempting to start it.
2025-12-11 22:18:27 - Service vinted-notifications is not running; attempting to start it.
2025-12-11 22:18:27 - Ensuring compose stack is running...
2025-12-11 22:18:27 - Ensuring compose stack is running...
2025-12-11 22:18:37 - Service vinted-notifications is not running; attempting to start it.
2025-12-11 22:18:37 - Service vinted-notifications is not running; attempting to start it.
2025-12-11 22:18:37 - Ensuring compose stack is running...
2025-12-11 22:18:37 - Ensuring compose stack is running...
2025-12-11 22:18:47 - Service vinted-notifications is not running; attempting to start it.
2025-12-11 22:18:47 - Service vinted-notifications is not running; attempting to start it.
2025-12-11 22:18:47 - Ensuring compose stack is running...
2025-12-11 22:18:47 - Ensuring compose stack is running...
2025-12-11 22:18:57 - Service vinted-notifications is not running; attempting to start it.
2025-12-11 22:18:57 - Service vinted-notifications is not running; attempting to start it.
2025-12-11 22:18:57 - Ensuring compose stack is running...
2025-12-11 22:18:57 - Ensuring compose stack is running...
2025-12-11 22:19:07 - Service vinted-notifications is not running; attempting to start it.
2025-12-11 22:19:07 - Service vinted-notifications is not running; attempting to start it.
2025-12-11 22:19:07 - Ensuring compose stack is running...
2025-12-11 22:19:07 - Ensuring compose stack is running...
2025-12-11 22:19:17 - Service vinted-notifications is not running; attempting to start it.
2025-12-11 22:19:17 - Service vinted-notifications is not running; attempting to start it.
2025-12-11 22:19:17 - Ensuring compose stack is running...
2025-12-11 22:19:17 - Ensuring compose stack is running...
2025-12-11 22:19:27 - Service vinted-notifications is not running; attempting to start it.
2025-12-11 22:19:27 - Service vinted-notifications is not running; attempting to start it.
2025-12-11 22:19:27 - Ensuring compose stack is running...
2025-12-11 22:19:27 - Ensuring compose stack is running...
2025-12-11 22:19:37 - Service vinted-notifications is not running; attempting to start it.
2025-12-11 22:19:37 - Service vinted-notifications is not running; attempting to start it.
2025-12-11 22:19:37 - Ensuring compose stack is running...
2025-12-11 22:19:37 - Ensuring compose stack is running...
2025-12-11 22:19:48 - Service vinted-notifications is not running; attempting to start it.
2025-12-11 22:19:48 - Service vinted-notifications is not running; attempting to start it.
2025-12-11 22:19:48 - Ensuring compose stack is running...
2025-12-11 22:19:48 - Ensuring compose stack is running...
2025-12-11 22:19:58 - Service vinted-notifications is not running; attempting to start it.
2025-12-11 22:19:58 - Service vinted-notifications is not running; attempting to start it.
2025-12-11 22:19:58 - Ensuring compose stack is running...
2025-12-11 22:19:58 - Ensuring compose stack is running...
2025-12-11 22:20:08 - Service vinted-notifications is not running; attempting to start it.
2025-12-11 22:20:08 - Service vinted-notifications is not running; attempting to start it.
2025-12-11 22:20:08 - Ensuring compose stack is running...
2025-12-11 22:20:08 - Ensuring compose stack is running...
2025-12-11 22:20:18 - Service vinted-notifications is not running; attempting to start it.
2025-12-11 22:20:18 - Service vinted-notifications is not running; attempting to start it.
2025-12-11 22:20:18 - Ensuring compose stack is running...
2025-12-11 22:20:18 - Ensuring compose stack is running...
2025-12-11 22:20:28 - Service vinted-notifications is not running; attempting to start it.
2025-12-11 22:20:28 - Service vinted-notifications is not running; attempting to start it.
2025-12-11 22:20:28 - Ensuring compose stack is running...
2025-12-11 22:20:28 - Ensuring compose stack is running...
2025-12-11 22:20:38 - Service vinted-notifications is not running; attempting to start it.
2025-12-11 22:20:38 - Service vinted-notifications is not running; attempting to start it.
2025-12-11 22:20:38 - Ensuring compose stack is running...
2025-12-11 22:20:38 - Ensuring compose stack is running...
2025-12-11 22:20:48 - Service vinted-notifications is not running; attempting to start it.
2025-12-11 22:20:48 - Service vinted-notifications is not running; attempting to start it.
2025-12-11 22:20:48 - Ensuring compose stack is running...
2025-12-11 22:20:48 - Ensuring compose stack is running...
2025-12-11 22:20:58 - Service vinted-notifications is not running; attempting to start it.
2025-12-11 22:20:58 - Service vinted-notifications is not running; attempting to start it.
2025-12-11 22:20:58 - Ensuring compose stack is running...
2025-12-11 22:20:58 - Ensuring compose stack is running...
2025-12-11 22:21:08 - Service vinted-notifications is not running; attempting to start it.
2025-12-11 22:21:08 - Service vinted-notifications is not running; attempting to start it.
2025-12-11 22:21:08 - Ensuring compose stack is running...
2025-12-11 22:21:08 - Ensuring compose stack is running...
2025-12-11 22:21:18 - Service vinted-notifications is not running; attempting to start it.
2025-12-11 22:21:18 - Service vinted-notifications is not running; attempting to start it.
2025-12-11 22:21:18 - Ensuring compose stack is running...
2025-12-11 22:21:18 - Ensuring compose stack is running...
2025-12-11 22:21:28 - Service vinted-notifications is not running; attempting to start it.
2025-12-11 22:21:28 - Service vinted-notifications is not running; attempting to start it.
2025-12-11 22:21:28 - Ensuring compose stack is running...
2025-12-11 22:21:28 - Ensuring compose stack is running...
2025-12-11 22:21:39 - Service vinted-notifications is not running; attempting to start it.
2025-12-11 22:21:39 - Service vinted-notifications is not running; attempting to start it.
2025-12-11 22:21:39 - Ensuring compose stack is running...
2025-12-11 22:21:39 - Ensuring compose stack is running...
2025-12-11 22:21:49 - Service vinted-notifications is not running; attempting to start it.
2025-12-11 22:21:49 - Service vinted-notifications is not running; attempting to start it.
2025-12-11 22:21:49 - Ensuring compose stack is running...
2025-12-11 22:21:49 - Ensuring compose stack is running...
2025-12-11 22:21:59 - Service vinted-notifications is not running; attempting to start it.
2025-12-11 22:21:59 - Service vinted-notifications is not running; attempting to start it.
2025-12-11 22:21:59 - Ensuring compose stack is running...
2025-12-11 22:21:59 - Ensuring compose stack is running...
2025-12-11 22:22:09 - Service vinted-notifications is not running; attempting to start it.
2025-12-11 22:22:09 - Service vinted-notifications is not running; attempting to start it.
2025-12-11 22:22:09 - Ensuring compose stack is running...
2025-12-11 22:22:09 - Ensuring compose stack is running...
2025-12-11 22:22:19 - Service vinted-notifications is not running; attempting to start it.
2025-12-11 22:22:19 - Service vinted-notifications is not running; attempting to start it.
2025-12-11 22:22:19 - Ensuring compose stack is running...
2025-12-11 22:22:19 - Ensuring compose stack is running...
2025-12-11 22:22:29 - Service vinted-notifications is not running; attempting to start it.
2025-12-11 22:22:29 - Service vinted-notifications is not running; attempting to start it.
2025-12-11 22:22:29 - Ensuring compose stack is running...
2025-12-11 22:22:29 - Ensuring compose stack is running...
2025-12-11 22:22:39 - Service vinted-notifications is not running; attempting to start it.
2025-12-11 22:22:39 - Service vinted-notifications is not running; attempting to start it.
2025-12-11 22:22:39 - Ensuring compose stack is running...
2025-12-11 22:22:39 - Ensuring compose stack is running...
2025-12-11 22:22:49 - Service vinted-notifications is not running; attempting to start it.
2025-12-11 22:22:49 - Service vinted-notifications is not running; attempting to start it.
2025-12-11 22:22:49 - Ensuring compose stack is running...
2025-12-11 22:22:49 - Ensuring compose stack is running...
2025-12-11 22:23:00 - Service vinted-notifications is not running; attempting to start it.
2025-12-11 22:23:00 - Service vinted-notifications is not running; attempting to start it.
2025-12-11 22:23:00 - Ensuring compose stack is running...
2025-12-11 22:23:00 - Ensuring compose stack is running...
2025-12-11 22:23:10 - Service vinted-notifications is not running; attempting to start it.
2025-12-11 22:23:10 - Service vinted-notifications is not running; attempting to start it.
2025-12-11 22:23:10 - Ensuring compose stack is running...
2025-12-11 22:23:10 - Ensuring compose stack is running...
2025-12-11 22:23:20 - Service vinted-notifications is not running; attempting to start it.
2025-12-11 22:23:20 - Service vinted-notifications is not running; attempting to start it.
2025-12-11 22:23:20 - Ensuring compose stack is running...
2025-12-11 22:23:20 - Ensuring compose stack is running...
2025-12-11 22:23:30 - Service vinted-notifications is not running; attempting to start it.
2025-12-11 22:23:30 - Service vinted-notifications is not running; attempting to start it.
2025-12-11 22:23:30 - Ensuring compose stack is running...
2025-12-11 22:23:30 - Ensuring compose stack is running...
2025-12-11 22:23:40 - Service vinted-notifications is not running; attempting to start it.
2025-12-11 22:23:40 - Service vinted-notifications is not running; attempting to start it.
2025-12-11 22:23:40 - Ensuring compose stack is running...
2025-12-11 22:23:40 - Ensuring compose stack is running...
2025-12-11 22:23:50 - Service vinted-notifications is not running; attempting to start it.
2025-12-11 22:23:50 - Service vinted-notifications is not running; attempting to start it.
2025-12-11 22:23:50 - Ensuring compose stack is running...
2025-12-11 22:23:50 - Ensuring compose stack is running...
2025-12-11 22:24:00 - Service vinted-notifications is not running; attempting to start it.
2025-12-11 22:24:00 - Service vinted-notifications is not running; attempting to start it.
2025-12-11 22:24:00 - Ensuring compose stack is running...
2025-12-11 22:24:00 - Ensuring compose stack is running...
2025-12-11 22:24:10 - Service vinted-notifications is not running; attempting to start it.
2025-12-11 22:24:10 - Service vinted-notifications is not running; attempting to start it.
2025-12-11 22:24:10 - Ensuring compose stack is running...
2025-12-11 22:24:10 - Ensuring compose stack is running...
2025-12-11 22:24:20 - Service vinted-notifications is not running; attempting to start it.
2025-12-11 22:24:20 - Service vinted-notifications is not running; attempting to start it.
2025-12-11 22:24:20 - Ensuring compose stack is running...
2025-12-11 22:24:20 - Ensuring compose stack is running...
2025-12-11 22:24:30 - Service vinted-notifications is not running; attempting to start it.
2025-12-11 22:24:30 - Service vinted-notifications is not running; attempting to start it.
2025-12-11 22:24:30 - Ensuring compose stack is running...
2025-12-11 22:24:30 - Ensuring compose stack is running...
2025-12-11 22:24:41 - Service vinted-notifications is not running; attempting to start it.
2025-12-11 22:24:41 - Service vinted-notifications is not running; attempting to start it.
2025-12-11 22:24:41 - Ensuring compose stack is running...
2025-12-11 22:24:41 - Ensuring compose stack is running...
2025-12-11 22:24:51 - Service vinted-notifications is not running; attempting to start it.
2025-12-11 22:24:51 - Service vinted-notifications is not running; attempting to start it.
2025-12-11 22:24:51 - Ensuring compose stack is running...
2025-12-11 22:24:51 - Ensuring compose stack is running...
2025-12-11 22:25:01 - Service vinted-notifications is not running; attempting to start it.
2025-12-11 22:25:01 - Service vinted-notifications is not running; attempting to start it.
2025-12-11 22:25:01 - Ensuring compose stack is running...
2025-12-11 22:25:01 - Ensuring compose stack is running...
2025-12-11 22:25:11 - Service vinted-notifications is not running; attempting to start it.
2025-12-11 22:25:11 - Service vinted-notifications is not running; attempting to start it.
2025-12-11 22:25:11 - Ensuring compose stack is running...
2025-12-11 22:25:11 - Ensuring compose stack is running...
2025-12-11 22:25:21 - Service vinted-notifications is not running; attempting to start it.
2025-12-11 22:25:21 - Service vinted-notifications is not running; attempting to start it.
2025-12-11 22:25:21 - Ensuring compose stack is running...
2025-12-11 22:25:21 - Ensuring compose stack is running...
2025-12-11 22:25:31 - Service vinted-notifications is not running; attempting to start it.
2025-12-11 22:25:31 - Service vinted-notifications is not running; attempting to start it.
2025-12-11 22:25:31 - Ensuring compose stack is running...
2025-12-11 22:25:31 - Ensuring compose stack is running...
2025-12-11 22:25:41 - Service vinted-notifications is not running; attempting to start it.
2025-12-11 22:25:41 - Service vinted-notifications is not running; attempting to start it.
2025-12-11 22:25:41 - Ensuring compose stack is running...
2025-12-11 22:25:41 - Ensuring compose stack is running...
2025-12-11 22:25:52 - Service vinted-notifications is not running; attempting to start it.
2025-12-11 22:25:52 - Service vinted-notifications is not running; attempting to start it.
2025-12-11 22:25:52 - Ensuring compose stack is running...
2025-12-11 22:25:52 - Ensuring compose stack is running...
2025-12-11 22:26:02 - Service vinted-notifications is not running; attempting to start it.
2025-12-11 22:26:02 - Service vinted-notifications is not running; attempting to start it.
2025-12-11 22:26:02 - Ensuring compose stack is running...
2025-12-11 22:26:02 - Ensuring compose stack is running...
2025-12-11 22:26:12 - Service vinted-notifications is not running; attempting to start it.
2025-12-11 22:26:12 - Service vinted-notifications is not running; attempting to start it.
2025-12-11 22:26:12 - Ensuring compose stack is running...
2025-12-11 22:26:12 - Ensuring compose stack is running...
2025-12-11 22:26:22 - Service vinted-notifications is not running; attempting to start it.
2025-12-11 22:26:22 - Service vinted-notifications is not running; attempting to start it.
2025-12-11 22:26:22 - Ensuring compose stack is running...
2025-12-11 22:26:22 - Ensuring compose stack is running...
2025-12-11 22:26:32 - Service vinted-notifications is not running; attempting to start it.
2025-12-11 22:26:32 - Service vinted-notifications is not running; attempting to start it.
2025-12-11 22:26:32 - Ensuring compose stack is running...
2025-12-11 22:26:32 - Ensuring compose stack is running...
2025-12-11 22:26:42 - Service vinted-notifications is not running; attempting to start it.
2025-12-11 22:26:42 - Service vinted-notifications is not running; attempting to start it.
2025-12-11 22:26:42 - Ensuring compose stack is running...
2025-12-11 22:26:42 - Ensuring compose stack is running...
2025-12-11 22:26:52 - Service vinted-notifications is not running; attempting to start it.
2025-12-11 22:26:52 - Service vinted-notifications is not running; attempting to start it.
2025-12-11 22:26:52 - Ensuring compose stack is running...
2025-12-11 22:26:52 - Ensuring compose stack is running...
2025-12-11 22:27:02 - Service vinted-notifications is not running; attempting to start it.
2025-12-11 22:27:02 - Service vinted-notifications is not running; attempting to start it.
2025-12-11 22:27:02 - Ensuring compose stack is running...
2025-12-11 22:27:02 - Ensuring compose stack is running...
2025-12-11 22:27:12 - Service vinted-notifications is not running; attempting to start it.
2025-12-11 22:27:12 - Service vinted-notifications is not running; attempting to start it.
2025-12-11 22:27:12 - Ensuring compose stack is running...
2025-12-11 22:27:12 - Ensuring compose stack is running...
2025-12-11 22:27:23 - Service vinted-notifications is not running; attempting to start it.
2025-12-11 22:27:23 - Service vinted-notifications is not running; attempting to start it.
2025-12-11 22:27:23 - Ensuring compose stack is running...
2025-12-11 22:27:23 - Ensuring compose stack is running...
2025-12-11 22:27:33 - Service vinted-notifications is not running; attempting to start it.
2025-12-11 22:27:33 - Service vinted-notifications is not running; attempting to start it.
2025-12-11 22:27:33 - Ensuring compose stack is running...
2025-12-11 22:27:33 - Ensuring compose stack is running...
2025-12-11 22:27:43 - Service vinted-notifications is not running; attempting to start it.
2025-12-11 22:27:43 - Service vinted-notifications is not running; attempting to start it.
2025-12-11 22:27:43 - Ensuring compose stack is running...
2025-12-11 22:27:43 - Ensuring compose stack is running...
2025-12-11 22:27:53 - Service vinted-notifications is not running; attempting to start it.
2025-12-11 22:27:53 - Service vinted-notifications is not running; attempting to start it.
2025-12-11 22:27:53 - Ensuring compose stack is running...
2025-12-11 22:27:53 - Ensuring compose stack is running...
2025-12-11 22:28:03 - Service vinted-notifications is not running; attempting to start it.
2025-12-11 22:28:03 - Service vinted-notifications is not running; attempting to start it.
2025-12-11 22:28:03 - Ensuring compose stack is running...
2025-12-11 22:28:03 - Ensuring compose stack is running...
2025-12-11 22:28:13 - Service vinted-notifications is not running; attempting to start it.
2025-12-11 22:28:13 - Service vinted-notifications is not running; attempting to start it.
2025-12-11 22:28:13 - Ensuring compose stack is running...
2025-12-11 22:28:13 - Ensuring compose stack is running...
2025-12-11 22:28:23 - Service vinted-notifications is not running; attempting to start it.
2025-12-11 22:28:23 - Service vinted-notifications is not running; attempting to start it.
2025-12-11 22:28:23 - Ensuring compose stack is running...
2025-12-11 22:28:23 - Ensuring compose stack is running...
2025-12-11 22:28:33 - Service vinted-notifications is not running; attempting to start it.
2025-12-11 22:28:33 - Service vinted-notifications is not running; attempting to start it.
2025-12-11 22:28:33 - Ensuring compose stack is running...
2025-12-11 22:28:33 - Ensuring compose stack is running...
2025-12-11 22:28:44 - Service vinted-notifications is not running; attempting to start it.
2025-12-11 22:28:44 - Service vinted-notifications is not running; attempting to start it.
2025-12-11 22:28:44 - Ensuring compose stack is running...
2025-12-11 22:28:44 - Ensuring compose stack is running...
2025-12-11 22:28:54 - Service vinted-notifications is not running; attempting to start it.
2025-12-11 22:28:54 - Service vinted-notifications is not running; attempting to start it.
2025-12-11 22:28:54 - Ensuring compose stack is running...
2025-12-11 22:28:54 - Ensuring compose stack is running...
2025-12-11 22:29:04 - Service vinted-notifications is not running; attempting to start it.
2025-12-11 22:29:04 - Service vinted-notifications is not running; attempting to start it.
2025-12-11 22:29:04 - Ensuring compose stack is running...
2025-12-11 22:29:04 - Ensuring compose stack is running...
2025-12-11 22:29:14 - Service vinted-notifications is not running; attempting to start it.
2025-12-11 22:29:14 - Service vinted-notifications is not running; attempting to start it.
2025-12-11 22:29:14 - Ensuring compose stack is running...
2025-12-11 22:29:14 - Ensuring compose stack is running...
2025-12-11 22:29:24 - Service vinted-notifications is not running; attempting to start it.
2025-12-11 22:29:24 - Service vinted-notifications is not running; attempting to start it.
2025-12-11 22:29:24 - Ensuring compose stack is running...
2025-12-11 22:29:24 - Ensuring compose stack is running...
2025-12-11 22:29:34 - Service vinted-notifications is not running; attempting to start it.
2025-12-11 22:29:34 - Service vinted-notifications is not running; attempting to start it.
2025-12-11 22:29:34 - Ensuring compose stack is running...
2025-12-11 22:29:34 - Ensuring compose stack is running...
2025-12-11 22:29:44 - Service vinted-notifications is not running; attempting to start it.
2025-12-11 22:29:44 - Service vinted-notifications is not running; attempting to start it.
2025-12-11 22:29:44 - Ensuring compose stack is running...
2025-12-11 22:29:44 - Ensuring compose stack is running...
2025-12-11 22:29:54 - Service vinted-notifications is not running; attempting to start it.
2025-12-11 22:29:54 - Service vinted-notifications is not running; attempting to start it.
2025-12-11 22:29:54 - Ensuring compose stack is running...
2025-12-11 22:29:54 - Ensuring compose stack is running...
2025-12-11 22:30:05 - Service vinted-notifications is not running; attempting to start it.
2025-12-11 22:30:05 - Service vinted-notifications is not running; attempting to start it.
2025-12-11 22:30:05 - Ensuring compose stack is running...
2025-12-11 22:30:05 - Ensuring compose stack is running...
2025-12-11 22:30:15 - Service vinted-notifications is not running; attempting to start it.
2025-12-11 22:30:15 - Service vinted-notifications is not running; attempting to start it.
2025-12-11 22:30:15 - Ensuring compose stack is running...
2025-12-11 22:30:15 - Ensuring compose stack is running...
2025-12-11 22:30:25 - Service vinted-notifications is not running; attempting to start it.
2025-12-11 22:30:25 - Service vinted-notifications is not running; attempting to start it.
2025-12-11 22:30:25 - Ensuring compose stack is running...
2025-12-11 22:30:25 - Ensuring compose stack is running...
2025-12-11 22:30:35 - Service vinted-notifications is not running; attempting to start it.
2025-12-11 22:30:35 - Service vinted-notifications is not running; attempting to start it.
2025-12-11 22:30:35 - Ensuring compose stack is running...
2025-12-11 22:30:35 - Ensuring compose stack is running...
2025-12-11 22:30:45 - Service vinted-notifications is not running; attempting to start it.
2025-12-11 22:30:45 - Service vinted-notifications is not running; attempting to start it.
2025-12-11 22:30:45 - Ensuring compose stack is running...
2025-12-11 22:30:45 - Ensuring compose stack is running...
2025-12-11 22:30:55 - Service vinted-notifications is not running; attempting to start it.
2025-12-11 22:30:55 - Service vinted-notifications is not running; attempting to start it.
2025-12-11 22:30:55 - Ensuring compose stack is running...
2025-12-11 22:30:55 - Ensuring compose stack is running...
2025-12-11 22:31:05 - Service vinted-notifications is not running; attempting to start it.
2025-12-11 22:31:05 - Service vinted-notifications is not running; attempting to start it.
2025-12-11 22:31:05 - Ensuring compose stack is running...
2025-12-11 22:31:05 - Ensuring compose stack is running...
2025-12-11 22:31:16 - Service vinted-notifications is not running; attempting to start it.
2025-12-11 22:31:16 - Service vinted-notifications is not running; attempting to start it.
2025-12-11 22:31:16 - Ensuring compose stack is running...
2025-12-11 22:31:16 - Ensuring compose stack is running...
2025-12-11 22:31:26 - Service vinted-notifications is not running; attempting to start it.
2025-12-11 22:31:26 - Service vinted-notifications is not running; attempting to start it.
2025-12-11 22:31:26 - Ensuring compose stack is running...
2025-12-11 22:31:26 - Ensuring compose stack is running...
2025-12-11 22:31:36 - Service vinted-notifications is not running; attempting to start it.
2025-12-11 22:31:36 - Service vinted-notifications is not running; attempting to start it.
2025-12-11 22:31:36 - Ensuring compose stack is running...
2025-12-11 22:31:36 - Ensuring compose stack is running...
2025-12-11 22:31:46 - Service vinted-notifications is not running; attempting to start it.
2025-12-11 22:31:46 - Service vinted-notifications is not running; attempting to start it.
2025-12-11 22:31:46 - Ensuring compose stack is running...
2025-12-11 22:31:46 - Ensuring compose stack is running...
2025-12-11 22:31:56 - Service vinted-notifications is not running; attempting to start it.
2025-12-11 22:31:56 - Service vinted-notifications is not running; attempting to start it.
2025-12-11 22:31:56 - Ensuring compose stack is running...
2025-12-11 22:31:56 - Ensuring compose stack is running...
2025-12-11 22:32:06 - Service vinted-notifications is not running; attempting to start it.
2025-12-11 22:32:06 - Service vinted-notifications is not running; attempting to start it.
2025-12-11 22:32:06 - Ensuring compose stack is running...
2025-12-11 22:32:06 - Ensuring compose stack is running...
2025-12-11 22:32:16 - Service vinted-notifications is not running; attempting to start it.
2025-12-11 22:32:16 - Service vinted-notifications is not running; attempting to start it.
2025-12-11 22:32:16 - Ensuring compose stack is running...
2025-12-11 22:32:16 - Ensuring compose stack is running...
2025-12-11 22:32:26 - Service vinted-notifications is not running; attempting to start it.
2025-12-11 22:32:26 - Service vinted-notifications is not running; attempting to start it.
2025-12-11 22:32:26 - Ensuring compose stack is running...
2025-12-11 22:32:26 - Ensuring compose stack is running...
2025-12-11 22:32:36 - Service vinted-notifications is not running; attempting to start it.
2025-12-11 22:32:36 - Service vinted-notifications is not running; attempting to start it.
2025-12-11 22:32:36 - Ensuring compose stack is running...
2025-12-11 22:32:36 - Ensuring compose stack is running...
2025-12-11 22:32:46 - Service vinted-notifications is not running; attempting to start it.
2025-12-11 22:32:46 - Service vinted-notifications is not running; attempting to start it.
2025-12-11 22:32:46 - Ensuring compose stack is running...
2025-12-11 22:32:46 - Ensuring compose stack is running...
2025-12-11 22:32:56 - Service vinted-notifications is not running; attempting to start it.
2025-12-11 22:32:56 - Service vinted-notifications is not running; attempting to start it.
2025-12-11 22:32:56 - Ensuring compose stack is running...
2025-12-11 22:32:56 - Ensuring compose stack is running...
2025-12-11 22:33:17 - Service vinted-notifications is not running; attempting to start it.
2025-12-11 22:33:17 - Service vinted-notifications is not running; attempting to start it.
2025-12-11 22:33:17 - Ensuring compose stack is running...
2025-12-11 22:33:17 - Ensuring compose stack is running...
2025-12-11 22:33:27 - Service vinted-notifications is not running; attempting to start it.
2025-12-11 22:33:27 - Service vinted-notifications is not running; attempting to start it.
2025-12-11 22:33:27 - Ensuring compose stack is running...
2025-12-11 22:33:27 - Ensuring compose stack is running...
2025-12-11 22:33:37 - Service vinted-notifications is not running; attempting to start it.
2025-12-11 22:33:37 - Service vinted-notifications is not running; attempting to start it.
2025-12-11 22:33:37 - Ensuring compose stack is running...
2025-12-11 22:33:37 - Ensuring compose stack is running...
2025-12-11 22:33:47 - Service vinted-notifications is not running; attempting to start it.
2025-12-11 22:33:47 - Service vinted-notifications is not running; attempting to start it.
2025-12-11 22:33:47 - Ensuring compose stack is running...
2025-12-11 22:33:47 - Ensuring compose stack is running...
2025-12-11 22:33:57 - Service vinted-notifications is not running; attempting to start it.
2025-12-11 22:33:57 - Service vinted-notifications is not running; attempting to start it.
2025-12-11 22:33:57 - Ensuring compose stack is running...
2025-12-11 22:33:57 - Ensuring compose stack is running...
2025-12-11 22:34:08 - Service vinted-notifications is not running; attempting to start it.
2025-12-11 22:34:08 - Service vinted-notifications is not running; attempting to start it.
2025-12-11 22:34:08 - Ensuring compose stack is running...
2025-12-11 22:34:08 - Ensuring compose stack is running...
2025-12-11 22:34:18 - Service vinted-notifications is not running; attempting to start it.
2025-12-11 22:34:18 - Service vinted-notifications is not running; attempting to start it.
2025-12-11 22:34:18 - Ensuring compose stack is running...
2025-12-11 22:34:18 - Ensuring compose stack is running...
2025-12-11 22:34:28 - Service vinted-notifications is not running; attempting to start it.
2025-12-11 22:34:28 - Service vinted-notifications is not running; attempting to start it.
2025-12-11 22:34:28 - Ensuring compose stack is running...
2025-12-11 22:34:28 - Ensuring compose stack is running...
2025-12-11 22:34:38 - Service vinted-notifications is not running; attempting to start it.
2025-12-11 22:34:38 - Service vinted-notifications is not running; attempting to start it.
2025-12-11 22:34:38 - Ensuring compose stack is running...
2025-12-11 22:34:38 - Ensuring compose stack is running...
2025-12-11 22:34:48 - Service vinted-notifications is not running; attempting to start it.
2025-12-11 22:34:48 - Service vinted-notifications is not running; attempting to start it.
2025-12-11 22:34:48 - Ensuring compose stack is running...
2025-12-11 22:34:48 - Ensuring compose stack is running...
2025-12-11 22:34:58 - Service vinted-notifications is not running; attempting to start it.
2025-12-11 22:34:58 - Service vinted-notifications is not running; attempting to start it.
2025-12-11 22:34:58 - Ensuring compose stack is running...
2025-12-11 22:34:58 - Ensuring compose stack is running...
2025-12-11 22:35:08 - Service vinted-notifications is not running; attempting to start it.
2025-12-11 22:35:08 - Service vinted-notifications is not running; attempting to start it.
2025-12-11 22:35:08 - Ensuring compose stack is running...
2025-12-11 22:35:08 - Ensuring compose stack is running...
2025-12-11 22:35:18 - Service vinted-notifications is not running; attempting to start it.
2025-12-11 22:35:18 - Service vinted-notifications is not running; attempting to start it.
2025-12-11 22:35:18 - Ensuring compose stack is running...
2025-12-11 22:35:18 - Ensuring compose stack is running...
2025-12-11 22:35:29 - Service vinted-notifications is not running; attempting to start it.
2025-12-11 22:35:29 - Service vinted-notifications is not running; attempting to start it.
2025-12-11 22:35:29 - Ensuring compose stack is running...
2025-12-11 22:35:29 - Ensuring compose stack is running...
2025-12-11 22:35:39 - Service vinted-notifications is not running; attempting to start it.
2025-12-11 22:35:39 - Service vinted-notifications is not running; attempting to start it.
2025-12-11 22:35:39 - Ensuring compose stack is running...
2025-12-11 22:35:39 - Ensuring compose stack is running...
2025-12-11 22:35:49 - Service vinted-notifications is not running; attempting to start it.
2025-12-11 22:35:49 - Service vinted-notifications is not running; attempting to start it.
2025-12-11 22:35:49 - Ensuring compose stack is running...
2025-12-11 22:35:49 - Ensuring compose stack is running...
2025-12-11 22:35:59 - Service vinted-notifications is not running; attempting to start it.
2025-12-11 22:35:59 - Service vinted-notifications is not running; attempting to start it.
2025-12-11 22:35:59 - Ensuring compose stack is running...
2025-12-11 22:35:59 - Ensuring compose stack is running...
2025-12-11 22:36:09 - Service vinted-notifications is not running; attempting to start it.
2025-12-11 22:36:09 - Service vinted-notifications is not running; attempting to start it.
2025-12-11 22:36:09 - Ensuring compose stack is running...
2025-12-11 22:36:09 - Ensuring compose stack is running...
2025-12-11 22:36:19 - Service vinted-notifications is not running; attempting to start it.
2025-12-11 22:36:19 - Service vinted-notifications is not running; attempting to start it.
2025-12-11 22:36:19 - Ensuring compose stack is running...
2025-12-11 22:36:19 - Ensuring compose stack is running...
2025-12-11 22:36:29 - Service vinted-notifications is not running; attempting to start it.
2025-12-11 22:36:29 - Service vinted-notifications is not running; attempting to start it.
2025-12-11 22:36:29 - Ensuring compose stack is running...
2025-12-11 22:36:29 - Ensuring compose stack is running...
2025-12-11 22:36:39 - Service vinted-notifications is not running; attempting to start it.
2025-12-11 22:36:39 - Service vinted-notifications is not running; attempting to start it.
2025-12-11 22:36:39 - Ensuring compose stack is running...
2025-12-11 22:36:39 - Ensuring compose stack is running...
2025-12-11 22:36:49 - Service vinted-notifications is not running; attempting to start it.
2025-12-11 22:36:49 - Service vinted-notifications is not running; attempting to start it.
2025-12-11 22:36:49 - Ensuring compose stack is running...
2025-12-11 22:36:49 - Ensuring compose stack is running...
2025-12-11 22:36:59 - Service vinted-notifications is not running; attempting to start it.
2025-12-11 22:36:59 - Service vinted-notifications is not running; attempting to start it.
2025-12-11 22:36:59 - Ensuring compose stack is running...
2025-12-11 22:36:59 - Ensuring compose stack is running...
2025-12-11 22:37:10 - Service vinted-notifications is not running; attempting to start it.
2025-12-11 22:37:10 - Service vinted-notifications is not running; attempting to start it.
2025-12-11 22:37:10 - Ensuring compose stack is running...
2025-12-11 22:37:10 - Ensuring compose stack is running...
2025-12-11 22:37:20 - Service vinted-notifications is not running; attempting to start it.
2025-12-11 22:37:20 - Service vinted-notifications is not running; attempting to start it.
2025-12-11 22:37:20 - Ensuring compose stack is running...
2025-12-11 22:37:20 - Ensuring compose stack is running...
2025-12-11 22:37:30 - Service vinted-notifications is not running; attempting to start it.
2025-12-11 22:37:30 - Service vinted-notifications is not running; attempting to start it.
2025-12-11 22:37:30 - Ensuring compose stack is running...
2025-12-11 22:37:30 - Ensuring compose stack is running...
2025-12-11 22:37:40 - Service vinted-notifications is not running; attempting to start it.
2025-12-11 22:37:40 - Service vinted-notifications is not running; attempting to start it.
2025-12-11 22:37:40 - Ensuring compose stack is running...
2025-12-11 22:37:40 - Ensuring compose stack is running...
2025-12-11 22:37:50 - Service vinted-notifications is not running; attempting to start it.
2025-12-11 22:37:50 - Service vinted-notifications is not running; attempting to start it.
2025-12-11 22:37:50 - Ensuring compose stack is running...
2025-12-11 22:37:50 - Ensuring compose stack is running...
2025-12-11 22:38:00 - Service vinted-notifications is not running; attempting to start it.
2025-12-11 22:38:00 - Service vinted-notifications is not running; attempting to start it.
2025-12-11 22:38:00 - Ensuring compose stack is running...
2025-12-11 22:38:00 - Ensuring compose stack is running...
2025-12-11 22:38:10 - Service vinted-notifications is not running; attempting to start it.
2025-12-11 22:38:10 - Service vinted-notifications is not running; attempting to start it.
2025-12-11 22:38:10 - Ensuring compose stack is running...
2025-12-11 22:38:10 - Ensuring compose stack is running...
2025-12-11 22:38:20 - Service vinted-notifications is not running; attempting to start it.
2025-12-11 22:38:20 - Service vinted-notifications is not running; attempting to start it.
2025-12-11 22:38:20 - Ensuring compose stack is running...
2025-12-11 22:38:20 - Ensuring compose stack is running...
2025-12-11 22:38:30 - Service vinted-notifications is not running; attempting to start it.
2025-12-11 22:38:30 - Service vinted-notifications is not running; attempting to start it.
2025-12-11 22:38:30 - Ensuring compose stack is running...
2025-12-11 22:38:30 - Ensuring compose stack is running...
2025-12-11 22:38:41 - Service vinted-notifications is not running; attempting to start it.
2025-12-11 22:38:41 - Service vinted-notifications is not running; attempting to start it.
2025-12-11 22:38:41 - Ensuring compose stack is running...
2025-12-11 22:38:41 - Ensuring compose stack is running...
2025-12-11 22:38:51 - Service vinted-notifications is not running; attempting to start it.
2025-12-11 22:38:51 - Service vinted-notifications is not running; attempting to start it.
2025-12-11 22:38:51 - Ensuring compose stack is running...
2025-12-11 22:38:51 - Ensuring compose stack is running...
2025-12-11 22:39:01 - Service vinted-notifications is not running; attempting to start it.
2025-12-11 22:39:01 - Service vinted-notifications is not running; attempting to start it.
2025-12-11 22:39:01 - Ensuring compose stack is running...
2025-12-11 22:39:01 - Ensuring compose stack is running...
2025-12-11 22:39:11 - Service vinted-notifications is not running; attempting to start it.
2025-12-11 22:39:11 - Service vinted-notifications is not running; attempting to start it.
2025-12-11 22:39:11 - Ensuring compose stack is running...
2025-12-11 22:39:11 - Ensuring compose stack is running...
2025-12-11 22:39:21 - Service vinted-notifications is not running; attempting to start it.
2025-12-11 22:39:21 - Service vinted-notifications is not running; attempting to start it.
2025-12-11 22:39:21 - Ensuring compose stack is running...
2025-12-11 22:39:21 - Ensuring compose stack is running...
2025-12-11 22:39:31 - Service vinted-notifications is not running; attempting to start it.
2025-12-11 22:39:31 - Service vinted-notifications is not running; attempting to start it.
2025-12-11 22:39:31 - Ensuring compose stack is running...
2025-12-11 22:39:31 - Ensuring compose stack is running...
2025-12-11 22:39:41 - Service vinted-notifications is not running; attempting to start it.
2025-12-11 22:39:41 - Service vinted-notifications is not running; attempting to start it.
2025-12-11 22:39:41 - Ensuring compose stack is running...
2025-12-11 22:39:41 - Ensuring compose stack is running...
2025-12-11 22:39:51 - Service vinted-notifications is not running; attempting to start it.
2025-12-11 22:39:51 - Service vinted-notifications is not running; attempting to start it.
2025-12-11 22:39:51 - Ensuring compose stack is running...
2025-12-11 22:39:51 - Ensuring compose stack is running...
2025-12-11 22:40:01 - Service vinted-notifications is not running; attempting to start it.
2025-12-11 22:40:01 - Service vinted-notifications is not running; attempting to start it.
2025-12-11 22:40:01 - Ensuring compose stack is running...
2025-12-11 22:40:01 - Ensuring compose stack is running...
2025-12-11 22:40:12 - Service vinted-notifications is not running; attempting to start it.
2025-12-11 22:40:12 - Service vinted-notifications is not running; attempting to start it.
2025-12-11 22:40:12 - Ensuring compose stack is running...
2025-12-11 22:40:12 - Ensuring compose stack is running...
2025-12-11 22:40:22 - Service vinted-notifications is not running; attempting to start it.
2025-12-11 22:40:22 - Service vinted-notifications is not running; attempting to start it.
2025-12-11 22:40:22 - Ensuring compose stack is running...
2025-12-11 22:40:22 - Ensuring compose stack is running...
2025-12-11 22:40:32 - Service vinted-notifications is not running; attempting to start it.
2025-12-11 22:40:32 - Service vinted-notifications is not running; attempting to start it.
2025-12-11 22:40:32 - Ensuring compose stack is running...
2025-12-11 22:40:32 - Ensuring compose stack is running...
2025-12-11 22:40:42 - Service vinted-notifications is not running; attempting to start it.
2025-12-11 22:40:42 - Service vinted-notifications is not running; attempting to start it.
2025-12-11 22:40:42 - Ensuring compose stack is running...
2025-12-11 22:40:42 - Ensuring compose stack is running...
2025-12-11 22:40:52 - Service vinted-notifications is not running; attempting to start it.
2025-12-11 22:40:52 - Service vinted-notifications is not running; attempting to start it.
2025-12-11 22:40:52 - Ensuring compose stack is running...
2025-12-11 22:40:52 - Ensuring compose stack is running...
2025-12-11 22:41:02 - Service vinted-notifications is not running; attempting to start it.
2025-12-11 22:41:02 - Service vinted-notifications is not running; attempting to start it.
2025-12-11 22:41:02 - Ensuring compose stack is running...
2025-12-11 22:41:02 - Ensuring compose stack is running...
2025-12-11 22:41:12 - Service vinted-notifications is not running; attempting to start it.
2025-12-11 22:41:12 - Service vinted-notifications is not running; attempting to start it.
2025-12-11 22:41:12 - Ensuring compose stack is running...
2025-12-11 22:41:12 - Ensuring compose stack is running...
2025-12-11 22:41:22 - Service vinted-notifications is not running; attempting to start it.
2025-12-11 22:41:22 - Service vinted-notifications is not running; attempting to start it.
2025-12-11 22:41:22 - Ensuring compose stack is running...
2025-12-11 22:41:22 - Ensuring compose stack is running...
2025-12-11 22:41:32 - Service vinted-notifications is not running; attempting to start it.
2025-12-11 22:41:32 - Service vinted-notifications is not running; attempting to start it.
2025-12-11 22:41:32 - Ensuring compose stack is running...
2025-12-11 22:41:32 - Ensuring compose stack is running...
2025-12-11 22:41:42 - Service vinted-notifications is not running; attempting to start it.
2025-12-11 22:41:42 - Service vinted-notifications is not running; attempting to start it.
2025-12-11 22:41:42 - Ensuring compose stack is running...
2025-12-11 22:41:42 - Ensuring compose stack is running...
2025-12-11 22:41:53 - Service vinted-notifications is not running; attempting to start it.
2025-12-11 22:41:53 - Service vinted-notifications is not running; attempting to start it.
2025-12-11 22:41:53 - Ensuring compose stack is running...
2025-12-11 22:41:53 - Ensuring compose stack is running...
2025-12-11 22:42:03 - Service vinted-notifications is not running; attempting to start it.
2025-12-11 22:42:03 - Service vinted-notifications is not running; attempting to start it.
2025-12-11 22:42:03 - Ensuring compose stack is running...
2025-12-11 22:42:03 - Ensuring compose stack is running...
2025-12-11 22:42:13 - Service vinted-notifications is not running; attempting to start it.
2025-12-11 22:42:13 - Service vinted-notifications is not running; attempting to start it.
2025-12-11 22:42:13 - Ensuring compose stack is running...
2025-12-11 22:42:13 - Ensuring compose stack is running...
2025-12-11 22:42:23 - Service vinted-notifications is not running; attempting to start it.
2025-12-11 22:42:23 - Service vinted-notifications is not running; attempting to start it.
2025-12-11 22:42:23 - Ensuring compose stack is running...
2025-12-11 22:42:23 - Ensuring compose stack is running...
2025-12-11 22:42:33 - Service vinted-notifications is not running; attempting to start it.
2025-12-11 22:42:33 - Service vinted-notifications is not running; attempting to start it.
2025-12-11 22:42:33 - Ensuring compose stack is running...
2025-12-11 22:42:33 - Ensuring compose stack is running...
2025-12-11 22:42:43 - Service vinted-notifications is not running; attempting to start it.
2025-12-11 22:42:43 - Service vinted-notifications is not running; attempting to start it.
2025-12-11 22:42:43 - Ensuring compose stack is running...
2025-12-11 22:42:43 - Ensuring compose stack is running...
2025-12-11 22:42:53 - Service vinted-notifications is not running; attempting to start it.
2025-12-11 22:42:53 - Service vinted-notifications is not running; attempting to start it.
2025-12-11 22:42:53 - Ensuring compose stack is running...
2025-12-11 22:42:53 - Ensuring compose stack is running...
2025-12-11 22:43:03 - Service vinted-notifications is not running; attempting to start it.
2025-12-11 22:43:03 - Service vinted-notifications is not running; attempting to start it.
2025-12-11 22:43:03 - Ensuring compose stack is running...
2025-12-11 22:43:03 - Ensuring compose stack is running...
2025-12-11 22:43:13 - Service vinted-notifications is not running; attempting to start it.
2025-12-11 22:43:13 - Service vinted-notifications is not running; attempting to start it.
2025-12-11 22:43:13 - Ensuring compose stack is running...
2025-12-11 22:43:13 - Ensuring compose stack is running...
2025-12-11 22:43:24 - Service vinted-notifications is not running; attempting to start it.
2025-12-11 22:43:24 - Service vinted-notifications is not running; attempting to start it.
2025-12-11 22:43:24 - Ensuring compose stack is running...
2025-12-11 22:43:24 - Ensuring compose stack is running...
2025-12-11 22:43:34 - Service vinted-notifications is not running; attempting to start it.
2025-12-11 22:43:34 - Service vinted-notifications is not running; attempting to start it.
2025-12-11 22:43:34 - Ensuring compose stack is running...
2025-12-11 22:43:34 - Ensuring compose stack is running...
2025-12-11 22:43:44 - Service vinted-notifications is not running; attempting to start it.
2025-12-11 22:43:44 - Service vinted-notifications is not running; attempting to start it.
2025-12-11 22:43:44 - Ensuring compose stack is running...
2025-12-11 22:43:44 - Ensuring compose stack is running...
2025-12-11 22:43:54 - Service vinted-notifications is not running; attempting to start it.
2025-12-11 22:43:54 - Service vinted-notifications is not running; attempting to start it.
2025-12-11 22:43:54 - Ensuring compose stack is running...
2025-12-11 22:43:54 - Ensuring compose stack is running...
2025-12-11 22:44:04 - Service vinted-notifications is not running; attempting to start it.
2025-12-11 22:44:04 - Service vinted-notifications is not running; attempting to start it.
2025-12-11 22:44:04 - Ensuring compose stack is running...
2025-12-11 22:44:04 - Ensuring compose stack is running...
2025-12-11 22:44:14 - Service vinted-notifications is not running; attempting to start it.
2025-12-11 22:44:14 - Service vinted-notifications is not running; attempting to start it.
2025-12-11 22:44:14 - Ensuring compose stack is running...
2025-12-11 22:44:14 - Ensuring compose stack is running...
2025-12-11 22:44:24 - Service vinted-notifications is not running; attempting to start it.
2025-12-11 22:44:24 - Service vinted-notifications is not running; attempting to start it.
2025-12-11 22:44:24 - Ensuring compose stack is running...
2025-12-11 22:44:24 - Ensuring compose stack is running...
2025-12-11 22:44:34 - Service vinted-notifications is not running; attempting to start it.
2025-12-11 22:44:34 - Service vinted-notifications is not running; attempting to start it.
2025-12-11 22:44:34 - Ensuring compose stack is running...
2025-12-11 22:44:34 - Ensuring compose stack is running...
2025-12-11 22:44:44 - Service vinted-notifications is not running; attempting to start it.
2025-12-11 22:44:44 - Service vinted-notifications is not running; attempting to start it.
2025-12-11 22:44:44 - Ensuring compose stack is running...
2025-12-11 22:44:44 - Ensuring compose stack is running...
2025-12-11 22:44:54 - Service vinted-notifications is not running; attempting to start it.
2025-12-11 22:44:54 - Service vinted-notifications is not running; attempting to start it.
2025-12-11 22:44:54 - Ensuring compose stack is running...
2025-12-11 22:44:54 - Ensuring compose stack is running...
2025-12-11 22:45:05 - Service vinted-notifications is not running; attempting to start it.
2025-12-11 22:45:05 - Service vinted-notifications is not running; attempting to start it.
2025-12-11 22:45:05 - Ensuring compose stack is running...
2025-12-11 22:45:05 - Ensuring compose stack is running...
2025-12-11 22:45:15 - Service vinted-notifications is not running; attempting to start it.
2025-12-11 22:45:15 - Service vinted-notifications is not running; attempting to start it.
2025-12-11 22:45:15 - Ensuring compose stack is running...
2025-12-11 22:45:15 - Ensuring compose stack is running...
2025-12-11 22:45:25 - Service vinted-notifications is not running; attempting to start it.
2025-12-11 22:45:25 - Service vinted-notifications is not running; attempting to start it.
2025-12-11 22:45:25 - Ensuring compose stack is running...
2025-12-11 22:45:25 - Ensuring compose stack is running...
2025-12-11 22:45:35 - Service vinted-notifications is not running; attempting to start it.
2025-12-11 22:45:35 - Service vinted-notifications is not running; attempting to start it.
2025-12-11 22:45:35 - Ensuring compose stack is running...
2025-12-11 22:45:35 - Ensuring compose stack is running...
2025-12-11 22:45:45 - Service vinted-notifications is not running; attempting to start it.
2025-12-11 22:45:45 - Service vinted-notifications is not running; attempting to start it.
2025-12-11 22:45:45 - Ensuring compose stack is running...
2025-12-11 22:45:45 - Ensuring compose stack is running...
2025-12-11 22:45:55 - Service vinted-notifications is not running; attempting to start it.
2025-12-11 22:45:55 - Service vinted-notifications is not running; attempting to start it.
2025-12-11 22:45:55 - Ensuring compose stack is running...
2025-12-11 22:45:55 - Ensuring compose stack is running...
2025-12-11 22:46:05 - Service vinted-notifications is not running; attempting to start it.
2025-12-11 22:46:05 - Service vinted-notifications is not running; attempting to start it.
2025-12-11 22:46:05 - Ensuring compose stack is running...
2025-12-11 22:46:05 - Ensuring compose stack is running...
2025-12-11 22:46:15 - Service vinted-notifications is not running; attempting to start it.
2025-12-11 22:46:15 - Service vinted-notifications is not running; attempting to start it.
2025-12-11 22:46:15 - Ensuring compose stack is running...
2025-12-11 22:46:15 - Ensuring compose stack is running...
2025-12-11 22:46:25 - Service vinted-notifications is not running; attempting to start it.
2025-12-11 22:46:25 - Service vinted-notifications is not running; attempting to start it.
2025-12-11 22:46:25 - Ensuring compose stack is running...
2025-12-11 22:46:25 - Ensuring compose stack is running...
2025-12-11 22:46:36 - Service vinted-notifications is not running; attempting to start it.
2025-12-11 22:46:36 - Service vinted-notifications is not running; attempting to start it.
2025-12-11 22:46:36 - Ensuring compose stack is running...
2025-12-11 22:46:36 - Ensuring compose stack is running...
2025-12-11 22:46:46 - Service vinted-notifications is not running; attempting to start it.
2025-12-11 22:46:46 - Service vinted-notifications is not running; attempting to start it.
2025-12-11 22:46:46 - Ensuring compose stack is running...
2025-12-11 22:46:46 - Ensuring compose stack is running...
2025-12-11 22:46:56 - Service vinted-notifications is not running; attempting to start it.
2025-12-11 22:46:56 - Service vinted-notifications is not running; attempting to start it.
2025-12-11 22:46:56 - Ensuring compose stack is running...
2025-12-11 22:46:56 - Ensuring compose stack is running...
2025-12-11 22:47:06 - Service vinted-notifications is not running; attempting to start it.
2025-12-11 22:47:06 - Service vinted-notifications is not running; attempting to start it.
2025-12-11 22:47:06 - Ensuring compose stack is running...
2025-12-11 22:47:06 - Ensuring compose stack is running...
2025-12-11 22:47:16 - Service vinted-notifications is not running; attempting to start it.
2025-12-11 22:47:16 - Service vinted-notifications is not running; attempting to start it.
2025-12-11 22:47:16 - Ensuring compose stack is running...
2025-12-11 22:47:16 - Ensuring compose stack is running...
2025-12-11 22:47:26 - Service vinted-notifications is not running; attempting to start it.
2025-12-11 22:47:26 - Service vinted-notifications is not running; attempting to start it.
2025-12-11 22:47:26 - Ensuring compose stack is running...
2025-12-11 22:47:26 - Ensuring compose stack is running...
2025-12-11 22:47:36 - Service vinted-notifications is not running; attempting to start it.
2025-12-11 22:47:36 - Service vinted-notifications is not running; attempting to start it.
2025-12-11 22:47:36 - Ensuring compose stack is running...
2025-12-11 22:47:36 - Ensuring compose stack is running...
2025-12-11 22:47:46 - Service vinted-notifications is not running; attempting to start it.
2025-12-11 22:47:46 - Service vinted-notifications is not running; attempting to start it.
2025-12-11 22:47:46 - Ensuring compose stack is running...
2025-12-11 22:47:46 - Ensuring compose stack is running...
2025-12-11 22:47:56 - Service vinted-notifications is not running; attempting to start it.
2025-12-11 22:47:56 - Service vinted-notifications is not running; attempting to start it.
2025-12-11 22:47:56 - Ensuring compose stack is running...
2025-12-11 22:47:56 - Ensuring compose stack is running...
2025-12-11 22:48:06 - Service vinted-notifications is not running; attempting to start it.
2025-12-11 22:48:06 - Service vinted-notifications is not running; attempting to start it.
2025-12-11 22:48:06 - Ensuring compose stack is running...
2025-12-11 22:48:06 - Ensuring compose stack is running...
2025-12-11 22:48:17 - Service vinted-notifications is not running; attempting to start it.
2025-12-11 22:48:17 - Service vinted-notifications is not running; attempting to start it.
2025-12-11 22:48:17 - Ensuring compose stack is running...
2025-12-11 22:48:17 - Ensuring compose stack is running...
2025-12-11 22:48:27 - Service vinted-notifications is not running; attempting to start it.
2025-12-11 22:48:27 - Service vinted-notifications is not running; attempting to start it.
2025-12-11 22:48:27 - Ensuring compose stack is running...
2025-12-11 22:48:27 - Ensuring compose stack is running...
2025-12-11 22:48:37 - Service vinted-notifications is not running; attempting to start it.
2025-12-11 22:48:37 - Service vinted-notifications is not running; attempting to start it.
2025-12-11 22:48:37 - Ensuring compose stack is running...
2025-12-11 22:48:37 - Ensuring compose stack is running...
2025-12-11 22:48:47 - Service vinted-notifications is not running; attempting to start it.
2025-12-11 22:48:47 - Service vinted-notifications is not running; attempting to start it.
2025-12-11 22:48:47 - Ensuring compose stack is running...
2025-12-11 22:48:47 - Ensuring compose stack is running...
2025-12-11 22:48:57 - Service vinted-notifications is not running; attempting to start it.
2025-12-11 22:48:57 - Service vinted-notifications is not running; attempting to start it.
2025-12-11 22:48:57 - Ensuring compose stack is running...
2025-12-11 22:48:57 - Ensuring compose stack is running...
2025-12-11 22:49:07 - Service vinted-notifications is not running; attempting to start it.
2025-12-11 22:49:07 - Service vinted-notifications is not running; attempting to start it.
2025-12-11 22:49:07 - Ensuring compose stack is running...
2025-12-11 22:49:07 - Ensuring compose stack is running...
2025-12-11 22:49:17 - Service vinted-notifications is not running; attempting to start it.
2025-12-11 22:49:17 - Service vinted-notifications is not running; attempting to start it.
2025-12-11 22:49:17 - Ensuring compose stack is running...
2025-12-11 22:49:17 - Ensuring compose stack is running...
2025-12-11 22:49:27 - Service vinted-notifications is not running; attempting to start it.
2025-12-11 22:49:27 - Service vinted-notifications is not running; attempting to start it.
2025-12-11 22:49:27 - Ensuring compose stack is running...
2025-12-11 22:49:27 - Ensuring compose stack is running...
2025-12-11 22:49:37 - Service vinted-notifications is not running; attempting to start it.
2025-12-11 22:49:37 - Service vinted-notifications is not running; attempting to start it.
2025-12-11 22:49:37 - Ensuring compose stack is running...
2025-12-11 22:49:37 - Ensuring compose stack is running...
2025-12-11 22:49:48 - Service vinted-notifications is not running; attempting to start it.
2025-12-11 22:49:48 - Service vinted-notifications is not running; attempting to start it.
2025-12-11 22:49:48 - Ensuring compose stack is running...
2025-12-11 22:49:48 - Ensuring compose stack is running...
2025-12-11 22:49:58 - Service vinted-notifications is not running; attempting to start it.
2025-12-11 22:49:58 - Service vinted-notifications is not running; attempting to start it.
2025-12-11 22:49:58 - Ensuring compose stack is running...
2025-12-11 22:49:58 - Ensuring compose stack is running...
2025-12-11 22:50:08 - Service vinted-notifications is not running; attempting to start it.
2025-12-11 22:50:08 - Service vinted-notifications is not running; attempting to start it.
2025-12-11 22:50:08 - Ensuring compose stack is running...
2025-12-11 22:50:08 - Ensuring compose stack is running...
2025-12-11 22:50:18 - Service vinted-notifications is not running; attempting to start it.
2025-12-11 22:50:18 - Service vinted-notifications is not running; attempting to start it.
2025-12-11 22:50:18 - Ensuring compose stack is running...
2025-12-11 22:50:18 - Ensuring compose stack is running...
2025-12-11 22:50:28 - Service vinted-notifications is not running; attempting to start it.
2025-12-11 22:50:28 - Service vinted-notifications is not running; attempting to start it.
2025-12-11 22:50:28 - Ensuring compose stack is running...
2025-12-11 22:50:28 - Ensuring compose stack is running...
2025-12-11 22:50:38 - Service vinted-notifications is not running; attempting to start it.
2025-12-11 22:50:38 - Service vinted-notifications is not running; attempting to start it.
2025-12-11 22:50:38 - Ensuring compose stack is running...
2025-12-11 22:50:38 - Ensuring compose stack is running...
2025-12-11 22:50:48 - Service vinted-notifications is not running; attempting to start it.
2025-12-11 22:50:48 - Service vinted-notifications is not running; attempting to start it.
2025-12-11 22:50:48 - Ensuring compose stack is running...
2025-12-11 22:50:48 - Ensuring compose stack is running...
2025-12-11 22:50:58 - Service vinted-notifications is not running; attempting to start it.
2025-12-11 22:50:58 - Service vinted-notifications is not running; attempting to start it.
2025-12-11 22:50:58 - Ensuring compose stack is running...
2025-12-11 22:50:58 - Ensuring compose stack is running...
2025-12-11 22:51:08 - Service vinted-notifications is not running; attempting to start it.
2025-12-11 22:51:08 - Service vinted-notifications is not running; attempting to start it.
2025-12-11 22:51:08 - Ensuring compose stack is running...
2025-12-11 22:51:08 - Ensuring compose stack is running...
2025-12-11 22:51:18 - Service vinted-notifications is not running; attempting to start it.
2025-12-11 22:51:18 - Service vinted-notifications is not running; attempting to start it.
2025-12-11 22:51:19 - Ensuring compose stack is running...
2025-12-11 22:51:19 - Ensuring compose stack is running...
2025-12-11 22:51:29 - Service vinted-notifications is not running; attempting to start it.
2025-12-11 22:51:29 - Service vinted-notifications is not running; attempting to start it.
2025-12-11 22:51:29 - Ensuring compose stack is running...
2025-12-11 22:51:29 - Ensuring compose stack is running...
2025-12-11 22:51:39 - Service vinted-notifications is not running; attempting to start it.
2025-12-11 22:51:39 - Service vinted-notifications is not running; attempting to start it.
2025-12-11 22:51:39 - Ensuring compose stack is running...
2025-12-11 22:51:39 - Ensuring compose stack is running...
2025-12-11 22:51:49 - Service vinted-notifications is not running; attempting to start it.
2025-12-11 22:51:49 - Service vinted-notifications is not running; attempting to start it.
2025-12-11 22:51:49 - Ensuring compose stack is running...
2025-12-11 22:51:49 - Ensuring compose stack is running...
2025-12-11 22:51:59 - Service vinted-notifications is not running; attempting to start it.
2025-12-11 22:51:59 - Service vinted-notifications is not running; attempting to start it.
2025-12-11 22:51:59 - Ensuring compose stack is running...
2025-12-11 22:51:59 - Ensuring compose stack is running...
2025-12-11 22:52:09 - Service vinted-notifications is not running; attempting to start it.
2025-12-11 22:52:09 - Service vinted-notifications is not running; attempting to start it.
2025-12-11 22:52:09 - Ensuring compose stack is running...
2025-12-11 22:52:09 - Ensuring compose stack is running...
2025-12-11 22:52:19 - Service vinted-notifications is not running; attempting to start it.
2025-12-11 22:52:19 - Service vinted-notifications is not running; attempting to start it.
2025-12-11 22:52:19 - Ensuring compose stack is running...
2025-12-11 22:52:19 - Ensuring compose stack is running...
2025-12-11 22:52:29 - Service vinted-notifications is not running; attempting to start it.
2025-12-11 22:52:29 - Service vinted-notifications is not running; attempting to start it.
2025-12-11 22:52:29 - Ensuring compose stack is running...
2025-12-11 22:52:29 - Ensuring compose stack is running...
2025-12-11 22:52:39 - Service vinted-notifications is not running; attempting to start it.
2025-12-11 22:52:39 - Service vinted-notifications is not running; attempting to start it.
2025-12-11 22:52:39 - Ensuring compose stack is running...
2025-12-11 22:52:39 - Ensuring compose stack is running...
2025-12-11 22:52:49 - Service vinted-notifications is not running; attempting to start it.
2025-12-11 22:52:49 - Service vinted-notifications is not running; attempting to start it.
2025-12-11 22:52:49 - Ensuring compose stack is running...
2025-12-11 22:52:49 - Ensuring compose stack is running...
2025-12-11 22:53:00 - Service vinted-notifications is not running; attempting to start it.
2025-12-11 22:53:00 - Service vinted-notifications is not running; attempting to start it.
2025-12-11 22:53:00 - Ensuring compose stack is running...
2025-12-11 22:53:00 - Ensuring compose stack is running...
2025-12-11 22:53:10 - Service vinted-notifications is not running; attempting to start it.
2025-12-11 22:53:10 - Service vinted-notifications is not running; attempting to start it.
2025-12-11 22:53:10 - Ensuring compose stack is running...
2025-12-11 22:53:10 - Ensuring compose stack is running...
2025-12-11 22:53:20 - Service vinted-notifications is not running; attempting to start it.
2025-12-11 22:53:20 - Service vinted-notifications is not running; attempting to start it.
2025-12-11 22:53:20 - Ensuring compose stack is running...
2025-12-11 22:53:20 - Ensuring compose stack is running...
2025-12-11 22:53:30 - Service vinted-notifications is not running; attempting to start it.
2025-12-11 22:53:30 - Service vinted-notifications is not running; attempting to start it.
2025-12-11 22:53:30 - Ensuring compose stack is running...
2025-12-11 22:53:30 - Ensuring compose stack is running...
2025-12-11 22:53:40 - Service vinted-notifications is not running; attempting to start it.
2025-12-11 22:53:40 - Service vinted-notifications is not running; attempting to start it.
2025-12-11 22:53:40 - Ensuring compose stack is running...
2025-12-11 22:53:40 - Ensuring compose stack is running...
2025-12-11 22:53:50 - Service vinted-notifications is not running; attempting to start it.
2025-12-11 22:53:50 - Service vinted-notifications is not running; attempting to start it.
2025-12-11 22:53:50 - Ensuring compose stack is running...
2025-12-11 22:53:50 - Ensuring compose stack is running...
2025-12-11 22:54:00 - Service vinted-notifications is not running; attempting to start it.
2025-12-11 22:54:00 - Service vinted-notifications is not running; attempting to start it.
2025-12-11 22:54:00 - Ensuring compose stack is running...
2025-12-11 22:54:00 - Ensuring compose stack is running...
2025-12-11 22:54:10 - Service vinted-notifications is not running; attempting to start it.
2025-12-11 22:54:10 - Service vinted-notifications is not running; attempting to start it.
2025-12-11 22:54:10 - Ensuring compose stack is running...
2025-12-11 22:54:10 - Ensuring compose stack is running...
2025-12-11 22:54:20 - Service vinted-notifications is not running; attempting to start it.
2025-12-11 22:54:20 - Service vinted-notifications is not running; attempting to start it.
2025-12-11 22:54:20 - Ensuring compose stack is running...
2025-12-11 22:54:20 - Ensuring compose stack is running...
2025-12-11 22:54:31 - Service vinted-notifications is not running; attempting to start it.
2025-12-11 22:54:31 - Service vinted-notifications is not running; attempting to start it.
2025-12-11 22:54:31 - Ensuring compose stack is running...
2025-12-11 22:54:31 - Ensuring compose stack is running...
2025-12-11 22:54:41 - Service vinted-notifications is not running; attempting to start it.
2025-12-11 22:54:41 - Service vinted-notifications is not running; attempting to start it.
2025-12-11 22:54:41 - Ensuring compose stack is running...
2025-12-11 22:54:41 - Ensuring compose stack is running...
2025-12-11 22:54:51 - Service vinted-notifications is not running; attempting to start it.
2025-12-11 22:54:51 - Service vinted-notifications is not running; attempting to start it.
2025-12-11 22:54:51 - Ensuring compose stack is running...
2025-12-11 22:54:51 - Ensuring compose stack is running...
2025-12-11 22:55:01 - Service vinted-notifications is not running; attempting to start it.
2025-12-11 22:55:01 - Service vinted-notifications is not running; attempting to start it.
2025-12-11 22:55:01 - Ensuring compose stack is running...
2025-12-11 22:55:01 - Ensuring compose stack is running...
2025-12-11 22:55:11 - Service vinted-notifications is not running; attempting to start it.
2025-12-11 22:55:11 - Service vinted-notifications is not running; attempting to start it.
2025-12-11 22:55:11 - Ensuring compose stack is running...
2025-12-11 22:55:11 - Ensuring compose stack is running...
2025-12-11 22:55:21 - Service vinted-notifications is not running; attempting to start it.
2025-12-11 22:55:21 - Service vinted-notifications is not running; attempting to start it.
2025-12-11 22:55:21 - Ensuring compose stack is running...
2025-12-11 22:55:21 - Ensuring compose stack is running...
2025-12-11 22:55:31 - Service vinted-notifications is not running; attempting to start it.
2025-12-11 22:55:31 - Service vinted-notifications is not running; attempting to start it.
2025-12-11 22:55:31 - Ensuring compose stack is running...
2025-12-11 22:55:31 - Ensuring compose stack is running...
2025-12-11 22:55:41 - Service vinted-notifications is not running; attempting to start it.
2025-12-11 22:55:41 - Service vinted-notifications is not running; attempting to start it.
2025-12-11 22:55:41 - Ensuring compose stack is running...
2025-12-11 22:55:41 - Ensuring compose stack is running...
2025-12-11 22:55:51 - Service vinted-notifications is not running; attempting to start it.
2025-12-11 22:55:51 - Service vinted-notifications is not running; attempting to start it.
2025-12-11 22:55:51 - Ensuring compose stack is running...
2025-12-11 22:55:51 - Ensuring compose stack is running...
2025-12-11 22:56:02 - Service vinted-notifications is not running; attempting to start it.
2025-12-11 22:56:02 - Service vinted-notifications is not running; attempting to start it.
2025-12-11 22:56:02 - Ensuring compose stack is running...
2025-12-11 22:56:02 - Ensuring compose stack is running...
2025-12-11 22:56:12 - Service vinted-notifications is not running; attempting to start it.
2025-12-11 22:56:12 - Service vinted-notifications is not running; attempting to start it.
2025-12-11 22:56:12 - Ensuring compose stack is running...
2025-12-11 22:56:12 - Ensuring compose stack is running...
2025-12-11 22:56:22 - Service vinted-notifications is not running; attempting to start it.
2025-12-11 22:56:22 - Service vinted-notifications is not running; attempting to start it.
2025-12-11 22:56:22 - Ensuring compose stack is running...
2025-12-11 22:56:22 - Ensuring compose stack is running...
2025-12-11 22:56:32 - Service vinted-notifications is not running; attempting to start it.
2025-12-11 22:56:32 - Service vinted-notifications is not running; attempting to start it.
2025-12-11 22:56:32 - Ensuring compose stack is running...
2025-12-11 22:56:32 - Ensuring compose stack is running...
2025-12-11 22:56:42 - Service vinted-notifications is not running; attempting to start it.
2025-12-11 22:56:42 - Service vinted-notifications is not running; attempting to start it.
2025-12-11 22:56:42 - Ensuring compose stack is running...
2025-12-11 22:56:42 - Ensuring compose stack is running...
2025-12-11 22:56:52 - Service vinted-notifications is not running; attempting to start it.
2025-12-11 22:56:52 - Service vinted-notifications is not running; attempting to start it.
2025-12-11 22:56:52 - Ensuring compose stack is running...
2025-12-11 22:56:52 - Ensuring compose stack is running...
2025-12-11 22:57:02 - Service vinted-notifications is not running; attempting to start it.
2025-12-11 22:57:02 - Service vinted-notifications is not running; attempting to start it.
2025-12-11 22:57:02 - Ensuring compose stack is running...
2025-12-11 22:57:02 - Ensuring compose stack is running...
2025-12-11 22:57:12 - Service vinted-notifications is not running; attempting to start it.
2025-12-11 22:57:12 - Service vinted-notifications is not running; attempting to start it.
2025-12-11 22:57:12 - Ensuring compose stack is running...
2025-12-11 22:57:12 - Ensuring compose stack is running...
2025-12-11 22:57:22 - Service vinted-notifications is not running; attempting to start it.
2025-12-11 22:57:22 - Service vinted-notifications is not running; attempting to start it.
2025-12-11 22:57:22 - Ensuring compose stack is running...
2025-12-11 22:57:22 - Ensuring compose stack is running...
2025-12-11 22:57:32 - Service vinted-notifications is not running; attempting to start it.
2025-12-11 22:57:32 - Service vinted-notifications is not running; attempting to start it.
2025-12-11 22:57:32 - Ensuring compose stack is running...
2025-12-11 22:57:32 - Ensuring compose stack is running...
2025-12-11 22:57:42 - Service vinted-notifications is not running; attempting to start it.
2025-12-11 22:57:42 - Service vinted-notifications is not running; attempting to start it.
2025-12-11 22:57:42 - Ensuring compose stack is running...
2025-12-11 22:57:42 - Ensuring compose stack is running...
2025-12-11 22:57:53 - Service vinted-notifications is not running; attempting to start it.
2025-12-11 22:57:53 - Service vinted-notifications is not running; attempting to start it.
2025-12-11 22:57:53 - Ensuring compose stack is running...
2025-12-11 22:57:53 - Ensuring compose stack is running...
2025-12-11 22:58:03 - Service vinted-notifications is not running; attempting to start it.
2025-12-11 22:58:03 - Service vinted-notifications is not running; attempting to start it.
2025-12-11 22:58:03 - Ensuring compose stack is running...
2025-12-11 22:58:03 - Ensuring compose stack is running...
2025-12-11 22:58:13 - Service vinted-notifications is not running; attempting to start it.
2025-12-11 22:58:13 - Service vinted-notifications is not running; attempting to start it.
2025-12-11 22:58:13 - Ensuring compose stack is running...
2025-12-11 22:58:13 - Ensuring compose stack is running...
2025-12-11 22:58:23 - Service vinted-notifications is not running; attempting to start it.
2025-12-11 22:58:23 - Service vinted-notifications is not running; attempting to start it.
2025-12-11 22:58:23 - Ensuring compose stack is running...
2025-12-11 22:58:23 - Ensuring compose stack is running...
2025-12-11 22:58:33 - Service vinted-notifications is not running; attempting to start it.
2025-12-11 22:58:33 - Service vinted-notifications is not running; attempting to start it.
2025-12-11 22:58:33 - Ensuring compose stack is running...
2025-12-11 22:58:33 - Ensuring compose stack is running...
2025-12-11 22:58:43 - Service vinted-notifications is not running; attempting to start it.
2025-12-11 22:58:43 - Service vinted-notifications is not running; attempting to start it.
2025-12-11 22:58:43 - Ensuring compose stack is running...
2025-12-11 22:58:43 - Ensuring compose stack is running...
2025-12-11 22:58:53 - Service vinted-notifications is not running; attempting to start it.
2025-12-11 22:58:53 - Service vinted-notifications is not running; attempting to start it.
2025-12-11 22:58:53 - Ensuring compose stack is running...
2025-12-11 22:58:53 - Ensuring compose stack is running...
2025-12-11 22:59:03 - Service vinted-notifications is not running; attempting to start it.
2025-12-11 22:59:03 - Service vinted-notifications is not running; attempting to start it.
2025-12-11 22:59:03 - Ensuring compose stack is running...
2025-12-11 22:59:03 - Ensuring compose stack is running...
2025-12-11 22:59:13 - Service vinted-notifications is not running; attempting to start it.
2025-12-11 22:59:13 - Service vinted-notifications is not running; attempting to start it.
2025-12-11 22:59:13 - Ensuring compose stack is running...
2025-12-11 22:59:13 - Ensuring compose stack is running...
2025-12-11 22:59:23 - Service vinted-notifications is not running; attempting to start it.
2025-12-11 22:59:23 - Service vinted-notifications is not running; attempting to start it.
2025-12-11 22:59:24 - Ensuring compose stack is running...
2025-12-11 22:59:24 - Ensuring compose stack is running...
2025-12-11 22:59:34 - Service vinted-notifications is not running; attempting to start it.
2025-12-11 22:59:34 - Service vinted-notifications is not running; attempting to start it.
2025-12-11 22:59:34 - Ensuring compose stack is running...
2025-12-11 22:59:34 - Ensuring compose stack is running...
2025-12-11 22:59:44 - Service vinted-notifications is not running; attempting to start it.
2025-12-11 22:59:44 - Service vinted-notifications is not running; attempting to start it.
2025-12-11 22:59:44 - Ensuring compose stack is running...
2025-12-11 22:59:44 - Ensuring compose stack is running...
2025-12-11 22:59:54 - Service vinted-notifications is not running; attempting to start it.
2025-12-11 22:59:54 - Service vinted-notifications is not running; attempting to start it.
2025-12-11 22:59:54 - Ensuring compose stack is running...
2025-12-11 22:59:54 - Ensuring compose stack is running...
2025-12-11 23:00:04 - Service vinted-notifications is not running; attempting to start it.
2025-12-11 23:00:04 - Service vinted-notifications is not running; attempting to start it.
2025-12-11 23:00:04 - Ensuring compose stack is running...
2025-12-11 23:00:04 - Ensuring compose stack is running...
2025-12-11 23:00:14 - Service vinted-notifications is not running; attempting to start it.
2025-12-11 23:00:14 - Service vinted-notifications is not running; attempting to start it.
2025-12-11 23:00:14 - Ensuring compose stack is running...
2025-12-11 23:00:14 - Ensuring compose stack is running...
2025-12-11 23:00:24 - Service vinted-notifications is not running; attempting to start it.
2025-12-11 23:00:24 - Service vinted-notifications is not running; attempting to start it.
2025-12-11 23:00:24 - Ensuring compose stack is running...
2025-12-11 23:00:24 - Ensuring compose stack is running...
2025-12-11 23:00:34 - Service vinted-notifications is not running; attempting to start it.
2025-12-11 23:00:34 - Service vinted-notifications is not running; attempting to start it.
2025-12-11 23:00:34 - Ensuring compose stack is running...
2025-12-11 23:00:34 - Ensuring compose stack is running...
2025-12-11 23:00:44 - Service vinted-notifications is not running; attempting to start it.
2025-12-11 23:00:44 - Service vinted-notifications is not running; attempting to start it.
2025-12-11 23:00:44 - Ensuring compose stack is running...
2025-12-11 23:00:44 - Ensuring compose stack is running...
2025-12-11 23:00:55 - Service vinted-notifications is not running; attempting to start it.
2025-12-11 23:00:55 - Service vinted-notifications is not running; attempting to start it.
2025-12-11 23:00:55 - Ensuring compose stack is running...
2025-12-11 23:00:55 - Ensuring compose stack is running...
2025-12-11 23:01:05 - Service vinted-notifications is not running; attempting to start it.
2025-12-11 23:01:05 - Service vinted-notifications is not running; attempting to start it.
2025-12-11 23:01:05 - Ensuring compose stack is running...
2025-12-11 23:01:05 - Ensuring compose stack is running...
2025-12-11 23:01:15 - Service vinted-notifications is not running; attempting to start it.
2025-12-11 23:01:15 - Service vinted-notifications is not running; attempting to start it.
2025-12-11 23:01:15 - Ensuring compose stack is running...
2025-12-11 23:01:15 - Ensuring compose stack is running...
2025-12-11 23:01:25 - Service vinted-notifications is not running; attempting to start it.
2025-12-11 23:01:25 - Service vinted-notifications is not running; attempting to start it.
2025-12-11 23:01:25 - Ensuring compose stack is running...
2025-12-11 23:01:25 - Ensuring compose stack is running...
2025-12-11 23:01:35 - Service vinted-notifications is not running; attempting to start it.
2025-12-11 23:01:35 - Service vinted-notifications is not running; attempting to start it.
2025-12-11 23:01:35 - Ensuring compose stack is running...
2025-12-11 23:01:35 - Ensuring compose stack is running...
2025-12-11 23:01:45 - Service vinted-notifications is not running; attempting to start it.
2025-12-11 23:01:45 - Service vinted-notifications is not running; attempting to start it.
2025-12-11 23:01:45 - Ensuring compose stack is running...
2025-12-11 23:01:45 - Ensuring compose stack is running...
2025-12-11 23:01:55 - Service vinted-notifications is not running; attempting to start it.
2025-12-11 23:01:55 - Service vinted-notifications is not running; attempting to start it.
2025-12-11 23:01:55 - Ensuring compose stack is running...
2025-12-11 23:01:55 - Ensuring compose stack is running...
2025-12-11 23:02:05 - Service vinted-notifications is not running; attempting to start it.
2025-12-11 23:02:05 - Service vinted-notifications is not running; attempting to start it.
2025-12-11 23:02:05 - Ensuring compose stack is running...
2025-12-11 23:02:05 - Ensuring compose stack is running...
2025-12-11 23:02:15 - Service vinted-notifications is not running; attempting to start it.
2025-12-11 23:02:15 - Service vinted-notifications is not running; attempting to start it.
2025-12-11 23:02:15 - Ensuring compose stack is running...
2025-12-11 23:02:15 - Ensuring compose stack is running...
2025-12-11 23:02:25 - Service vinted-notifications is not running; attempting to start it.
2025-12-11 23:02:25 - Service vinted-notifications is not running; attempting to start it.
2025-12-11 23:02:25 - Ensuring compose stack is running...
2025-12-11 23:02:25 - Ensuring compose stack is running...
2025-12-11 23:02:36 - Service vinted-notifications is not running; attempting to start it.
2025-12-11 23:02:36 - Service vinted-notifications is not running; attempting to start it.
2025-12-11 23:02:36 - Ensuring compose stack is running...
2025-12-11 23:02:36 - Ensuring compose stack is running...
2025-12-11 23:02:46 - Service vinted-notifications is not running; attempting to start it.
2025-12-11 23:02:46 - Service vinted-notifications is not running; attempting to start it.
2025-12-11 23:02:46 - Ensuring compose stack is running...
2025-12-11 23:02:46 - Ensuring compose stack is running...
2025-12-11 23:02:56 - Service vinted-notifications is not running; attempting to start it.
2025-12-11 23:02:56 - Service vinted-notifications is not running; attempting to start it.
2025-12-11 23:02:56 - Ensuring compose stack is running...
2025-12-11 23:02:56 - Ensuring compose stack is running...
2025-12-11 23:03:06 - Service vinted-notifications is not running; attempting to start it.
2025-12-11 23:03:06 - Service vinted-notifications is not running; attempting to start it.
2025-12-11 23:03:06 - Ensuring compose stack is running...
2025-12-11 23:03:06 - Ensuring compose stack is running...
2025-12-11 23:03:16 - Service vinted-notifications is not running; attempting to start it.
2025-12-11 23:03:16 - Service vinted-notifications is not running; attempting to start it.
2025-12-11 23:03:16 - Ensuring compose stack is running...
2025-12-11 23:03:16 - Ensuring compose stack is running...
2025-12-11 23:03:26 - Service vinted-notifications is not running; attempting to start it.
2025-12-11 23:03:26 - Service vinted-notifications is not running; attempting to start it.
2025-12-11 23:03:26 - Ensuring compose stack is running...
2025-12-11 23:03:26 - Ensuring compose stack is running...
2025-12-11 23:03:36 - Service vinted-notifications is not running; attempting to start it.
2025-12-11 23:03:36 - Service vinted-notifications is not running; attempting to start it.
2025-12-11 23:03:36 - Ensuring compose stack is running...
2025-12-11 23:03:36 - Ensuring compose stack is running...
2025-12-11 23:03:46 - Service vinted-notifications is not running; attempting to start it.
2025-12-11 23:03:46 - Service vinted-notifications is not running; attempting to start it.
2025-12-11 23:03:46 - Ensuring compose stack is running...
2025-12-11 23:03:46 - Ensuring compose stack is running...
2025-12-11 23:03:56 - Service vinted-notifications is not running; attempting to start it.
2025-12-11 23:03:56 - Service vinted-notifications is not running; attempting to start it.
2025-12-11 23:03:56 - Ensuring compose stack is running...
2025-12-11 23:03:56 - Ensuring compose stack is running...
2025-12-11 23:04:06 - Service vinted-notifications is not running; attempting to start it.
2025-12-11 23:04:06 - Service vinted-notifications is not running; attempting to start it.
2025-12-11 23:04:06 - Ensuring compose stack is running...
2025-12-11 23:04:06 - Ensuring compose stack is running...
2025-12-11 23:04:17 - Service vinted-notifications is not running; attempting to start it.
2025-12-11 23:04:17 - Service vinted-notifications is not running; attempting to start it.
2025-12-11 23:04:17 - Ensuring compose stack is running...
2025-12-11 23:04:17 - Ensuring compose stack is running...
2025-12-11 23:04:27 - Service vinted-notifications is not running; attempting to start it.
2025-12-11 23:04:27 - Service vinted-notifications is not running; attempting to start it.
2025-12-11 23:04:27 - Ensuring compose stack is running...
2025-12-11 23:04:27 - Ensuring compose stack is running...
2025-12-11 23:04:37 - Service vinted-notifications is not running; attempting to start it.
2025-12-11 23:04:37 - Service vinted-notifications is not running; attempting to start it.
2025-12-11 23:04:37 - Ensuring compose stack is running...
2025-12-11 23:04:37 - Ensuring compose stack is running...
2025-12-11 23:04:47 - Service vinted-notifications is not running; attempting to start it.
2025-12-11 23:04:47 - Service vinted-notifications is not running; attempting to start it.
2025-12-11 23:04:47 - Ensuring compose stack is running...
2025-12-11 23:04:47 - Ensuring compose stack is running...
2025-12-11 23:04:57 - Service vinted-notifications is not running; attempting to start it.
2025-12-11 23:04:57 - Service vinted-notifications is not running; attempting to start it.
2025-12-11 23:04:57 - Ensuring compose stack is running...
2025-12-11 23:04:57 - Ensuring compose stack is running...
2025-12-11 23:05:07 - Service vinted-notifications is not running; attempting to start it.
2025-12-11 23:05:07 - Service vinted-notifications is not running; attempting to start it.
2025-12-11 23:05:07 - Ensuring compose stack is running...
2025-12-11 23:05:07 - Ensuring compose stack is running...
2025-12-11 23:05:17 - Service vinted-notifications is not running; attempting to start it.
2025-12-11 23:05:17 - Service vinted-notifications is not running; attempting to start it.
2025-12-11 23:05:17 - Ensuring compose stack is running...
2025-12-11 23:05:17 - Ensuring compose stack is running...
2025-12-11 23:05:27 - Service vinted-notifications is not running; attempting to start it.
2025-12-11 23:05:27 - Service vinted-notifications is not running; attempting to start it.
2025-12-11 23:05:27 - Ensuring compose stack is running...
2025-12-11 23:05:27 - Ensuring compose stack is running...
2025-12-11 23:05:37 - Service vinted-notifications is not running; attempting to start it.
2025-12-11 23:05:37 - Service vinted-notifications is not running; attempting to start it.
2025-12-11 23:05:37 - Ensuring compose stack is running...
2025-12-11 23:05:37 - Ensuring compose stack is running...
2025-12-11 23:05:48 - Service vinted-notifications is not running; attempting to start it.
2025-12-11 23:05:48 - Service vinted-notifications is not running; attempting to start it.
2025-12-11 23:05:48 - Ensuring compose stack is running...
2025-12-11 23:05:48 - Ensuring compose stack is running...
2025-12-11 23:05:58 - Service vinted-notifications is not running; attempting to start it.
2025-12-11 23:05:58 - Service vinted-notifications is not running; attempting to start it.
2025-12-11 23:05:58 - Ensuring compose stack is running...
2025-12-11 23:05:58 - Ensuring compose stack is running...
2025-12-11 23:06:08 - Service vinted-notifications is not running; attempting to start it.
2025-12-11 23:06:08 - Service vinted-notifications is not running; attempting to start it.
2025-12-11 23:06:08 - Ensuring compose stack is running...
2025-12-11 23:06:08 - Ensuring compose stack is running...
2025-12-11 23:06:18 - Service vinted-notifications is not running; attempting to start it.
2025-12-11 23:06:18 - Service vinted-notifications is not running; attempting to start it.
2025-12-11 23:06:18 - Ensuring compose stack is running...
2025-12-11 23:06:18 - Ensuring compose stack is running...
2025-12-11 23:06:28 - Service vinted-notifications is not running; attempting to start it.
2025-12-11 23:06:28 - Service vinted-notifications is not running; attempting to start it.
2025-12-11 23:06:28 - Ensuring compose stack is running...
2025-12-11 23:06:28 - Ensuring compose stack is running...
2025-12-11 23:06:38 - Service vinted-notifications is not running; attempting to start it.
2025-12-11 23:06:38 - Service vinted-notifications is not running; attempting to start it.
2025-12-11 23:06:38 - Ensuring compose stack is running...
2025-12-11 23:06:38 - Ensuring compose stack is running...
2025-12-11 23:06:48 - Service vinted-notifications is not running; attempting to start it.
2025-12-11 23:06:48 - Service vinted-notifications is not running; attempting to start it.
2025-12-11 23:06:48 - Ensuring compose stack is running...
2025-12-11 23:06:48 - Ensuring compose stack is running...
2025-12-11 23:06:58 - Service vinted-notifications is not running; attempting to start it.
2025-12-11 23:06:58 - Service vinted-notifications is not running; attempting to start it.
2025-12-11 23:06:58 - Ensuring compose stack is running...
2025-12-11 23:06:58 - Ensuring compose stack is running...
2025-12-11 23:07:08 - Service vinted-notifications is not running; attempting to start it.
2025-12-11 23:07:08 - Service vinted-notifications is not running; attempting to start it.
2025-12-11 23:07:08 - Ensuring compose stack is running...
2025-12-11 23:07:08 - Ensuring compose stack is running...
2025-12-11 23:07:18 - Service vinted-notifications is not running; attempting to start it.
2025-12-11 23:07:18 - Service vinted-notifications is not running; attempting to start it.
2025-12-11 23:07:18 - Ensuring compose stack is running...
2025-12-11 23:07:18 - Ensuring compose stack is running...
2025-12-11 23:07:29 - Service vinted-notifications is not running; attempting to start it.
2025-12-11 23:07:29 - Service vinted-notifications is not running; attempting to start it.
2025-12-11 23:07:29 - Ensuring compose stack is running...
2025-12-11 23:07:29 - Ensuring compose stack is running...
2025-12-11 23:07:39 - Service vinted-notifications is not running; attempting to start it.
2025-12-11 23:07:39 - Service vinted-notifications is not running; attempting to start it.
2025-12-11 23:07:39 - Ensuring compose stack is running...
2025-12-11 23:07:39 - Ensuring compose stack is running...
2025-12-11 23:07:49 - Service vinted-notifications is not running; attempting to start it.
2025-12-11 23:07:49 - Service vinted-notifications is not running; attempting to start it.
2025-12-11 23:07:49 - Ensuring compose stack is running...
2025-12-11 23:07:49 - Ensuring compose stack is running...
2025-12-11 23:07:59 - Service vinted-notifications is not running; attempting to start it.
2025-12-11 23:07:59 - Service vinted-notifications is not running; attempting to start it.
2025-12-11 23:07:59 - Ensuring compose stack is running...
2025-12-11 23:07:59 - Ensuring compose stack is running...
2025-12-11 23:08:09 - Service vinted-notifications is not running; attempting to start it.
2025-12-11 23:08:09 - Service vinted-notifications is not running; attempting to start it.
2025-12-11 23:08:09 - Ensuring compose stack is running...
2025-12-11 23:08:09 - Ensuring compose stack is running...
2025-12-11 23:08:19 - Service vinted-notifications is not running; attempting to start it.
2025-12-11 23:08:19 - Service vinted-notifications is not running; attempting to start it.
2025-12-11 23:08:19 - Ensuring compose stack is running...
2025-12-11 23:08:19 - Ensuring compose stack is running...
2025-12-11 23:08:29 - Service vinted-notifications is not running; attempting to start it.
2025-12-11 23:08:29 - Service vinted-notifications is not running; attempting to start it.
2025-12-11 23:08:29 - Ensuring compose stack is running...
2025-12-11 23:08:29 - Ensuring compose stack is running...
2025-12-11 23:08:39 - Service vinted-notifications is not running; attempting to start it.
2025-12-11 23:08:39 - Service vinted-notifications is not running; attempting to start it.
2025-12-11 23:08:39 - Ensuring compose stack is running...
2025-12-11 23:08:39 - Ensuring compose stack is running...
2025-12-11 23:08:49 - Service vinted-notifications is not running; attempting to start it.
2025-12-11 23:08:49 - Service vinted-notifications is not running; attempting to start it.
2025-12-11 23:08:49 - Ensuring compose stack is running...
2025-12-11 23:08:49 - Ensuring compose stack is running...
2025-12-11 23:09:00 - Service vinted-notifications is not running; attempting to start it.
2025-12-11 23:09:00 - Service vinted-notifications is not running; attempting to start it.
2025-12-11 23:09:00 - Ensuring compose stack is running...
2025-12-11 23:09:00 - Ensuring compose stack is running...
2025-12-11 23:09:10 - Service vinted-notifications is not running; attempting to start it.
2025-12-11 23:09:10 - Service vinted-notifications is not running; attempting to start it.
2025-12-11 23:09:10 - Ensuring compose stack is running...
2025-12-11 23:09:10 - Ensuring compose stack is running...
2025-12-11 23:09:20 - Service vinted-notifications is not running; attempting to start it.
2025-12-11 23:09:20 - Service vinted-notifications is not running; attempting to start it.
2025-12-11 23:09:20 - Ensuring compose stack is running...
2025-12-11 23:09:20 - Ensuring compose stack is running...
2025-12-11 23:09:30 - Service vinted-notifications is not running; attempting to start it.
2025-12-11 23:09:30 - Service vinted-notifications is not running; attempting to start it.
2025-12-11 23:09:30 - Ensuring compose stack is running...
2025-12-11 23:09:30 - Ensuring compose stack is running...
2025-12-11 23:09:40 - Service vinted-notifications is not running; attempting to start it.
2025-12-11 23:09:40 - Service vinted-notifications is not running; attempting to start it.
2025-12-11 23:09:40 - Ensuring compose stack is running...
2025-12-11 23:09:40 - Ensuring compose stack is running...
2025-12-11 23:09:50 - Service vinted-notifications is not running; attempting to start it.
2025-12-11 23:09:50 - Service vinted-notifications is not running; attempting to start it.
2025-12-11 23:09:50 - Ensuring compose stack is running...
2025-12-11 23:09:50 - Ensuring compose stack is running...
2025-12-11 23:10:00 - Service vinted-notifications is not running; attempting to start it.
2025-12-11 23:10:00 - Service vinted-notifications is not running; attempting to start it.
2025-12-11 23:10:00 - Ensuring compose stack is running...
2025-12-11 23:10:00 - Ensuring compose stack is running...
2025-12-11 23:10:10 - Service vinted-notifications is not running; attempting to start it.
2025-12-11 23:10:10 - Service vinted-notifications is not running; attempting to start it.
2025-12-11 23:10:10 - Ensuring compose stack is running...
2025-12-11 23:10:10 - Ensuring compose stack is running...
2025-12-11 23:10:20 - Service vinted-notifications is not running; attempting to start it.
2025-12-11 23:10:20 - Service vinted-notifications is not running; attempting to start it.
2025-12-11 23:10:20 - Ensuring compose stack is running...
2025-12-11 23:10:20 - Ensuring compose stack is running...
2025-12-11 23:10:31 - Service vinted-notifications is not running; attempting to start it.
2025-12-11 23:10:31 - Service vinted-notifications is not running; attempting to start it.
2025-12-11 23:10:31 - Ensuring compose stack is running...
2025-12-11 23:10:31 - Ensuring compose stack is running...
2025-12-11 23:10:41 - Service vinted-notifications is not running; attempting to start it.
2025-12-11 23:10:41 - Service vinted-notifications is not running; attempting to start it.
2025-12-11 23:10:41 - Ensuring compose stack is running...
2025-12-11 23:10:41 - Ensuring compose stack is running...
2025-12-11 23:10:51 - Service vinted-notifications is not running; attempting to start it.
2025-12-11 23:10:51 - Service vinted-notifications is not running; attempting to start it.
2025-12-11 23:10:51 - Ensuring compose stack is running...
2025-12-11 23:10:51 - Ensuring compose stack is running...
2025-12-11 23:11:01 - Service vinted-notifications is not running; attempting to start it.
2025-12-11 23:11:01 - Service vinted-notifications is not running; attempting to start it.
2025-12-11 23:11:01 - Ensuring compose stack is running...
2025-12-11 23:11:01 - Ensuring compose stack is running...
2025-12-11 23:11:11 - Service vinted-notifications is not running; attempting to start it.
2025-12-11 23:11:11 - Service vinted-notifications is not running; attempting to start it.
2025-12-11 23:11:11 - Ensuring compose stack is running...
2025-12-11 23:11:11 - Ensuring compose stack is running...
2025-12-11 23:11:21 - Service vinted-notifications is not running; attempting to start it.
2025-12-11 23:11:21 - Service vinted-notifications is not running; attempting to start it.
2025-12-11 23:11:21 - Ensuring compose stack is running...
2025-12-11 23:11:21 - Ensuring compose stack is running...
2025-12-11 23:11:31 - Service vinted-notifications is not running; attempting to start it.
2025-12-11 23:11:31 - Service vinted-notifications is not running; attempting to start it.
2025-12-11 23:11:31 - Ensuring compose stack is running...
2025-12-11 23:11:31 - Ensuring compose stack is running...
2025-12-11 23:11:41 - Service vinted-notifications is not running; attempting to start it.
2025-12-11 23:11:41 - Service vinted-notifications is not running; attempting to start it.
2025-12-11 23:11:41 - Ensuring compose stack is running...
2025-12-11 23:11:41 - Ensuring compose stack is running...
2025-12-11 23:11:51 - Service vinted-notifications is not running; attempting to start it.
2025-12-11 23:11:51 - Service vinted-notifications is not running; attempting to start it.
2025-12-11 23:11:51 - Ensuring compose stack is running...
2025-12-11 23:11:51 - Ensuring compose stack is running...
2025-12-11 23:12:01 - Service vinted-notifications is not running; attempting to start it.
2025-12-11 23:12:01 - Service vinted-notifications is not running; attempting to start it.
2025-12-11 23:12:01 - Ensuring compose stack is running...
2025-12-11 23:12:01 - Ensuring compose stack is running...
2025-12-11 23:12:12 - Service vinted-notifications is not running; attempting to start it.
2025-12-11 23:12:12 - Service vinted-notifications is not running; attempting to start it.
2025-12-11 23:12:12 - Ensuring compose stack is running...
2025-12-11 23:12:12 - Ensuring compose stack is running...
2025-12-11 23:12:22 - Service vinted-notifications is not running; attempting to start it.
2025-12-11 23:12:22 - Service vinted-notifications is not running; attempting to start it.
2025-12-11 23:12:22 - Ensuring compose stack is running...
2025-12-11 23:12:22 - Ensuring compose stack is running...
2025-12-11 23:12:32 - Service vinted-notifications is not running; attempting to start it.
2025-12-11 23:12:32 - Service vinted-notifications is not running; attempting to start it.
2025-12-11 23:12:32 - Ensuring compose stack is running...
2025-12-11 23:12:32 - Ensuring compose stack is running...
2025-12-11 23:12:42 - Service vinted-notifications is not running; attempting to start it.
2025-12-11 23:12:42 - Service vinted-notifications is not running; attempting to start it.
2025-12-11 23:12:42 - Ensuring compose stack is running...
2025-12-11 23:12:42 - Ensuring compose stack is running...
2025-12-11 23:12:52 - Service vinted-notifications is not running; attempting to start it.
2025-12-11 23:12:52 - Service vinted-notifications is not running; attempting to start it.
2025-12-11 23:12:52 - Ensuring compose stack is running...
2025-12-11 23:12:52 - Ensuring compose stack is running...
2025-12-11 23:13:02 - Service vinted-notifications is not running; attempting to start it.
2025-12-11 23:13:02 - Service vinted-notifications is not running; attempting to start it.
2025-12-11 23:13:02 - Ensuring compose stack is running...
2025-12-11 23:13:02 - Ensuring compose stack is running...
2025-12-11 23:13:12 - Service vinted-notifications is not running; attempting to start it.
2025-12-11 23:13:12 - Service vinted-notifications is not running; attempting to start it.
2025-12-11 23:13:12 - Ensuring compose stack is running...
2025-12-11 23:13:12 - Ensuring compose stack is running...
2025-12-11 23:13:23 - Service vinted-notifications is not running; attempting to start it.
2025-12-11 23:13:23 - Service vinted-notifications is not running; attempting to start it.
2025-12-11 23:13:23 - Ensuring compose stack is running...
2025-12-11 23:13:23 - Ensuring compose stack is running...
2025-12-11 23:13:33 - Service vinted-notifications is not running; attempting to start it.
2025-12-11 23:13:33 - Service vinted-notifications is not running; attempting to start it.
2025-12-11 23:13:33 - Ensuring compose stack is running...
2025-12-11 23:13:33 - Ensuring compose stack is running...
2025-12-11 23:13:43 - Service vinted-notifications is not running; attempting to start it.
2025-12-11 23:13:43 - Service vinted-notifications is not running; attempting to start it.
2025-12-11 23:13:43 - Ensuring compose stack is running...
2025-12-11 23:13:43 - Ensuring compose stack is running...
2025-12-11 23:13:53 - Service vinted-notifications is not running; attempting to start it.
2025-12-11 23:13:53 - Service vinted-notifications is not running; attempting to start it.
2025-12-11 23:13:53 - Ensuring compose stack is running...
2025-12-11 23:13:53 - Ensuring compose stack is running...
2025-12-11 23:14:03 - Service vinted-notifications is not running; attempting to start it.
2025-12-11 23:14:03 - Service vinted-notifications is not running; attempting to start it.
2025-12-11 23:14:03 - Ensuring compose stack is running...
2025-12-11 23:14:03 - Ensuring compose stack is running...
2025-12-11 23:14:13 - Service vinted-notifications is not running; attempting to start it.
2025-12-11 23:14:13 - Service vinted-notifications is not running; attempting to start it.
2025-12-11 23:14:13 - Ensuring compose stack is running...
2025-12-11 23:14:13 - Ensuring compose stack is running...
2025-12-11 23:14:23 - Docker daemon unreachable/unhealthy. Restarting Docker Desktop...
2025-12-11 23:14:23 - Docker daemon unreachable/unhealthy. Restarting Docker Desktop...
2025-12-11 23:14:26 - Waiting for Docker Desktop to become available...
2025-12-11 23:14:26 - Waiting for Docker Desktop to become available...
2025-12-11 23:14:28 - Docker Desktop is ready.
2025-12-11 23:14:28 - Docker Desktop is ready.
2025-12-11 23:14:30 - Docker daemon unreachable/unhealthy. Restarting Docker Desktop...
2025-12-11 23:14:30 - Docker daemon unreachable/unhealthy. Restarting Docker Desktop...
2025-12-11 23:14:33 - Waiting for Docker Desktop to become available...
2025-12-11 23:14:33 - Waiting for Docker Desktop to become available...
2025-12-15 03:16:56 - Docker Desktop is ready.
2025-12-15 03:16:56 - Docker Desktop is ready.
2025-12-15 03:16:58 - Service vinted-notifications is not running; attempting to start it.
2025-12-15 03:16:58 - Service vinted-notifications is not running; attempting to start it.
2025-12-15 03:16:58 - Ensuring compose stack is running...
2025-12-15 03:16:58 - Ensuring compose stack is running...
2025-12-15 03:16:58 - Service vinted-notifications is not running; attempting to start it.
2025-12-15 03:16:58 - Service vinted-notifications is not running; attempting to start it.
2025-12-15 03:16:58 - Ensuring compose stack is running...
2025-12-15 03:16:58 - Ensuring compose stack is running...
2025-12-15 03:17:08 - Service vinted-notifications is not running; attempting to start it.
2025-12-15 03:17:08 - Service vinted-notifications is not running; attempting to start it.
2025-12-15 03:17:08 - Ensuring compose stack is running...
2025-12-15 03:17:08 - Ensuring compose stack is running...
2025-12-15 03:17:18 - Service vinted-notifications is not running; attempting to start it.
2025-12-15 03:17:18 - Service vinted-notifications is not running; attempting to start it.
2025-12-15 03:17:18 - Ensuring compose stack is running...
2025-12-15 03:17:18 - Ensuring compose stack is running...
2025-12-15 03:17:28 - Service vinted-notifications is not running; attempting to start it.
2025-12-15 03:17:28 - Service vinted-notifications is not running; attempting to start it.
2025-12-15 03:17:28 - Ensuring compose stack is running...
2025-12-15 03:17:28 - Ensuring compose stack is running...
2025-12-15 03:17:38 - Service vinted-notifications is not running; attempting to start it.
2025-12-15 03:17:38 - Service vinted-notifications is not running; attempting to start it.
2025-12-15 03:17:38 - Ensuring compose stack is running...
2025-12-15 03:17:38 - Ensuring compose stack is running...
2025-12-15 03:17:49 - Service vinted-notifications is not running; attempting to start it.
2025-12-15 03:17:49 - Service vinted-notifications is not running; attempting to start it.
2025-12-15 03:17:49 - Ensuring compose stack is running...
2025-12-15 03:17:49 - Ensuring compose stack is running...
2025-12-15 03:17:59 - Service vinted-notifications is not running; attempting to start it.
2025-12-15 03:17:59 - Service vinted-notifications is not running; attempting to start it.
2025-12-15 03:17:59 - Ensuring compose stack is running...
2025-12-15 03:17:59 - Ensuring compose stack is running...
2025-12-15 03:18:09 - Service vinted-notifications is not running; attempting to start it.
2025-12-15 03:18:09 - Service vinted-notifications is not running; attempting to start it.
2025-12-15 03:18:09 - Ensuring compose stack is running...
2025-12-15 03:18:09 - Ensuring compose stack is running...
2025-12-15 03:18:19 - Service vinted-notifications is not running; attempting to start it.
2025-12-15 03:18:19 - Service vinted-notifications is not running; attempting to start it.
2025-12-15 03:18:19 - Ensuring compose stack is running...
2025-12-15 03:18:19 - Ensuring compose stack is running...
2025-12-15 03:18:29 - Service vinted-notifications is not running; attempting to start it.
2025-12-15 03:18:29 - Service vinted-notifications is not running; attempting to start it.
2025-12-15 03:18:29 - Ensuring compose stack is running...
2025-12-15 03:18:29 - Ensuring compose stack is running...
2025-12-15 03:18:39 - Service vinted-notifications is not running; attempting to start it.
2025-12-15 03:18:39 - Service vinted-notifications is not running; attempting to start it.
2025-12-15 03:18:39 - Ensuring compose stack is running...
2025-12-15 03:18:39 - Ensuring compose stack is running...
2025-12-15 03:18:49 - Service vinted-notifications is not running; attempting to start it.
2025-12-15 03:18:49 - Service vinted-notifications is not running; attempting to start it.
2025-12-15 03:18:49 - Ensuring compose stack is running...
2025-12-15 03:18:49 - Ensuring compose stack is running...
2025-12-15 03:18:59 - Service vinted-notifications is not running; attempting to start it.
2025-12-15 03:18:59 - Service vinted-notifications is not running; attempting to start it.
2025-12-15 03:18:59 - Ensuring compose stack is running...
2025-12-15 03:18:59 - Ensuring compose stack is running...
2025-12-15 03:19:09 - Service vinted-notifications is not running; attempting to start it.
2025-12-15 03:19:09 - Service vinted-notifications is not running; attempting to start it.
2025-12-15 03:19:10 - Ensuring compose stack is running...
2025-12-15 03:19:10 - Ensuring compose stack is running...
2025-12-15 03:19:20 - Service vinted-notifications is not running; attempting to start it.
2025-12-15 03:19:20 - Service vinted-notifications is not running; attempting to start it.
2025-12-15 03:19:20 - Ensuring compose stack is running...
2025-12-15 03:19:20 - Ensuring compose stack is running...
2025-12-15 03:19:30 - Service vinted-notifications is not running; attempting to start it.
2025-12-15 03:19:30 - Service vinted-notifications is not running; attempting to start it.
2025-12-15 03:19:30 - Ensuring compose stack is running...
2025-12-15 03:19:30 - Ensuring compose stack is running...
2025-12-15 03:19:40 - Service vinted-notifications is not running; attempting to start it.
2025-12-15 03:19:40 - Service vinted-notifications is not running; attempting to start it.
2025-12-15 03:19:40 - Ensuring compose stack is running...
2025-12-15 03:19:40 - Ensuring compose stack is running...
2025-12-15 03:19:50 - Service vinted-notifications is not running; attempting to start it.
2025-12-15 03:19:50 - Service vinted-notifications is not running; attempting to start it.
2025-12-15 03:19:50 - Ensuring compose stack is running...
2025-12-15 03:19:50 - Ensuring compose stack is running...
2025-12-15 03:20:00 - Service vinted-notifications is not running; attempting to start it.
2025-12-15 03:20:00 - Service vinted-notifications is not running; attempting to start it.
2025-12-15 03:20:00 - Ensuring compose stack is running...
2025-12-15 03:20:00 - Ensuring compose stack is running...
2025-12-15 03:20:10 - Service vinted-notifications is not running; attempting to start it.
2025-12-15 03:20:10 - Service vinted-notifications is not running; attempting to start it.
2025-12-15 03:20:10 - Ensuring compose stack is running...
2025-12-15 03:20:10 - Ensuring compose stack is running...
2025-12-15 03:20:20 - Service vinted-notifications is not running; attempting to start it.
2025-12-15 03:20:20 - Service vinted-notifications is not running; attempting to start it.
2025-12-15 03:20:20 - Ensuring compose stack is running...
2025-12-15 03:20:20 - Ensuring compose stack is running...
2025-12-15 03:20:30 - Service vinted-notifications is not running; attempting to start it.
2025-12-15 03:20:30 - Service vinted-notifications is not running; attempting to start it.
2025-12-15 03:20:30 - Ensuring compose stack is running...
2025-12-15 03:20:30 - Ensuring compose stack is running...
2025-12-15 03:20:41 - Service vinted-notifications is not running; attempting to start it.
2025-12-15 03:20:41 - Service vinted-notifications is not running; attempting to start it.
2025-12-15 03:20:41 - Ensuring compose stack is running...
2025-12-15 03:20:41 - Ensuring compose stack is running...
2025-12-15 03:20:51 - Service vinted-notifications is not running; attempting to start it.
2025-12-15 03:20:51 - Service vinted-notifications is not running; attempting to start it.
2025-12-15 03:20:51 - Ensuring compose stack is running...
2025-12-15 03:20:51 - Ensuring compose stack is running...
2025-12-15 03:21:01 - Service vinted-notifications is not running; attempting to start it.
2025-12-15 03:21:01 - Service vinted-notifications is not running; attempting to start it.
2025-12-15 03:21:01 - Ensuring compose stack is running...
2025-12-15 03:21:01 - Ensuring compose stack is running...
2025-12-15 03:21:11 - Service vinted-notifications is not running; attempting to start it.
2025-12-15 03:21:11 - Service vinted-notifications is not running; attempting to start it.
2025-12-15 03:21:11 - Ensuring compose stack is running...
2025-12-15 03:21:11 - Ensuring compose stack is running...
2025-12-15 03:21:21 - Service vinted-notifications is not running; attempting to start it.
2025-12-15 03:21:21 - Service vinted-notifications is not running; attempting to start it.
2025-12-15 03:21:21 - Ensuring compose stack is running...
2025-12-15 03:21:21 - Ensuring compose stack is running...
2025-12-15 03:21:31 - Service vinted-notifications is not running; attempting to start it.
2025-12-15 03:21:31 - Service vinted-notifications is not running; attempting to start it.
2025-12-15 03:21:31 - Ensuring compose stack is running...
2025-12-15 03:21:31 - Ensuring compose stack is running...
2025-12-15 03:21:41 - Service vinted-notifications is not running; attempting to start it.
2025-12-15 03:21:41 - Service vinted-notifications is not running; attempting to start it.
2025-12-15 03:21:41 - Ensuring compose stack is running...
2025-12-15 03:21:41 - Ensuring compose stack is running...
2025-12-15 03:21:51 - Service vinted-notifications is not running; attempting to start it.
2025-12-15 03:21:51 - Service vinted-notifications is not running; attempting to start it.
2025-12-15 03:21:51 - Ensuring compose stack is running...
2025-12-15 03:21:51 - Ensuring compose stack is running...
2025-12-15 03:22:01 - Service vinted-notifications is not running; attempting to start it.
2025-12-15 03:22:01 - Service vinted-notifications is not running; attempting to start it.
2025-12-15 03:22:01 - Ensuring compose stack is running...
2025-12-15 03:22:01 - Ensuring compose stack is running...
2025-12-15 03:22:12 - Service vinted-notifications is not running; attempting to start it.
2025-12-15 03:22:12 - Service vinted-notifications is not running; attempting to start it.
2025-12-15 03:22:12 - Ensuring compose stack is running...
2025-12-15 03:22:12 - Ensuring compose stack is running...
2025-12-15 03:22:22 - Service vinted-notifications is not running; attempting to start it.
2025-12-15 03:22:22 - Service vinted-notifications is not running; attempting to start it.
2025-12-15 03:22:22 - Ensuring compose stack is running...
2025-12-15 03:22:22 - Ensuring compose stack is running...
2025-12-15 03:22:32 - Service vinted-notifications is not running; attempting to start it.
2025-12-15 03:22:32 - Service vinted-notifications is not running; attempting to start it.
2025-12-15 03:22:32 - Ensuring compose stack is running...
2025-12-15 03:22:32 - Ensuring compose stack is running...
2025-12-15 03:22:42 - Service vinted-notifications is not running; attempting to start it.
2025-12-15 03:22:42 - Service vinted-notifications is not running; attempting to start it.
2025-12-15 03:22:42 - Ensuring compose stack is running...
2025-12-15 03:22:42 - Ensuring compose stack is running...
2025-12-15 03:22:52 - Service vinted-notifications is not running; attempting to start it.
2025-12-15 03:22:52 - Service vinted-notifications is not running; attempting to start it.
2025-12-15 03:22:52 - Ensuring compose stack is running...
2025-12-15 03:22:52 - Ensuring compose stack is running...
2025-12-15 03:23:02 - Service vinted-notifications is not running; attempting to start it.
2025-12-15 03:23:02 - Service vinted-notifications is not running; attempting to start it.
2025-12-15 03:23:02 - Ensuring compose stack is running...
2025-12-15 03:23:02 - Ensuring compose stack is running...
2025-12-15 03:23:12 - Service vinted-notifications is not running; attempting to start it.
2025-12-15 03:23:12 - Service vinted-notifications is not running; attempting to start it.
2025-12-15 03:23:12 - Ensuring compose stack is running...
2025-12-15 03:23:12 - Ensuring compose stack is running...
2025-12-15 03:23:23 - Service vinted-notifications is not running; attempting to start it.
2025-12-15 03:23:23 - Service vinted-notifications is not running; attempting to start it.
2025-12-15 03:23:23 - Ensuring compose stack is running...
2025-12-15 03:23:23 - Ensuring compose stack is running...
2025-12-15 03:23:33 - Service vinted-notifications is not running; attempting to start it.
2025-12-15 03:23:33 - Service vinted-notifications is not running; attempting to start it.
2025-12-15 03:23:33 - Ensuring compose stack is running...
2025-12-15 03:23:33 - Ensuring compose stack is running...
2025-12-15 03:23:43 - Service vinted-notifications is not running; attempting to start it.
2025-12-15 03:23:43 - Service vinted-notifications is not running; attempting to start it.
2025-12-15 03:23:43 - Ensuring compose stack is running...
2025-12-15 03:23:43 - Ensuring compose stack is running...
2025-12-15 03:23:53 - Service vinted-notifications is not running; attempting to start it.
2025-12-15 03:23:53 - Service vinted-notifications is not running; attempting to start it.
2025-12-15 03:23:53 - Ensuring compose stack is running...
2025-12-15 03:23:53 - Ensuring compose stack is running...
2025-12-15 03:24:03 - Service vinted-notifications is not running; attempting to start it.
2025-12-15 03:24:03 - Service vinted-notifications is not running; attempting to start it.
2025-12-15 03:24:03 - Ensuring compose stack is running...
2025-12-15 03:24:03 - Ensuring compose stack is running...
2025-12-15 03:24:13 - Service vinted-notifications is not running; attempting to start it.
2025-12-15 03:24:13 - Service vinted-notifications is not running; attempting to start it.
2025-12-15 03:24:13 - Ensuring compose stack is running...
2025-12-15 03:24:13 - Ensuring compose stack is running...
2025-12-15 03:24:24 - Service vinted-notifications is not running; attempting to start it.
2025-12-15 03:24:24 - Service vinted-notifications is not running; attempting to start it.
2025-12-15 03:24:24 - Ensuring compose stack is running...
2025-12-15 03:24:24 - Ensuring compose stack is running...
2025-12-15 03:24:34 - Service vinted-notifications is not running; attempting to start it.
2025-12-15 03:24:34 - Service vinted-notifications is not running; attempting to start it.
2025-12-15 03:24:34 - Ensuring compose stack is running...
2025-12-15 03:24:34 - Ensuring compose stack is running...
2025-12-15 03:24:44 - Service vinted-notifications is not running; attempting to start it.
2025-12-15 03:24:44 - Service vinted-notifications is not running; attempting to start it.
2025-12-15 03:24:44 - Ensuring compose stack is running...
2025-12-15 03:24:44 - Ensuring compose stack is running...
2025-12-15 03:24:54 - Service vinted-notifications is not running; attempting to start it.
2025-12-15 03:24:54 - Service vinted-notifications is not running; attempting to start it.
2025-12-15 03:24:54 - Ensuring compose stack is running...
2025-12-15 03:24:54 - Ensuring compose stack is running...
2025-12-15 03:25:04 - Service vinted-notifications is not running; attempting to start it.
2025-12-15 03:25:04 - Service vinted-notifications is not running; attempting to start it.
2025-12-15 03:25:04 - Ensuring compose stack is running...
2025-12-15 03:25:04 - Ensuring compose stack is running...
2025-12-15 03:25:14 - Service vinted-notifications is not running; attempting to start it.
2025-12-15 03:25:14 - Service vinted-notifications is not running; attempting to start it.
2025-12-15 03:25:14 - Ensuring compose stack is running...
2025-12-15 03:25:14 - Ensuring compose stack is running...
2025-12-15 03:25:24 - Service vinted-notifications is not running; attempting to start it.
2025-12-15 03:25:24 - Service vinted-notifications is not running; attempting to start it.
2025-12-15 03:25:24 - Ensuring compose stack is running...
2025-12-15 03:25:24 - Ensuring compose stack is running...
2025-12-15 03:25:34 - Service vinted-notifications is not running; attempting to start it.
2025-12-15 03:25:34 - Service vinted-notifications is not running; attempting to start it.
2025-12-15 03:25:34 - Ensuring compose stack is running...
2025-12-15 03:25:34 - Ensuring compose stack is running...
2025-12-15 03:25:45 - Service vinted-notifications is not running; attempting to start it.
2025-12-15 03:25:45 - Service vinted-notifications is not running; attempting to start it.
2025-12-15 03:25:45 - Ensuring compose stack is running...
2025-12-15 03:25:45 - Ensuring compose stack is running...
2025-12-15 03:25:55 - Service vinted-notifications is not running; attempting to start it.
2025-12-15 03:25:55 - Service vinted-notifications is not running; attempting to start it.
2025-12-15 03:25:55 - Ensuring compose stack is running...
2025-12-15 03:25:55 - Ensuring compose stack is running...
2025-12-15 03:26:05 - Service vinted-notifications is not running; attempting to start it.
2025-12-15 03:26:05 - Service vinted-notifications is not running; attempting to start it.
2025-12-15 03:26:05 - Ensuring compose stack is running...
2025-12-15 03:26:05 - Ensuring compose stack is running...
2025-12-15 03:26:15 - Service vinted-notifications is not running; attempting to start it.
2025-12-15 03:26:15 - Service vinted-notifications is not running; attempting to start it.
2025-12-15 03:26:15 - Ensuring compose stack is running...
2025-12-15 03:26:15 - Ensuring compose stack is running...
2025-12-15 03:26:25 - Service vinted-notifications is not running; attempting to start it.
2025-12-15 03:26:25 - Service vinted-notifications is not running; attempting to start it.
2025-12-15 03:26:25 - Ensuring compose stack is running...
2025-12-15 03:26:25 - Ensuring compose stack is running...
2025-12-15 03:26:35 - Service vinted-notifications is not running; attempting to start it.
2025-12-15 03:26:35 - Service vinted-notifications is not running; attempting to start it.
2025-12-15 03:26:35 - Ensuring compose stack is running...
2025-12-15 03:26:35 - Ensuring compose stack is running...
2025-12-15 03:26:45 - Service vinted-notifications is not running; attempting to start it.
2025-12-15 03:26:45 - Service vinted-notifications is not running; attempting to start it.
2025-12-15 03:26:45 - Ensuring compose stack is running...
2025-12-15 03:26:45 - Ensuring compose stack is running...
2025-12-15 03:26:55 - Service vinted-notifications is not running; attempting to start it.
2025-12-15 03:26:55 - Service vinted-notifications is not running; attempting to start it.
2025-12-15 03:26:55 - Ensuring compose stack is running...
2025-12-15 03:26:55 - Ensuring compose stack is running...
2025-12-15 03:27:05 - Service vinted-notifications is not running; attempting to start it.
2025-12-15 03:27:05 - Service vinted-notifications is not running; attempting to start it.
2025-12-15 03:27:05 - Ensuring compose stack is running...
2025-12-15 03:27:05 - Ensuring compose stack is running...
2025-12-15 03:27:16 - Service vinted-notifications is not running; attempting to start it.
2025-12-15 03:27:16 - Service vinted-notifications is not running; attempting to start it.
2025-12-15 03:27:16 - Ensuring compose stack is running...
2025-12-15 03:27:16 - Ensuring compose stack is running...
2025-12-15 03:27:26 - Service vinted-notifications is not running; attempting to start it.
2025-12-15 03:27:26 - Service vinted-notifications is not running; attempting to start it.
2025-12-15 03:27:26 - Ensuring compose stack is running...
2025-12-15 03:27:26 - Ensuring compose stack is running...
2025-12-15 03:27:36 - Service vinted-notifications is not running; attempting to start it.
2025-12-15 03:27:36 - Service vinted-notifications is not running; attempting to start it.
2025-12-15 03:27:36 - Ensuring compose stack is running...
2025-12-15 03:27:36 - Ensuring compose stack is running...
2025-12-15 03:27:46 - Service vinted-notifications is not running; attempting to start it.
2025-12-15 03:27:46 - Service vinted-notifications is not running; attempting to start it.
2025-12-15 03:27:46 - Ensuring compose stack is running...
2025-12-15 03:27:46 - Ensuring compose stack is running...
2025-12-15 03:27:56 - Service vinted-notifications is not running; attempting to start it.
2025-12-15 03:27:56 - Service vinted-notifications is not running; attempting to start it.
2025-12-15 03:27:56 - Ensuring compose stack is running...
2025-12-15 03:27:56 - Ensuring compose stack is running...
2025-12-15 03:28:06 - Service vinted-notifications is not running; attempting to start it.
2025-12-15 03:28:06 - Service vinted-notifications is not running; attempting to start it.
2025-12-15 03:28:06 - Ensuring compose stack is running...
2025-12-15 03:28:06 - Ensuring compose stack is running...
2025-12-15 03:28:16 - Service vinted-notifications is not running; attempting to start it.
2025-12-15 03:28:16 - Service vinted-notifications is not running; attempting to start it.
2025-12-15 03:28:16 - Ensuring compose stack is running...
2025-12-15 03:28:16 - Ensuring compose stack is running...
2025-12-15 03:28:26 - Service vinted-notifications is not running; attempting to start it.
2025-12-15 03:28:26 - Service vinted-notifications is not running; attempting to start it.
2025-12-15 03:28:26 - Ensuring compose stack is running...
2025-12-15 03:28:26 - Ensuring compose stack is running...
2025-12-15 03:28:36 - Service vinted-notifications is not running; attempting to start it.
2025-12-15 03:28:36 - Service vinted-notifications is not running; attempting to start it.
2025-12-15 03:28:36 - Ensuring compose stack is running...
2025-12-15 03:28:36 - Ensuring compose stack is running...
2025-12-15 03:28:47 - Service vinted-notifications is not running; attempting to start it.
2025-12-15 03:28:47 - Service vinted-notifications is not running; attempting to start it.
2025-12-15 03:28:47 - Ensuring compose stack is running...
2025-12-15 03:28:47 - Ensuring compose stack is running...
2025-12-15 03:28:57 - Docker daemon unreachable/unhealthy. Restarting Docker Desktop...
2025-12-15 03:28:57 - Docker daemon unreachable/unhealthy. Restarting Docker Desktop...
2025-12-15 03:28:59 - Waiting for Docker Desktop to become available...
2025-12-15 03:28:59 - Waiting for Docker Desktop to become available...
2025-12-16 02:21:39 - Docker Desktop is ready.
2025-12-16 02:21:39 - Docker Desktop is ready.
2025-12-16 02:21:41 - Docker daemon unreachable/unhealthy. Restarting Docker Desktop...
2025-12-16 02:21:41 - Docker daemon unreachable/unhealthy. Restarting Docker Desktop...
2025-12-16 02:21:43 - Waiting for Docker Desktop to become available...
2025-12-16 02:21:43 - Waiting for Docker Desktop to become available...
2025-12-16 02:22:00 - Docker Desktop is ready.
2025-12-16 02:22:00 - Docker Desktop is ready.
2025-12-16 02:22:03 - Docker daemon unreachable/unhealthy. Restarting Docker Desktop...
2025-12-16 02:22:03 - Docker daemon unreachable/unhealthy. Restarting Docker Desktop...
2025-12-16 02:22:05 - Waiting for Docker Desktop to become available...
2025-12-16 02:22:05 - Waiting for Docker Desktop to become available...
2025-12-16 02:22:26 - Docker daemon unreachable/unhealthy. Restarting Docker Desktop...
2025-12-16 02:22:26 - Docker daemon unreachable/unhealthy. Restarting Docker Desktop...
2025-12-16 02:22:28 - Waiting for Docker Desktop to become available...
2025-12-16 02:22:28 - Waiting for Docker Desktop to become available...
2025-12-16 11:15:51 - Docker Desktop is ready.
2025-12-16 11:15:51 - Docker Desktop is ready.
2025-12-16 11:15:54 - Service vinted-notifications is not running; attempting to start it.
2025-12-16 11:15:54 - Service vinted-notifications is not running; attempting to start it.
2025-12-16 11:15:54 - Ensuring compose stack is running...
2025-12-16 11:15:54 - Ensuring compose stack is running...
2025-12-16 11:15:54 - Service vinted-notifications is not running; attempting to start it.
2025-12-16 11:15:54 - Service vinted-notifications is not running; attempting to start it.
2025-12-16 11:15:54 - Ensuring compose stack is running...
2025-12-16 11:15:54 - Ensuring compose stack is running...
2025-12-16 11:16:04 - Service vinted-notifications is not running; attempting to start it.
2025-12-16 11:16:04 - Service vinted-notifications is not running; attempting to start it.
2025-12-16 11:16:04 - Ensuring compose stack is running...
2025-12-16 11:16:04 - Ensuring compose stack is running...
2025-12-16 11:16:14 - Service vinted-notifications is not running; attempting to start it.
2025-12-16 11:16:14 - Service vinted-notifications is not running; attempting to start it.
2025-12-16 11:16:14 - Ensuring compose stack is running...
2025-12-16 11:16:14 - Ensuring compose stack is running...
2025-12-16 11:16:24 - Service vinted-notifications is not running; attempting to start it.
2025-12-16 11:16:24 - Service vinted-notifications is not running; attempting to start it.
2025-12-16 11:16:24 - Ensuring compose stack is running...
2025-12-16 11:16:24 - Ensuring compose stack is running...
2025-12-16 11:16:34 - Service vinted-notifications is not running; attempting to start it.
2025-12-16 11:16:34 - Service vinted-notifications is not running; attempting to start it.
2025-12-16 11:16:34 - Ensuring compose stack is running...
2025-12-16 11:16:34 - Ensuring compose stack is running...
2025-12-16 11:16:44 - Service vinted-notifications is not running; attempting to start it.
2025-12-16 11:16:44 - Service vinted-notifications is not running; attempting to start it.
2025-12-16 11:16:44 - Ensuring compose stack is running...
2025-12-16 11:16:44 - Ensuring compose stack is running...
2025-12-16 11:16:54 - Service vinted-notifications is not running; attempting to start it.
2025-12-16 11:16:54 - Service vinted-notifications is not running; attempting to start it.
2025-12-16 11:16:54 - Ensuring compose stack is running...
2025-12-16 11:16:54 - Ensuring compose stack is running...
2025-12-16 11:17:05 - Service vinted-notifications is not running; attempting to start it.
2025-12-16 11:17:05 - Service vinted-notifications is not running; attempting to start it.
2025-12-16 11:17:05 - Ensuring compose stack is running...
2025-12-16 11:17:05 - Ensuring compose stack is running...
2025-12-16 11:17:15 - Service vinted-notifications is not running; attempting to start it.
2025-12-16 11:17:15 - Service vinted-notifications is not running; attempting to start it.
2025-12-16 11:17:15 - Ensuring compose stack is running...
2025-12-16 11:17:15 - Ensuring compose stack is running...
2025-12-16 11:17:25 - Service vinted-notifications is not running; attempting to start it.
2025-12-16 11:17:25 - Service vinted-notifications is not running; attempting to start it.
2025-12-16 11:17:25 - Ensuring compose stack is running...
2025-12-16 11:17:25 - Ensuring compose stack is running...
2025-12-16 11:17:35 - Service vinted-notifications is not running; attempting to start it.
2025-12-16 11:17:35 - Service vinted-notifications is not running; attempting to start it.
2025-12-16 11:17:35 - Ensuring compose stack is running...
2025-12-16 11:17:35 - Ensuring compose stack is running...
2025-12-16 11:17:45 - Service vinted-notifications is not running; attempting to start it.
2025-12-16 11:17:45 - Service vinted-notifications is not running; attempting to start it.
2025-12-16 11:17:45 - Ensuring compose stack is running...
2025-12-16 11:17:45 - Ensuring compose stack is running...
2025-12-16 11:17:55 - Service vinted-notifications is not running; attempting to start it.
2025-12-16 11:17:55 - Service vinted-notifications is not running; attempting to start it.
2025-12-16 11:17:55 - Ensuring compose stack is running...
2025-12-16 11:17:55 - Ensuring compose stack is running...
2025-12-16 11:18:05 - Service vinted-notifications is not running; attempting to start it.
2025-12-16 11:18:05 - Service vinted-notifications is not running; attempting to start it.
2025-12-16 11:18:05 - Ensuring compose stack is running...
2025-12-16 11:18:05 - Ensuring compose stack is running...
2025-12-16 11:18:15 - Service vinted-notifications is not running; attempting to start it.
2025-12-16 11:18:15 - Service vinted-notifications is not running; attempting to start it.
2025-12-16 11:18:15 - Ensuring compose stack is running...
2025-12-16 11:18:15 - Ensuring compose stack is running...
2025-12-16 11:18:25 - Service vinted-notifications is not running; attempting to start it.
2025-12-16 11:18:25 - Service vinted-notifications is not running; attempting to start it.
2025-12-16 11:18:25 - Ensuring compose stack is running...
2025-12-16 11:18:25 - Ensuring compose stack is running...
2025-12-16 11:18:35 - Service vinted-notifications is not running; attempting to start it.
2025-12-16 11:18:35 - Service vinted-notifications is not running; attempting to start it.
2025-12-16 11:18:35 - Ensuring compose stack is running...
2025-12-16 11:18:35 - Ensuring compose stack is running...
2025-12-16 11:18:46 - Service vinted-notifications is not running; attempting to start it.
2025-12-16 11:18:46 - Service vinted-notifications is not running; attempting to start it.
2025-12-16 11:18:46 - Ensuring compose stack is running...
2025-12-16 11:18:46 - Ensuring compose stack is running...
2025-12-16 11:18:56 - Service vinted-notifications is not running; attempting to start it.
2025-12-16 11:18:56 - Service vinted-notifications is not running; attempting to start it.
2025-12-16 11:18:56 - Ensuring compose stack is running...
2025-12-16 11:18:56 - Ensuring compose stack is running...
2025-12-16 11:19:06 - Service vinted-notifications is not running; attempting to start it.
2025-12-16 11:19:06 - Service vinted-notifications is not running; attempting to start it.
2025-12-16 11:19:06 - Ensuring compose stack is running...
2025-12-16 11:19:06 - Ensuring compose stack is running...
2025-12-16 11:19:16 - Service vinted-notifications is not running; attempting to start it.
2025-12-16 11:19:16 - Service vinted-notifications is not running; attempting to start it.
2025-12-16 11:19:16 - Ensuring compose stack is running...
2025-12-16 11:19:16 - Ensuring compose stack is running...
2025-12-16 11:19:26 - Service vinted-notifications is not running; attempting to start it.
2025-12-16 11:19:26 - Service vinted-notifications is not running; attempting to start it.
2025-12-16 11:19:26 - Ensuring compose stack is running...
2025-12-16 11:19:26 - Ensuring compose stack is running...
2025-12-16 11:19:36 - Service vinted-notifications is not running; attempting to start it.
2025-12-16 11:19:36 - Service vinted-notifications is not running; attempting to start it.
2025-12-16 11:19:36 - Ensuring compose stack is running...
2025-12-16 11:19:36 - Ensuring compose stack is running...
2025-12-16 11:19:46 - Service vinted-notifications is not running; attempting to start it.
2025-12-16 11:19:46 - Service vinted-notifications is not running; attempting to start it.
2025-12-16 11:19:46 - Ensuring compose stack is running...
2025-12-16 11:19:46 - Ensuring compose stack is running...
2025-12-16 11:19:57 - Service vinted-notifications is not running; attempting to start it.
2025-12-16 11:19:57 - Service vinted-notifications is not running; attempting to start it.
2025-12-16 11:19:57 - Ensuring compose stack is running...
2025-12-16 11:19:57 - Ensuring compose stack is running...
2025-12-16 11:20:07 - Service vinted-notifications is not running; attempting to start it.
2025-12-16 11:20:07 - Service vinted-notifications is not running; attempting to start it.
2025-12-16 11:20:07 - Ensuring compose stack is running...
2025-12-16 11:20:07 - Ensuring compose stack is running...
2025-12-16 11:20:17 - Service vinted-notifications is not running; attempting to start it.
2025-12-16 11:20:17 - Service vinted-notifications is not running; attempting to start it.
2025-12-16 11:20:17 - Ensuring compose stack is running...
2025-12-16 11:20:17 - Ensuring compose stack is running...
2025-12-16 11:20:27 - Service vinted-notifications is not running; attempting to start it.
2025-12-16 11:20:27 - Service vinted-notifications is not running; attempting to start it.
2025-12-16 11:20:27 - Ensuring compose stack is running...
2025-12-16 11:20:27 - Ensuring compose stack is running...
2025-12-16 11:20:37 - Service vinted-notifications is not running; attempting to start it.
2025-12-16 11:20:37 - Service vinted-notifications is not running; attempting to start it.
2025-12-16 11:20:37 - Ensuring compose stack is running...
2025-12-16 11:20:37 - Ensuring compose stack is running...
2025-12-16 11:20:47 - Service vinted-notifications is not running; attempting to start it.
2025-12-16 11:20:47 - Service vinted-notifications is not running; attempting to start it.
2025-12-16 11:20:47 - Ensuring compose stack is running...
2025-12-16 11:20:47 - Ensuring compose stack is running...
2025-12-16 11:20:57 - Service vinted-notifications is not running; attempting to start it.
2025-12-16 11:20:57 - Service vinted-notifications is not running; attempting to start it.
2025-12-16 11:20:57 - Ensuring compose stack is running...
2025-12-16 11:20:57 - Ensuring compose stack is running...
2025-12-16 11:21:07 - Service vinted-notifications is not running; attempting to start it.
2025-12-16 11:21:07 - Service vinted-notifications is not running; attempting to start it.
2025-12-16 11:21:07 - Ensuring compose stack is running...
2025-12-16 11:21:07 - Ensuring compose stack is running...
2025-12-16 11:21:17 - Service vinted-notifications is not running; attempting to start it.
2025-12-16 11:21:17 - Service vinted-notifications is not running; attempting to start it.
2025-12-16 11:21:17 - Ensuring compose stack is running...
2025-12-16 11:21:17 - Ensuring compose stack is running...
2025-12-16 11:21:28 - Service vinted-notifications is not running; attempting to start it.
2025-12-16 11:21:28 - Service vinted-notifications is not running; attempting to start it.
2025-12-16 11:21:28 - Ensuring compose stack is running...
2025-12-16 11:21:28 - Ensuring compose stack is running...
2025-12-16 11:21:38 - Service vinted-notifications is not running; attempting to start it.
2025-12-16 11:21:38 - Service vinted-notifications is not running; attempting to start it.
2025-12-16 11:21:38 - Ensuring compose stack is running...
2025-12-16 11:21:38 - Ensuring compose stack is running...
2025-12-16 11:21:48 - Service vinted-notifications is not running; attempting to start it.
2025-12-16 11:21:48 - Service vinted-notifications is not running; attempting to start it.
2025-12-16 11:21:48 - Ensuring compose stack is running...
2025-12-16 11:21:48 - Ensuring compose stack is running...
2025-12-16 11:21:58 - Service vinted-notifications is not running; attempting to start it.
2025-12-16 11:21:58 - Service vinted-notifications is not running; attempting to start it.
2025-12-16 11:21:58 - Ensuring compose stack is running...
2025-12-16 11:21:58 - Ensuring compose stack is running...
2025-12-16 11:22:08 - Service vinted-notifications is not running; attempting to start it.
2025-12-16 11:22:08 - Service vinted-notifications is not running; attempting to start it.
2025-12-16 11:22:08 - Ensuring compose stack is running...
2025-12-16 11:22:08 - Ensuring compose stack is running...
2025-12-16 11:22:18 - Service vinted-notifications is not running; attempting to start it.
2025-12-16 11:22:18 - Service vinted-notifications is not running; attempting to start it.
2025-12-16 11:22:18 - Ensuring compose stack is running...
2025-12-16 11:22:18 - Ensuring compose stack is running...
2025-12-16 11:22:28 - Service vinted-notifications is not running; attempting to start it.
2025-12-16 11:22:28 - Service vinted-notifications is not running; attempting to start it.
2025-12-16 11:22:28 - Ensuring compose stack is running...
2025-12-16 11:22:28 - Ensuring compose stack is running...
2025-12-16 11:22:38 - Service vinted-notifications is not running; attempting to start it.
2025-12-16 11:22:38 - Service vinted-notifications is not running; attempting to start it.
2025-12-16 11:22:38 - Ensuring compose stack is running...
2025-12-16 11:22:38 - Ensuring compose stack is running...
2025-12-16 11:22:48 - Service vinted-notifications is not running; attempting to start it.
2025-12-16 11:22:48 - Service vinted-notifications is not running; attempting to start it.
2025-12-16 11:22:48 - Ensuring compose stack is running...
2025-12-16 11:22:48 - Ensuring compose stack is running...
2025-12-16 11:22:59 - Service vinted-notifications is not running; attempting to start it.
2025-12-16 11:22:59 - Service vinted-notifications is not running; attempting to start it.
2025-12-16 11:22:59 - Ensuring compose stack is running...
2025-12-16 11:22:59 - Ensuring compose stack is running...
2025-12-16 11:23:09 - Service vinted-notifications is not running; attempting to start it.
2025-12-16 11:23:09 - Service vinted-notifications is not running; attempting to start it.
2025-12-16 11:23:09 - Ensuring compose stack is running...
2025-12-16 11:23:09 - Ensuring compose stack is running...
2025-12-16 11:23:19 - Service vinted-notifications is not running; attempting to start it.
2025-12-16 11:23:19 - Service vinted-notifications is not running; attempting to start it.
2025-12-16 11:23:19 - Ensuring compose stack is running...
2025-12-16 11:23:19 - Ensuring compose stack is running...
2025-12-16 11:23:30 - Service vinted-notifications is not running; attempting to start it.
2025-12-16 11:23:30 - Service vinted-notifications is not running; attempting to start it.
2025-12-16 11:23:30 - Ensuring compose stack is running...
2025-12-16 11:23:30 - Ensuring compose stack is running...
2025-12-16 11:23:41 - Service vinted-notifications is not running; attempting to start it.
2025-12-16 11:23:41 - Service vinted-notifications is not running; attempting to start it.
2025-12-16 11:23:41 - Ensuring compose stack is running...
2025-12-16 11:23:41 - Ensuring compose stack is running...
2025-12-16 11:23:50 - Service vinted-notifications is not running; attempting to start it.
2025-12-16 11:23:50 - Service vinted-notifications is not running; attempting to start it.
2025-12-16 11:23:50 - Ensuring compose stack is running...
2025-12-16 11:23:50 - Ensuring compose stack is running...
2025-12-16 11:24:01 - Service vinted-notifications is not running; attempting to start it.
2025-12-16 11:24:01 - Service vinted-notifications is not running; attempting to start it.
2025-12-16 11:24:01 - Ensuring compose stack is running...
2025-12-16 11:24:01 - Ensuring compose stack is running...
2025-12-16 11:24:12 - Service vinted-notifications is not running; attempting to start it.
2025-12-16 11:24:12 - Service vinted-notifications is not running; attempting to start it.
2025-12-16 11:24:12 - Ensuring compose stack is running...
2025-12-16 11:24:12 - Ensuring compose stack is running...
2025-12-16 11:24:22 - Service vinted-notifications is not running; attempting to start it.
2025-12-16 11:24:22 - Service vinted-notifications is not running; attempting to start it.
2025-12-16 11:24:22 - Ensuring compose stack is running...
2025-12-16 11:24:22 - Ensuring compose stack is running...
2025-12-16 11:24:32 - Service vinted-notifications is not running; attempting to start it.
2025-12-16 11:24:32 - Service vinted-notifications is not running; attempting to start it.
2025-12-16 11:24:32 - Ensuring compose stack is running...
2025-12-16 11:24:32 - Ensuring compose stack is running...
2025-12-16 11:24:42 - Service vinted-notifications is not running; attempting to start it.
2025-12-16 11:24:42 - Service vinted-notifications is not running; attempting to start it.
2025-12-16 11:24:42 - Ensuring compose stack is running...
2025-12-16 11:24:42 - Ensuring compose stack is running...
2025-12-16 11:24:53 - Service vinted-notifications is not running; attempting to start it.
2025-12-16 11:24:53 - Service vinted-notifications is not running; attempting to start it.
2025-12-16 11:24:53 - Ensuring compose stack is running...
2025-12-16 11:24:53 - Ensuring compose stack is running...
2025-12-16 11:25:03 - Service vinted-notifications is not running; attempting to start it.
2025-12-16 11:25:03 - Service vinted-notifications is not running; attempting to start it.
2025-12-16 11:25:03 - Ensuring compose stack is running...
2025-12-16 11:25:03 - Ensuring compose stack is running...
2025-12-16 11:25:13 - Service vinted-notifications is not running; attempting to start it.
2025-12-16 11:25:13 - Service vinted-notifications is not running; attempting to start it.
2025-12-16 11:25:13 - Ensuring compose stack is running...
2025-12-16 11:25:13 - Ensuring compose stack is running...
2025-12-16 11:25:23 - Service vinted-notifications is not running; attempting to start it.
2025-12-16 11:25:23 - Service vinted-notifications is not running; attempting to start it.
2025-12-16 11:25:23 - Ensuring compose stack is running...
2025-12-16 11:25:23 - Ensuring compose stack is running...
2025-12-16 11:25:33 - Service vinted-notifications is not running; attempting to start it.
2025-12-16 11:25:33 - Service vinted-notifications is not running; attempting to start it.
2025-12-16 11:25:33 - Ensuring compose stack is running...
2025-12-16 11:25:33 - Ensuring compose stack is running...
2025-12-16 11:25:44 - Service vinted-notifications is not running; attempting to start it.
2025-12-16 11:25:44 - Service vinted-notifications is not running; attempting to start it.
2025-12-16 11:25:44 - Ensuring compose stack is running...
2025-12-16 11:25:44 - Ensuring compose stack is running...
